Date,Open,High,Low,Close,Volume,Adj Close,percent_from_mean
2010-06-10,29.190001,29.85,29.030001,29.799999,4426600,26.503651,-37.2582432058
2010-06-11,29.59,29.99,29.23,29.98,2747800,26.66374,-36.8792665469
2010-06-14,30.209999,30.549999,29.93,29.950001,3425100,26.63706,-36.9424257725
2010-06-15,30.129999,30.719999,29.92,30.67,3133100,27.277416,-35.4265191371
2010-06-16,30.49,30.51,30.120001,30.219999,4537900,26.877192,-36.3739643351
2010-06-17,30.33,30.370001,29.870001,30.059999,5162100,26.734891,-36.7108316872
2010-06-18,30.17,30.610001,30.040001,30.540001,4636400,27.161796,-35.7002248963
2010-06-21,30.84,30.93,30.110001,30.27,3675100,26.921662,-36.2686910683
2010-06-22,30.26,31.040001,30.200001,30.549999,6784500,27.170689,-35.6791726102
2010-06-23,30.530001,30.67,30.17,30.450001,6765400,27.081752,-35.8897120421
2010-06-24,30.25,30.35,29.5,29.57,5300000,26.299093,-37.7424907642
2010-06-25,29.790001,30.85,29.43,30.83,9614800,27.419717,-35.0896517849
2010-06-28,30.82,30.940001,29.93,30.0,4831700,26.681528,-36.8371572402
2010-06-29,29.65,29.700001,28.83,29.01,6005600,25.801038,-38.9215300475
2010-06-30,29.110001,29.280001,28.68,28.73,5248400,25.55201,-39.5110508728
2010-07-01,28.870001,28.870001,27.969999,28.389999,6115400,25.249619,-40.2268972511
2010-07-02,28.629999,28.84,28.01,28.280001,3330100,25.151788,-40.4584913363
2010-07-06,28.610001,28.799999,27.690001,27.93,4988300,24.840503,-41.1953923679
2010-07-07,27.92,28.889999,27.82,28.809999,5268100,25.62316,-39.3426183804
2010-07-08,28.889999,29.290001,28.860001,29.209999,3354300,25.978914,-38.5004464492
2010-07-09,29.35,29.48,29.139999,29.440001,2773600,26.183473,-38.0161965235
2010-07-12,29.33,29.33,28.959999,29.110001,3656200,25.889977,-38.7109858811
2010-07-13,29.309999,29.549999,29.18,29.32,4162900,26.076747,-38.2688476294
2010-07-14,29.139999,29.379999,28.780001,29.0,5845300,25.792144,-38.9425847009
2010-07-15,29.01,29.01,28.48,28.879999,4955500,25.685417,-39.1952381741
2010-07-16,28.58,28.709999,27.75,27.83,7322100,24.751564,-41.4059365344
2010-07-19,27.93,28.059999,27.52,27.9,3760300,24.813821,-41.2585563281
2010-07-20,27.440001,28.309999,27.25,28.27,3907900,25.142894,-40.4795459897
2010-07-21,28.469999,28.540001,27.4,27.43,4480800,24.395811,-42.2481060983
2010-07-22,27.389999,28.07,27.280001,28.059999,5828700,24.956122,-40.921688976
2010-07-23,28.049999,28.52,27.780001,28.280001,5192300,25.151788,-40.4584913363
2010-07-26,28.18,28.450001,27.93,28.33,3919300,25.196256,-40.353222804
2010-07-27,28.6,28.790001,28.379999,28.610001,5739400,25.445284,-39.7637019787
2010-07-28,28.549999,28.610001,28.219999,28.25,4150800,25.125106,-40.5216552964
2010-07-29,28.4,28.83,27.870001,28.25,5635300,25.125106,-40.5216552964
2010-07-30,27.940001,28.450001,27.76,28.24,3922900,25.116212,-40.5427099498
2010-08-02,28.66,28.9,28.540001,28.83,4613200,25.640948,-39.3005090737
2010-08-03,28.799999,28.92,28.49,28.549999,5120500,25.39192,-39.890029899
2010-08-04,28.629999,28.83,28.43,28.610001,8532600,25.445284,-39.7637019787
2010-08-05,29.33,29.610001,28.58,29.41,9532400,26.156791,-38.0793604836
2010-08-06,29.190001,29.549999,28.620001,28.98,6047600,25.774356,-38.9846940076
2010-08-09,29.16,29.639999,29.08,29.629999,5274100,26.352455,-37.6161675786
2010-08-10,29.43,29.639999,28.85,29.42,3667300,26.165685,-38.0583058302
2010-08-11,28.99,29.01,28.200001,28.219999,5698100,25.098423,-40.5848216238
2010-08-12,27.889999,28.299999,27.82,28.219999,3968100,25.098423,-40.5848216238
2010-08-13,28.16,28.49,28.040001,28.1,3240800,24.991698,-40.8374703625
2010-08-16,27.93,27.969999,27.639999,27.940001,4369700,24.849397,-41.1743377146
2010-08-17,28.139999,28.32,27.860001,28.24,3872100,25.116212,-40.5427099498
2010-08-18,28.299999,28.559999,27.969999,28.360001,2533000,25.222938,-40.2900588439
2010-08-19,28.219999,28.25,27.780001,28.040001,4293600,24.938336,-40.9637935481
2010-08-20,27.809999,28.030001,27.530001,27.75,3541000,24.680413,-41.5743713941
2010-08-23,27.690001,28.08,27.620001,27.91,3544100,24.822715,-41.2375016747
2010-08-24,27.620001,27.879999,27.42,27.52,3585700,24.475856,-42.0586165852
2010-08-25,27.33,27.93,27.040001,27.82,3958600,24.74267,-41.4269911878
2010-08-26,28.01,28.040001,27.35,27.41,3714000,24.378023,-42.290215405
2010-08-27,27.469999,27.99,27.1,27.99,3536600,25.076842,-40.6359100514
2010-08-30,27.84,27.959999,27.23,27.26,3290400,24.422819,-42.1841704025
2010-08-31,27.110001,27.709999,26.860001,27.6,4268700,24.727433,-41.4630615446
2010-09-01,27.93,28.68,27.66,28.67,5521100,25.686069,-39.1936947028
2010-09-02,28.629999,28.68,28.35,28.620001,3144300,25.641273,-39.2997397053
2010-09-03,28.83,29.450001,28.75,29.42,4135700,26.35801,-37.6030172975
2010-09-07,29.17,29.219999,28.690001,28.700001,3063000,25.712947,-39.1300667543
2010-09-08,28.799999,29.15,28.799999,29.1,3880200,26.071315,-38.2817067341
2010-09-09,29.5,29.59,29.24,29.450001,3236700,26.384888,-37.5393893491
2010-09-10,29.879999,29.93,29.48,29.870001,3503700,26.761175,-36.6486099075
2010-09-13,30.209999,30.33,30.040001,30.290001,4655100,27.137462,-35.7578304658
2010-09-14,30.25,30.459999,30.02,30.27,4196500,27.119543,-35.8002498872
2010-09-15,30.049999,30.610001,29.99,30.49,3364300,27.316645,-35.333652823
2010-09-16,30.33,30.870001,30.26,30.85,5269900,27.639178,-34.5701245437
2010-09-17,30.92,31.190001,30.879999,30.99,5468200,27.764606,-34.2732004304
2010-09-20,31.02,31.540001,30.889999,31.51,4463900,28.230486,-33.1703286164
2010-09-21,31.5,31.559999,31.139999,31.33,4500800,28.06922,-33.5520915725
2010-09-22,31.18,31.219999,30.879999,30.959999,4567700,27.737728,-34.3368283788
2010-09-23,30.77,30.99,30.41,30.450001,3794600,27.280809,-35.4184869312
2010-09-24,30.809999,31.610001,30.709999,31.6,5346600,28.311119,-32.9794471384
2010-09-27,31.5,31.690001,31.34,31.4,4544000,28.131934,-33.4036295158
2010-09-28,31.620001,32.27,31.33,32.16,7298000,28.812834,-31.7917435836
2010-09-29,32.139999,32.150002,31.4,31.549999,5873900,28.266322,-33.0854945082
2010-09-30,31.76,32.360001,31.540001,31.549999,5861400,28.266322,-33.0854945082
2010-10-01,31.889999,32.029999,31.309999,31.57,4375100,28.28424,-33.0430774542
2010-10-04,31.950001,32.07,31.52,31.700001,3764200,28.400711,-32.7673571334
2010-10-05,32.040001,32.490002,31.540001,32.380001,4820800,29.009938,-31.3251417848
2010-10-06,32.299999,32.360001,31.84,32.119999,3589900,28.776997,-31.876580059
2010-10-07,32.220001,32.470001,32.07,32.200001,3172100,28.848672,-31.7069047408
2010-10-08,32.310001,32.540001,32.189999,32.419998,2711800,29.045772,-31.2403124111
2010-10-11,32.400002,32.57,32.360001,32.43,1601600,29.054734,-31.2190967822
2010-10-12,32.389999,32.619999,32.130001,32.52,3280400,29.135367,-31.0282153042
2010-10-13,32.860001,33.209999,32.759998,32.939999,4528600,29.511652,-30.1374405972
2010-10-14,32.799999,33.290001,32.5,32.669998,4247700,29.269753,-30.7100850312
2010-10-15,32.84,32.970001,32.32,32.43,5500100,29.054734,-31.2190967822
2010-10-18,32.400002,32.610001,32.389999,32.560001,5567000,29.171204,-30.9433788287
2010-10-19,32.139999,32.560001,31.950001,32.200001,6193000,28.848672,-31.7069047408
2010-10-20,32.32,32.790001,32.25,32.599998,5406300,29.207039,-30.8585470878
2010-10-21,32.709999,33.009998,32.32,32.560001,4387300,29.171204,-30.9433788287
2010-10-22,32.66,32.93,32.580002,32.790001,2610800,29.377266,-30.4555708702
2010-10-25,32.959999,33.290001,32.709999,33.110001,5292000,29.66396,-29.7768838009
2010-10-26,32.869999,33.080002,32.619999,32.669998,5208200,29.269753,-30.7100850312
2010-10-27,32.419998,32.740002,32.259998,32.48,5080900,29.099529,-31.113054147
2010-10-28,31.0,31.16,30.129999,30.43,12966400,27.262891,-35.4609039853
2010-10-29,30.280001,30.51,30.0,30.49,8706500,27.316645,-35.333652823
2010-11-01,30.559999,30.76,29.91,30.18,6330100,27.03891,-35.9911313652
2010-11-02,30.4,30.42,30.040001,30.309999,3781100,27.155379,-35.715415779
2010-11-03,30.459999,30.52,29.620001,29.969999,5744700,26.850766,-36.4365222697
2010-11-04,30.280001,31.24,30.219999,31.18,7777600,27.934832,-33.8702265801
2010-11-05,31.129999,31.360001,30.860001,31.27,4737600,28.015465,-33.679345102
2010-11-08,31.110001,31.27,30.76,31.030001,5294600,27.800444,-34.1883615876
2010-11-09,31.049999,31.1,30.16,30.280001,5915000,27.128503,-35.7790389929
2010-11-10,30.440001,31.08,30.42,31.059999,8245900,27.82732,-34.1247383738
2010-11-11,30.870001,30.98,30.57,30.629999,4702100,27.442074,-35.0367263425
2010-11-12,30.450001,30.51,30.01,30.18,4258800,27.03891,-35.9911313652
2010-11-15,30.379999,30.709999,30.35,30.469999,3907900,27.298727,-35.3760698771
2010-11-16,30.290001,30.440001,29.68,29.84,8638500,26.734297,-36.7122378559
2010-11-17,29.92,30.049999,29.690001,29.85,7218300,26.743256,-36.6910293288
2010-11-18,30.18,30.5,30.049999,30.219999,4398300,27.074746,-35.906297257
2010-11-19,30.139999,30.469999,30.08,30.33,4444700,27.173298,-35.6729963576
2010-11-22,30.16,30.190001,29.66,30.0,4331100,26.877644,-36.3728943213
2010-11-23,29.65,29.809999,29.5,29.540001,4204600,26.465521,-37.3485078711
2010-11-24,29.700001,29.85,29.66,29.799999,3214600,26.698459,-36.7970766987
2010-11-26,29.43,29.610001,29.309999,29.33,1764900,26.454926,-37.3735892802
2010-11-29,29.190001,29.440001,29.0,29.360001,4230900,26.481986,-37.3095304854
2010-11-30,29.16,29.42,29.07,29.110001,3652500,26.256492,-37.8433395711
2010-12-01,29.530001,30.0,29.52,29.950001,3695900,27.014151,-36.0497430318
2010-12-02,29.98,30.379999,29.84,30.309999,4672600,27.338861,-35.281061168
2010-12-03,30.219999,30.41,29.889999,30.309999,3918900,27.338861,-35.281061168
2010-12-06,30.290001,30.4,30.059999,30.17,3048700,27.212585,-35.5799927409
2010-12-07,30.5,30.59,30.23,30.450001,3887100,27.465139,-34.9821248606
2010-12-08,30.440001,30.66,30.26,30.48,4380300,27.492197,-34.9180708004
2010-12-09,30.610001,30.73,30.360001,30.52,3334800,27.528277,-34.8326590741
2010-12-10,30.4,30.99,30.34,30.940001,3033600,27.907106,-33.9358619881
2010-12-13,31.0,31.219999,30.84,31.040001,2485700,27.997304,-33.722337407
2010-12-14,31.1,31.23,30.879999,30.950001,2890500,27.916126,-33.9145090566
2010-12-15,30.83,31.09,30.74,30.76,4226900,27.74475,-34.3202052873
2010-12-16,30.860001,31.309999,30.709999,31.23,3171100,28.168678,-33.3166459108
2010-12-17,31.219999,31.42,30.940001,31.309999,4418700,28.240836,-33.1458271927
2010-12-20,31.33,31.52,31.18,31.34,2984500,28.267896,-33.081768398
2010-12-21,31.42,31.959999,31.34,31.870001,3597700,28.745943,-31.9500937993
2010-12-22,31.84,32.209999,31.790001,31.969999,2615900,28.836139,-31.7365739527
2010-12-23,31.889999,32.0,31.74,31.940001,2581700,28.809081,-31.8006280128
2010-12-27,31.790001,32.200001,31.190001,32.09,2122000,28.944377,-31.4803435084
2010-12-28,32.09,32.130001,31.799999,32.0,1561300,28.863199,-31.672515158
2010-12-29,32.07,32.080002,31.879999,31.91,2269000,28.782021,-31.8646868076
2010-12-30,31.809999,31.93,31.610001,31.799999,1873200,28.682804,-32.099561953
2010-12-31,31.74,32.060001,31.66,31.879999,1788300,28.754961,-31.9287456023
2011-01-03,32.220001,32.5,32.029999,32.23,3824800,29.070653,-31.1814119355
2011-01-04,32.240002,32.240002,31.65,31.91,3636800,28.782021,-31.8646868076
2011-01-05,31.73,32.080002,31.700001,31.860001,4190500,28.736923,-31.9714467309
2011-01-06,31.84,31.9,31.389999,31.5,3956400,28.412212,-32.740130962
2011-01-07,31.59,31.65,31.120001,31.290001,3613000,28.222798,-33.1885283213
2011-01-10,31.08,31.129999,30.68,30.99,4163700,27.952204,-33.8291020648
2011-01-11,30.98,31.4,30.75,31.129999,4291100,28.07848,-33.5301704919
2011-01-12,31.26,31.549999,30.709999,30.809999,6884300,27.789849,-34.2134429967
2011-01-13,30.860001,30.860001,30.43,30.68,4480000,27.672593,-34.4910216381
2011-01-14,30.59,30.860001,30.530001,30.709999,4722700,27.699651,-34.4269675779
2011-01-18,30.75,31.1,30.629999,30.93,3723000,27.898086,-33.9572149197
2011-01-19,30.85,30.9,30.49,30.58,2883700,27.582395,-34.7045462192
2011-01-20,30.559999,31.5,30.559999,31.299999,6956100,28.231816,-33.1671801243
2011-01-21,31.42,31.58,31.07,31.35,4048200,28.276916,-33.0604154664
2011-01-24,31.34,31.49,31.1,31.280001,3478200,28.213778,-33.2098812529
2011-01-25,31.26,32.299999,31.26,31.790001,7278300,28.673785,-32.1209125173
2011-01-26,31.82,31.940001,31.629999,31.68,3484900,28.574568,-32.3557876628
2011-01-27,31.719999,31.93,31.6,31.889999,2766000,28.763981,-31.9073926707
2011-01-28,31.799999,32.0,31.110001,31.15,4828100,28.09652,-33.4874646288
2011-01-31,31.32,31.440001,31.01,31.139999,3091700,28.0875,-33.5088175604
2011-02-01,31.41,31.76,31.26,31.6,3345000,28.50241,-32.5266063808
2011-02-02,31.49,31.540001,31.040001,31.129999,3549700,28.07848,-33.5301704919
2011-02-03,31.1,31.48,30.700001,31.219999,4603400,28.159658,-33.3379988423
2011-02-04,31.309999,31.35,31.02,31.35,3411200,28.276916,-33.0604154664
2011-02-07,31.51,31.879999,31.360001,31.879999,4745900,28.754961,-31.9287456023
2011-02-08,31.889999,32.560001,31.67,32.560001,5720200,29.368306,-30.4767817645
2011-02-09,32.389999,32.610001,32.150002,32.360001,5126900,29.187911,-30.9038285596
2011-02-10,30.75,31.440001,30.68,31.200001,14257500,28.14162,-33.3806999709
2011-02-11,31.01,31.66,30.98,31.389999,5363500,28.312994,-32.9750084747
2011-02-14,31.32,31.35,30.93,30.959999,5723200,27.925144,-33.8931608596
2011-02-15,30.860001,30.93,30.469999,30.540001,7329000,27.546317,-34.789953211
2011-02-16,30.700001,31.049999,30.610001,30.9,4890300,27.871026,-34.0212737144
2011-02-17,30.67,31.67,30.6,31.610001,7583000,28.51143,-32.5052534492
2011-02-18,31.68,32.110001,31.41,32.110001,6792200,28.962417,-31.4376376452
2011-02-22,31.77,32.0,31.540001,31.74,5833800,28.628686,-32.2276748079
2011-02-23,31.700001,32.16,31.459999,31.5,4808900,28.412212,-32.740130962
2011-02-24,31.559999,31.639999,30.809999,31.08,5097700,28.033382,-33.6369304152
2011-02-25,31.139999,31.52,31.139999,31.48,2714400,28.394172,-32.7828368251
2011-02-28,31.540001,31.809999,31.43,31.780001,3581300,28.664765,-32.1422654489
2011-03-01,31.83,31.93,31.43,31.440001,5141700,28.358094,-32.8682438168
2011-03-02,31.32,31.49,31.18,31.299999,4644000,28.231816,-33.1671801243
2011-03-03,31.530001,31.99,31.530001,31.879999,4835400,28.754961,-31.9287456023
2011-03-04,31.790001,32.080002,31.379999,31.709999,4512100,28.601626,-32.2917336026
2011-03-07,31.75,31.84,31.34,31.43,3307500,28.349074,-32.8895967484
2011-03-08,31.530001,32.040001,31.51,32.0,3218500,28.863199,-31.672515158
2011-03-09,31.790001,32.200001,31.74,32.07,4582800,29.11742,-31.0707010096
2011-03-10,31.74,32.0,31.629999,31.73,4060600,28.808723,-31.8014755017
2011-03-11,31.559999,32.07,31.299999,31.99,3948600,29.044786,-31.2426465564
2011-03-14,31.790001,31.9,31.57,31.73,4817400,28.808723,-31.8014755017
2011-03-15,30.93,31.48,30.67,31.32,6327800,28.436471,-32.682702939
2011-03-16,31.280001,31.34,30.690001,30.73,7303300,27.90079,-33.9508137748
2011-03-17,31.25,31.299999,30.75,31.09,4336200,28.227646,-33.1770517124
2011-03-18,31.469999,31.66,31.0,31.15,5611300,28.282122,-33.0480913687
2011-03-21,31.49,31.52,31.219999,31.290001,3702400,28.409234,-32.7471807436
2011-03-22,31.59,31.83,31.370001,31.48,4271400,28.58174,-32.3388094782
2011-03-23,31.32,31.51,31.129999,31.360001,2978000,28.472789,-32.5967277983
2011-03-24,31.48,31.58,31.209999,31.549999,2575000,28.645295,-32.1883565329
2011-03-25,31.59,31.65,31.280001,31.459999,3783700,28.563581,-32.3817970485
2011-03-28,31.540001,31.76,31.42,31.65,2913900,28.736088,-31.9734234158
2011-03-29,31.610001,31.76,31.35,31.629999,3029200,28.717929,-32.0164109861
2011-03-30,31.76,31.889999,31.67,31.85,2791000,28.917676,-31.5435524469
2011-03-31,31.73,32.169998,31.67,31.780001,4130300,28.854121,-31.6940053922
2011-04-01,31.33,31.6,31.27,31.450001,6164300,28.554503,-32.4032872827
2011-04-04,31.57,31.91,31.549999,31.860001,3027000,28.926755,-31.5220598454
2011-04-05,31.799999,31.82,31.549999,31.610001,3051500,28.699772,-32.0593938219
2011-04-06,31.700001,31.82,31.610001,31.65,3192900,28.736088,-31.9734234158
2011-04-07,31.620001,31.860001,31.549999,31.799999,3457200,28.872278,-31.6510225564
2011-04-08,31.879999,31.959999,31.23,31.4,3339400,28.509105,-32.5107573922
2011-04-11,31.4,31.790001,31.4,31.75,3976400,28.826882,-31.7584879314
2011-04-12,31.66,31.719999,31.299999,31.610001,3389300,28.699772,-32.0593938219
2011-04-13,31.799999,31.879999,31.66,31.84,4975600,28.908596,-31.5650474158
2011-04-14,31.58,31.629999,31.290001,31.4,3607100,28.509105,-32.5107573922
2011-04-15,31.459999,31.639999,31.34,31.41,4117900,28.518185,-32.4892624234
2011-04-18,31.040001,31.299999,30.809999,31.27,3846600,28.391075,-32.7901683139
2011-04-19,31.35,31.35,31.030001,31.049999,3734200,28.191328,-33.2630268531
2011-04-20,31.389999,31.51,31.1,31.18,3541500,28.30936,-32.9836111968
2011-04-21,31.299999,31.66,31.07,31.65,3051700,28.736088,-31.9734234158
2011-04-25,31.620001,31.959999,31.219999,31.92,4016500,28.981231,-31.3930995017
2011-04-26,31.889999,32.040001,31.610001,31.74,4000000,28.817803,-31.7799805329
2011-04-27,31.889999,32.02,31.58,31.940001,4809800,28.99939,-31.3501119313
2011-04-28,33.25,34.110001,32.66,33.759998,11770300,30.651827,-27.4383187836
2011-04-29,33.689999,34.119999,33.279999,33.84,6900000,30.724463,-27.2663685023
2011-05-02,33.93,34.080002,33.619999,33.880001,3832500,30.760781,-27.1803933616
2011-05-03,33.900002,34.400002,33.860001,34.310001,5121600,31.151193,-26.2561759866
2011-05-04,34.369999,34.369999,33.82,33.98,4200500,30.851573,-26.9654626117
2011-05-05,33.849998,33.950001,33.220001,33.419998,5249900,30.343129,-28.169095643
2011-05-06,33.669998,33.790001,33.189999,33.43,4082400,30.35221,-28.1475983069
2011-05-09,33.41,33.439999,32.889999,33.130001,3578200,30.079831,-28.7923976582
2011-05-10,33.299999,33.650002,33.029999,33.5,3658100,30.415765,-27.9971453616
2011-05-11,33.41,33.5,32.860001,33.049999,4556100,30.007195,-28.9643479396
2011-05-12,32.720001,33.029999,32.380001,33.0,6461400,29.961799,-29.0718133145
2011-05-13,32.950001,33.0,32.279999,32.380001,4807600,29.398881,-30.4044019549
2011-05-16,32.220001,32.84,32.220001,32.52,3697700,29.525991,-30.1034960644
2011-05-17,32.439999,32.549999,32.23,32.419998,3335200,29.435196,-30.3184339161
2011-05-18,32.389999,32.470001,32.09,32.450001,3587000,29.462436,-30.2539490096
2011-05-19,32.529999,32.59,32.16,32.450001,4541500,29.462436,-30.2539490096
2011-05-20,32.330002,32.48,31.959999,32.009998,4313900,29.062943,-31.1996637207
2011-05-23,31.6,31.82,31.379999,31.42,5182700,28.527264,-32.4677698219
2011-05-24,31.41,31.620001,31.200001,31.209999,3150700,28.336597,-32.9191333922
2011-05-25,31.16,31.48,30.860001,31.25,3893400,28.372915,-32.8331582516
2011-05-26,30.959999,31.309999,30.879999,31.15,3995400,28.473462,-32.595134614
2011-05-27,31.18,31.32,31.049999,31.24,3336700,28.555729,-32.4003849885
2011-05-31,31.389999,31.530001,31.209999,31.379999,4646600,28.683699,-32.0974432309
2011-06-01,31.23,31.24,30.370001,30.440001,5989300,27.824469,-34.1314875099
2011-06-02,30.540001,31.049999,30.450001,30.91,5181200,28.254084,-33.1144653704
2011-06-03,30.290001,30.99,30.25,30.67,4871800,28.034706,-33.6337961268
2011-06-06,30.549999,30.700001,29.99,30.16,3948800,27.568528,-34.7373733924
2011-06-07,30.27,30.440001,30.120001,30.17,3048900,27.577669,-34.7157340191
2011-06-08,30.120001,30.15,29.709999,29.83,3278600,27.266883,-35.4514537743
2011-06-09,29.940001,30.33,29.73,30.200001,3687100,27.605091,-34.6508182664
2011-06-10,30.030001,30.059999,29.52,29.65,3653700,27.102349,-35.8409530253
2011-06-13,29.75,29.99,29.67,29.889999,3240300,27.321727,-35.3216222689
2011-06-14,30.129999,30.389999,30.0,30.219999,4511500,27.623372,-34.607541887
2011-06-15,29.969999,29.969999,29.280001,29.48,5221300,26.946956,-36.2088129029
2011-06-16,29.57,29.940001,29.379999,29.549999,4568400,27.010941,-36.0573420241
2011-06-17,29.809999,30.0,29.51,29.65,5382700,27.102349,-35.8409530253
2011-06-20,29.530001,29.93,29.41,29.879999,3549000,27.312586,-35.3432616422
2011-06-21,30.030001,30.389999,29.92,30.120001,3547500,27.531965,-34.8239285185
2011-06-22,30.02,30.24,29.93,29.959999,4027200,27.385712,-35.1701513901
2011-06-23,29.610001,29.84,29.389999,29.66,6563800,27.11149,-35.819313652
2011-06-24,29.690001,29.75,29.27,29.43,3893400,26.901253,-36.3170050351
2011-06-27,29.389999,29.809999,29.32,29.620001,2430500,27.074927,-35.905868778
2011-06-28,29.690001,29.889999,29.49,29.690001,4094800,27.138913,-35.7543955319
2011-06-29,29.860001,30.469999,29.860001,30.450001,5160300,27.83361,-34.1098481366
2011-06-30,30.459999,30.66,30.1,30.530001,3608000,27.906736,-33.9367378844
2011-07-01,30.66,30.93,30.549999,30.9,2646100,28.244943,-33.1361047437
2011-07-05,30.870001,30.98,30.52,30.780001,3613300,28.135255,-33.3957677547
2011-07-06,30.639999,30.790001,30.41,30.620001,3142100,27.989003,-33.741988259
2011-07-07,30.93,31.01,30.68,30.92,2140900,28.263225,-33.0928259971
2011-07-08,30.59,30.6,30.370001,30.540001,2566500,27.915877,-33.9150985111
2011-07-11,30.200001,30.23,29.82,30.02,3065300,27.440557,-35.0403175173
2011-07-12,29.93,30.48,29.92,29.98,2822000,27.403994,-35.1268726434
2011-07-13,30.18,30.41,29.82,29.870001,3195900,27.303446,-35.3648986483
2011-07-14,30.02,30.040001,29.540001,29.700001,3489200,27.148053,-35.7327585259
2011-07-15,29.76,29.799999,29.26,29.469999,3711800,26.937815,-36.2304522763
2011-07-18,28.459999,28.84,27.68,28.01,13121200,25.603265,-39.3897155615
2011-07-19,27.9,28.309999,27.84,28.299999,7274500,25.868346,-38.762192673
2011-07-20,28.34,28.52,28.110001,28.4,4874600,25.959754,-38.5458036742
2011-07-21,28.57,28.91,28.4,28.719999,5778600,26.252258,-37.8533626656
2011-07-22,28.75,28.790001,28.34,28.690001,3093000,26.224837,-37.918276051
2011-07-25,28.469999,28.559999,28.24,28.379999,3109000,25.941472,-38.5890824208
2011-07-26,28.290001,28.51,28.200001,28.23,3124400,25.804361,-38.9136635518
2011-07-27,28.15,28.32,27.610001,27.629999,5185600,25.255915,-40.2119928101
2011-07-28,27.709999,28.01,27.620001,27.690001,4038100,25.310761,-40.0821565701
2011-07-29,27.540001,28.040001,27.530001,27.719999,5981300,25.338182,-40.0172431847
2011-08-01,28.709999,28.709999,27.93,28.34,6300900,25.90491,-38.6756351796
2011-08-02,27.91,28.040001,27.549999,27.639999,6825400,25.265056,-40.1903534368
2011-08-03,27.34,27.780001,27.08,27.57,6134400,25.201071,-40.3418243156
2011-08-04,27.15,27.35,26.309999,26.309999,8546600,24.049335,-43.0683143378
2011-08-05,26.59,26.780001,25.790001,26.290001,9945700,24.031055,-43.1115883499
2011-08-08,25.799999,26.190001,24.379999,24.57,10048900,22.458843,-46.8334658729
2011-08-09,24.92,25.799999,23.92,25.75,10797800,23.537453,-44.2800861028
2011-08-10,25.42,25.469999,24.27,24.32,10528600,22.230324,-47.3744360026
2011-08-11,24.52,26.07,24.26,25.67,8853400,23.464327,-44.453196355
2011-08-12,25.92,26.110001,25.0,25.120001,6596900,22.961586,-45.6433287466
2011-08-15,25.549999,26.049999,25.290001,26.030001,4665200,23.793395,-43.674197853
2011-08-16,25.709999,26.0,25.450001,25.67,4199000,23.464327,-44.453196355
2011-08-17,25.77,25.93,25.35,25.48,3655000,23.290652,-44.8643349793
2011-08-18,25.040001,25.040001,24.120001,24.33,8690700,22.239465,-47.3527966293
2011-08-19,24.09,25.02,24.0,24.360001,6479700,22.266888,-47.2878785093
2011-08-22,24.950001,25.02,24.32,24.459999,5384500,22.358294,-47.071494245
2011-08-23,24.49,25.0,24.41,24.950001,7283900,22.806193,-46.0111886242
2011-08-24,24.85,25.309999,24.65,25.190001,5106600,23.025571,-45.4918578678
2011-08-25,25.33,25.67,24.190001,24.43,7718800,22.330873,-47.1364076305
2011-08-26,24.08,24.83,23.620001,24.450001,7552200,22.349155,-47.0931288838
2011-08-29,25.09,26.389999,24.98,26.299999,8220900,24.248464,-42.5969187822
2011-08-30,25.969999,26.25,25.459999,26.040001,5294400,24.008747,-43.1643977953
2011-08-31,26.18,26.43,26.02,26.23,4996200,24.183925,-42.7497011382
2011-09-01,26.17,26.42,25.889999,25.91,4414200,23.888887,-43.4481408528
2011-09-02,25.52,25.59,24.959999,24.959999,4463000,23.012991,-45.5216383422
2011-09-06,24.27,24.6,24.110001,24.559999,7012900,22.644193,-46.3946891692
2011-09-07,24.99,25.879999,24.91,25.85,5303200,23.833568,-43.5790968197
2011-09-08,25.6,25.85,25.18,25.309999,4120800,23.33569,-44.7577170932
2011-09-09,25.16,25.25,24.690001,24.809999,5104100,22.874692,-45.8490318105
2011-09-12,24.700001,25.27,24.450001,25.27,4922000,23.298811,-44.8450202821
2011-09-13,25.27,25.459999,24.860001,25.08,5686600,23.123631,-45.2597216738
2011-09-14,25.25,25.41,24.620001,24.9,6771400,22.957672,-45.6525943092
2011-09-15,25.219999,25.280001,24.639999,25.110001,6537900,23.151292,-45.1942401394
2011-09-16,25.1,25.280001,24.76,24.940001,6962400,22.994552,-45.565288753
2011-09-19,24.469999,24.629999,24.25,24.459999,4908200,22.551994,-46.6129506922
2011-09-20,24.58,24.799999,24.32,24.32,5282300,22.422915,-46.9185177715
2011-09-21,24.18,24.35,23.07,23.09,5755400,21.288862,-49.6031470521
2011-09-22,22.780001,22.83,22.27,22.68,7764700,20.910844,-50.4980242681
2011-09-23,22.65,23.07,22.540001,22.77,4545200,20.993823,-50.301589134
2011-09-26,22.99,23.59,22.549999,23.530001,6330300,21.69454,-48.642790669
2011-09-27,23.65,24.469999,23.43,23.799999,7004800,21.943477,-48.0534852669
2011-09-28,23.77,24.02,23.51,23.52,5848600,21.68532,-48.6646170581
2011-09-29,23.98,24.65,23.98,24.559999,5994500,22.644193,-46.3946891692
2011-09-30,24.16,24.370001,23.690001,23.690001,6415600,21.842059,-48.2935708117
2011-10-03,23.49,23.85,22.690001,22.709999,5622000,20.938503,-50.4325474682
2011-10-04,22.469999,23.690001,22.34,23.629999,6403200,21.786738,-48.4245315132
2011-10-05,23.75,24.280001,23.27,24.139999,4388700,22.256955,-47.3113927742
2011-10-06,24.030001,24.57,23.75,24.549999,3341700,22.634973,-46.4165155582
2011-10-07,24.6,24.620001,23.719999,23.719999,4472200,21.869718,-48.2280940119
2011-10-10,24.200001,24.76,24.16,24.76,3054200,22.828593,-45.9581613884
2011-10-11,24.540001,24.82,24.360001,24.49,2888500,22.579654,-46.5474715251
2011-10-12,24.719999,25.48,24.65,25.139999,4249800,23.17895,-45.1287657068
2011-10-13,24.860001,24.959999,24.280001,24.639999,3795500,22.717953,-46.2200780569
2011-10-14,25.0,25.09,24.41,24.959999,3220900,23.012991,-45.5216383422
2011-10-17,24.780001,24.879999,24.110001,24.15,3270200,22.266176,-47.2895640178
2011-10-18,24.24,25.719999,24.1,25.440001,5752300,23.45555,-44.4739740357
2011-10-19,25.4,25.959999,25.200001,25.48,6537900,23.492429,-44.3866708468
2011-10-20,25.4,26.49,25.34,26.440001,7199600,24.377545,-42.2913469684
2011-10-21,26.700001,26.91,26.299999,26.9,6755600,24.801662,-41.2873401745
2011-10-24,26.92,27.35,26.780001,27.07,4317300,24.958401,-40.9162939282
2011-10-25,26.85,27.110001,26.389999,26.5,4758300,24.432864,-42.1603910014
2011-10-26,26.950001,27.139999,26.51,26.85,5246200,24.755562,-41.3964721197
2011-10-27,27.370001,27.98,27.25,27.719999,7497400,25.557697,-39.4975881099
2011-10-28,27.690001,27.709999,27.129999,27.16,6471300,25.04138,-40.7198587941
2011-10-31,27.07,27.25,26.34,26.34,8107900,24.285345,-42.5096108588
2011-11-01,26.389999,27.190001,25.51,26.09,8245700,24.054846,-43.0552682174
2011-11-02,26.48,26.58,25.75,26.0,7719200,23.971866,-43.2517057188
2011-11-03,26.370001,26.440001,25.74,25.98,8442400,23.953426,-43.2953584968
2011-11-04,25.629999,26.049999,25.549999,25.9,4355400,23.879667,-43.4699672418
2011-11-07,25.85,26.42,25.790001,26.389999,3471200,24.331444,-42.4004812809
2011-11-08,26.559999,26.639999,26.26,26.49,7425600,24.423644,-42.1822173905
2011-11-09,25.76,26.52,25.639999,25.85,8749300,23.833568,-43.5790968197
2011-11-10,26.139999,26.389999,26.02,26.200001,4610200,24.156266,-42.815177938
2011-11-11,26.59,26.9,26.530001,26.639999,4038800,24.561943,-41.8548239222
2011-11-14,26.450001,26.57,26.219999,26.49,4479200,24.423644,-42.1822173905
2011-11-15,26.290001,26.780001,26.219999,26.629999,4245900,24.552722,-41.8766526785
2011-11-16,26.24,26.49,25.99,26.030001,4480000,23.999527,-43.1862241844
2011-11-17,25.950001,26.24,25.459999,25.610001,4829400,23.612289,-44.1029277894
2011-11-18,25.83,26.030001,25.73,25.98,4549700,23.953426,-43.2953584968
2011-11-21,25.540001,25.610001,25.139999,25.389999,4506400,23.409449,-44.5831083482
2011-11-22,25.290001,25.549999,25.18,25.219999,3185400,23.25271,-44.9541545945
2011-11-23,24.889999,25.129999,24.5,24.5,5390600,22.588874,-46.5256451361
2011-11-25,24.58,25.129999,24.530001,24.700001,2617900,22.773274,-46.0891173553
2011-11-28,25.08,25.309999,25.01,25.299999,4200700,23.526492,-44.3060339391
2011-11-29,25.32,25.76,25.219999,25.530001,5344200,23.74037,-43.7997232629
2011-11-30,25.98,26.82,25.950001,26.790001,6572600,24.912046,-41.0260295316
2011-12-01,26.700001,26.700001,26.299999,26.559999,3385900,24.698167,-41.5323425751
2011-12-02,27.0,27.25,26.620001,26.68,5570600,24.809756,-41.268179351
2011-12-05,27.07,27.389999,26.799999,27.01,4478200,25.116623,-40.5417369947
2011-12-06,26.959999,27.33,26.870001,27.120001,3121000,25.218913,-40.2995871754
2011-12-07,26.77,27.389999,26.66,27.27,4980900,25.358398,-39.9693861043
2011-12-08,26.959999,27.059999,26.52,26.58,4367300,24.716765,-41.4883157656
2011-12-09,26.68,27.040001,26.559999,26.93,4848000,25.042231,-40.7178442326
2011-12-12,26.68,26.690001,26.129999,26.33,7022400,24.48429,-42.038650884
2011-12-13,26.4,26.75,25.860001,26.0,6208700,24.177423,-42.7650932403
2011-12-14,25.92,26.67,25.91,26.25,5657500,24.409898,-42.2147581219
2011-12-15,26.49,26.610001,26.139999,26.34,4565000,24.493589,-42.0166374793
2011-12-16,26.530001,26.790001,26.290001,26.440001,5837700,24.58658,-41.7965010646
2011-12-19,26.48,26.59,26.01,26.1,3692800,24.270413,-42.5449591929
2011-12-20,26.540001,27.1,26.49,26.969999,4492700,25.079426,-40.629792981
2011-12-21,27.049999,27.25,26.889999,27.15,4169400,25.246809,-40.2335493284
2011-12-22,27.190001,27.459999,27.09,27.41,3663200,25.488583,-39.6612008053
2011-12-23,27.440001,27.629999,27.32,27.620001,2139300,25.683863,-39.1989169386
2011-12-27,27.450001,27.709999,27.450001,27.5,2281700,25.572274,-39.4630801627
2011-12-28,27.43,27.48,27.129999,27.18,2357900,25.274706,-40.1675091142
2011-12-29,27.34,27.6,27.280001,27.57,2324600,25.637367,-39.3089863295
2011-12-30,27.5,27.65,27.41,27.41,2346700,25.488583,-39.6612008053
2012-01-03,27.879999,28.15,27.700001,27.75,5878600,25.80475,-38.912742677
2012-01-04,27.690001,27.790001,27.459999,27.559999,4461400,25.628068,-39.3309997343
2012-01-05,27.309999,27.76,26.98,27.74,3580600,25.79545,-38.934758449
2012-01-06,27.799999,28.120001,27.559999,28.02,3670800,26.055823,-38.3183807492
2012-01-09,28.110001,28.26,27.93,28.139999,3066800,26.16741,-38.0542222596
2012-01-10,28.389999,28.809999,28.27,28.690001,4699700,26.678857,-36.8434802646
2012-01-11,28.530001,29.059999,28.440001,29.040001,6217100,27.004323,-36.0730087316
2012-01-12,29.15,29.33,28.860001,29.07,3208900,27.032218,-36.0069732519
2012-01-13,28.77,29.040001,28.549999,28.98,2911100,26.948527,-36.2050938946
2012-01-17,29.299999,29.4,28.940001,29.049999,3575000,27.01362,-36.0510000614
2012-01-18,28.99,29.469999,28.799999,29.469999,4103600,27.404178,-35.1264370625
2012-01-19,29.549999,29.700001,29.379999,29.49,3436500,27.422777,-35.0824078858
2012-01-20,29.549999,29.860001,29.5,29.83,4456900,27.738943,-34.3339521248
2012-01-23,29.809999,29.91,29.51,29.799999,4368300,27.711046,-34.399992339
2012-01-24,29.59,29.59,29.23,29.360001,4093800,27.301891,-35.36857978
2012-01-25,29.25,29.49,29.059999,29.18,6582200,27.134508,-35.7648234326
2012-01-26,29.309999,29.389999,28.889999,29.15,5636500,27.10661,-35.8308660141
2012-01-27,28.68,29.200001,28.68,29.09,6066000,27.050817,-35.9629440752
2012-01-30,28.870001,29.15,28.620001,29.040001,3618300,27.004323,-36.0730087316
2012-01-31,28.959999,29.379999,28.809999,28.85,4545100,26.827641,-36.4912657888
2012-02-01,29.110001,29.690001,29.059999,29.309999,7050700,27.255394,-35.4786515383
2012-02-02,30.540001,30.75,30.129999,30.290001,11453000,28.166699,-33.3213307724
2012-02-03,30.59,30.75,30.379999,30.690001,4728600,28.538659,-32.4407945829
2012-02-06,30.59,30.790001,30.43,30.629999,4552000,28.482863,-32.5728797459
2012-02-07,30.469999,30.92,30.33,30.84,5375700,28.678143,-32.1105958792
2012-02-08,30.799999,31.120001,30.73,31.0,5733800,28.826927,-31.7583814034
2012-02-09,31.049999,31.190001,30.540001,30.91,4890900,28.743236,-31.9565020461
2012-02-10,30.74,30.99,30.58,30.969999,4784400,28.79903,-31.8244216176
2012-02-13,31.42,31.49,31.02,31.16,4332000,28.975711,-31.4061669277
2012-02-14,31.059999,31.17,30.790001,31.15,4597700,28.966412,-31.4281803324
2012-02-15,31.25,31.309999,30.799999,30.91,3415300,28.743236,-31.9565020461
2012-02-16,30.9,31.200001,30.9,31.129999,3050900,28.947814,-31.4722071419
2012-02-17,31.26,31.6,31.200001,31.389999,3757900,29.189588,-30.8998586187
2012-02-21,31.389999,31.610001,31.219999,31.559999,3467600,29.347671,-30.5256307382
2012-02-22,31.5,31.67,31.33,31.469999,4106600,29.26398,-30.7237513809
2012-02-23,31.459999,31.75,31.42,31.59,3411600,29.375569,-30.4595881568
2012-02-24,31.559999,31.66,31.32,31.360001,2870000,29.161692,-30.9658964657
2012-02-27,31.129999,31.459999,31.01,31.370001,2495800,29.170992,-30.9438806936
2012-02-28,31.33,31.57,31.1,31.51,3255900,29.301177,-30.6356953946
2012-02-29,31.469999,31.870001,31.42,31.43,6269200,29.226785,-30.8118026325
2012-03-01,31.219999,31.6,31.15,31.280001,5228400,29.292338,-30.6566198472
2012-03-02,31.34,31.440001,31.049999,31.24,4055200,29.254879,-30.7452960627
2012-03-05,31.27,31.620001,31.15,31.549999,5951900,29.545179,-30.0580725554
2012-03-06,31.219999,31.34,30.93,31.0,4421500,29.030129,-31.2773438866
2012-03-07,31.049999,31.129999,30.85,30.969999,3847200,29.002035,-31.3438504564
2012-03-08,31.139999,31.280001,30.76,31.24,2667300,29.254879,-30.7452960627
2012-03-09,31.209999,31.75,31.17,31.66,3307800,29.64819,-29.8142159218
2012-03-12,31.65,31.9,31.620001,31.83,2872000,29.807388,-29.437348516
2012-03-13,31.91,32.610001,31.75,32.560001,4004700,30.491002,-27.8190377659
2012-03-14,32.66,32.66,32.380001,32.5,3128600,30.434813,-27.9520532728
2012-03-15,32.48,32.610001,32.25,32.59,3682200,30.519094,-27.7525359307
2012-03-16,32.580002,32.869999,32.509998,32.68,4386000,30.603375,-27.5530185886
2012-03-19,32.630001,32.950001,32.580002,32.77,2241300,30.687657,-27.3534988791
2012-03-20,32.540001,33.07,32.540001,32.790001,2827500,30.706386,-27.309161955
2012-03-21,32.849998,32.939999,32.52,32.57,2597600,30.500365,-27.7968728548
2012-03-22,32.400002,32.540001,32.200001,32.34,2780500,30.28498,-28.306751033
2012-03-23,32.330002,32.59,32.18,32.509998,2399500,30.444176,-27.9298883617
2012-03-26,32.689999,33.099998,32.639999,33.080002,2873600,30.977959,-26.6662706372
2012-03-27,33.080002,33.209999,32.950001,33.02,2937200,30.92177,-26.7992861441
2012-03-28,33.049999,33.330002,32.939999,33.259998,4019200,31.146518,-26.2672430548
2012-03-29,32.93,33.0,32.540001,32.900002,4038900,30.809397,-27.0653053215
2012-03-30,33.049999,33.209999,32.759998,32.919998,3090200,30.828123,-27.0209754993
2012-04-02,32.93,33.580002,32.91,33.360001,3552700,31.240166,-26.0455513324
2012-04-03,33.310001,33.43,32.639999,32.900002,4402000,30.809397,-27.0653053215
2012-04-04,32.630001,32.740002,32.43,32.619999,4968900,30.547187,-27.6860317282
2012-04-05,32.470001,32.880001,32.439999,32.75,3538100,30.668927,-27.3978381705
2012-04-09,32.27,32.5,32.259998,32.389999,2215100,30.331802,-28.1959099064
2012-04-10,32.330002,32.369999,31.969999,31.969999,3190300,29.938491,-29.1269900472
2012-04-11,32.299999,32.330002,31.99,32.240002,2858000,30.191336,-28.5284332863
2012-04-12,32.23,32.959999,31.93,32.869999,3949700,30.781301,-27.1318166259
2012-04-13,32.759998,32.869999,32.25,32.299999,3281800,30.247521,-28.3954272485
2012-04-16,32.490002,32.57,32.18,32.470001,2895400,30.406721,-28.0185551081
2012-04-17,32.77,32.919998,32.439999,32.880001,3790500,30.790667,-27.1096446129
2012-04-18,32.720001,33.09,32.540001,32.98,4362800,30.884311,-26.8879623596
2012-04-19,33.040001,33.27,32.639999,32.810001,3724500,30.725116,-27.2648226636
2012-04-20,32.889999,33.139999,32.57,32.650002,5032400,30.575283,-27.6195204238
2012-04-23,32.23,32.470001,32.07,32.459999,3230400,30.397354,-28.0407294883
2012-04-24,32.450001,32.849998,32.400002,32.810001,2399300,30.725116,-27.2648226636
2012-04-25,33.009998,33.400002,32.82,33.290001,4588500,31.174614,-26.2007317504
2012-04-26,33.16,34.040001,33.150002,33.919998,5663500,31.764579,-24.8041150901
2012-04-27,34.0,34.07,33.470001,33.549999,4062200,31.418091,-25.624351737
2012-04-30,33.540001,33.68,33.200001,33.330002,4319800,31.212073,-26.1120555349
2012-05-01,33.380001,34.099998,33.380001,33.389999,5825100,31.268258,-25.9790494972
2012-05-02,33.360001,33.369999,32.709999,32.91,5698700,30.81876,-27.0431404104
2012-05-03,34.380001,34.830002,34.080002,34.23,12980900,32.054881,-24.1168868482
2012-05-04,34.439999,34.549999,34.16,34.200001,6510300,32.026789,-24.1833886834
2012-05-07,34.209999,34.32,33.959999,34.259998,6450500,32.082974,-24.0503826457
2012-05-08,34.080002,34.709999,34.02,34.689999,8460600,32.48565,-23.0971328591
2012-05-09,34.369999,34.5,34.0,34.310001,6249600,32.129799,-23.9395344172
2012-05-10,34.619999,34.810001,34.470001,34.599998,5019900,32.401369,-23.2966502012
2012-05-11,34.299999,34.990002,34.169998,34.830002,4945200,32.616757,-22.7867649212
2012-05-14,34.599998,34.950001,34.369999,34.400002,5629300,32.21408,-23.740017075
2012-05-15,34.43,34.450001,33.82,33.98,6272400,31.820767,-24.6711019505
2012-05-16,34.16,34.27,33.419998,33.43,5521100,31.305717,-25.8903732817
2012-05-17,33.5,33.73,32.849998,32.959999,7511300,30.865582,-26.9322992838
2012-05-18,33.110001,33.119999,32.560001,32.75,5665500,30.668927,-27.3978381705
2012-05-21,32.759998,33.380001,32.639999,33.200001,3857300,31.090333,-26.4002490926
2012-05-22,33.41,33.41,32.700001,32.84,8709200,30.753208,-27.1983208284
2012-05-23,32.689999,33.130001,32.419998,33.09,5300000,30.987322,-26.6441057261
2012-05-24,33.130001,33.470001,32.849998,33.43,4731700,31.305717,-25.8903732817
2012-05-25,33.18,33.709999,33.18,33.57,4470200,31.43682,-25.5800148129
2012-05-29,33.75,34.27,33.75,34.25,6907400,32.073611,-24.0725475568
2012-05-30,33.68,33.880001,33.509998,33.68,6690900,31.743731,-24.853468296
2012-05-31,33.720001,34.189999,33.41,33.939999,5939300,31.988782,-24.2733621724
2012-06-01,33.459999,33.580002,32.990002,33.07,5540600,31.1688,-26.2144951589
2012-06-04,33.139999,33.220001,32.799999,33.009998,5179900,31.112248,-26.3483699911
2012-06-05,32.98,33.290001,32.860001,33.139999,7389600,31.234775,-26.0583133783
2012-06-06,33.349998,34.09,33.209999,34.09,5679400,32.13016,-23.9386798264
2012-06-07,34.5,34.700001,34.049999,34.07,5352200,32.11131,-23.9833031923
2012-06-08,34.02,34.310001,33.900002,34.310001,2774000,32.337514,-23.4478133327
2012-06-11,34.560001,34.610001,33.869999,33.900002,3304500,31.951085,-24.3626018022
2012-06-12,33.970001,34.400002,33.759998,34.400002,3186400,32.42234,-23.247005819
2012-06-13,34.099998,34.470001,33.759998,34.060001,3234200,32.101886,-24.005612508
2012-06-14,34.169998,34.549999,33.950001,34.439999,4641000,32.460037,-23.1577661891
2012-06-15,34.669998,34.669998,34.029999,34.150002,5902700,32.186712,-23.8048049942
2012-06-18,34.110001,34.470001,33.889999,33.98,4811400,32.026484,-24.184110706
2012-06-19,34.150002,34.580002,34.080002,34.450001,5104900,32.469464,-23.1354497716
2012-06-20,34.52,34.93,34.380001,34.68,3241500,32.686241,-22.6222763294
2012-06-21,34.82,34.880001,33.98,34.0,3119700,32.045334,-24.1394873402
2012-06-22,34.07,34.32,33.970001,34.080002,2536000,32.120737,-23.9609867748
2012-06-25,33.639999,33.759998,33.080002,33.439999,5196000,31.517527,-25.3889581556
2012-06-26,33.48,33.889999,33.439999,33.66,3447600,31.724881,-24.8980916619
2012-06-27,33.75,34.369999,33.619999,34.209999,3291200,32.24326,-23.6709396312
2012-06-28,34.119999,34.18,33.650002,34.139999,3395100,32.177285,-23.8271214118
2012-06-29,34.5,35.150002,34.450001,35.09,5507200,33.07267,-21.7074878599
2012-07-02,35.32,35.389999,34.82,35.220001,4166100,33.195197,-21.4174312471
2012-07-03,35.119999,35.419998,35.119999,35.32,1373700,33.289447,-21.1943144177
2012-07-05,35.09,35.169998,34.790001,34.900002,2458200,32.893595,-22.1314098357
2012-07-06,34.509998,34.900002,34.400002,34.790001,2179400,32.789918,-22.3768430826
2012-07-09,34.700001,34.759998,34.220001,34.43,3002000,32.450614,-23.1800731374
2012-07-10,34.57,34.689999,34.110001,34.240002,3567600,32.271538,-23.6039974805
2012-07-11,34.060001,34.25,33.759998,34.09,5245500,32.13016,-23.9386798264
2012-07-12,33.77,33.790001,33.349998,33.650002,4135600,31.715457,-24.9204009775
2012-07-13,33.66,34.0,33.619999,33.869999,3291000,31.922807,-24.4295439529
2012-07-16,33.959999,33.959999,33.48,33.630001,3074200,31.696607,-24.9650243434
2012-07-17,33.68,34.09,33.450001,34.009998,4141500,32.054758,-24.1171780245
2012-07-18,33.77,34.380001,33.77,34.23,2868100,32.262111,-23.626313898
2012-07-19,34.240002,34.889999,34.110001,34.709999,5768300,32.714515,-22.5553436479
2012-07-20,34.599998,34.77,34.34,34.41,4334300,32.431763,-23.2246988706
2012-07-23,33.900002,34.27,33.790001,34.150002,3321400,32.186712,-23.8048049942
2012-07-24,34.150002,34.150002,33.380001,33.720001,4082900,31.781433,-24.7642168297
2012-07-25,33.880001,34.009998,33.560001,33.66,4154500,31.724881,-24.8980916619
2012-07-26,34.080002,34.470001,34.0,34.150002,4743000,32.186712,-23.8048049942
2012-07-27,34.43,34.98,34.279999,34.73,4101000,32.733366,-22.5107179148
2012-07-30,34.599998,35.0,34.450001,34.759998,3019400,32.76164,-22.4437852332
2012-07-31,34.720001,34.91,34.220001,34.299999,5684500,32.328086,-23.4701321175
2012-08-01,35.860001,37.0,35.799999,36.400002,11316200,34.307359,-18.7846242531
2012-08-02,36.259998,36.560001,36.009998,36.529999,6685500,34.429883,-18.4945747422
2012-08-03,36.880001,37.380001,36.630001,37.040001,6066600,34.910565,-17.3566623414
2012-08-06,37.18,37.400002,36.959999,37.040001,4107900,34.910565,-17.3566623414
2012-08-07,37.220001,38.25,37.150002,38.110001,7611300,35.91905,-14.9692885943
2012-08-08,37.970001,38.380001,37.75,38.240002,4258800,36.041577,-14.6792319815
2012-08-09,38.220001,38.380001,37.939999,38.049999,3305800,35.862498,-15.1031634265
2012-08-10,37.970001,38.040001,37.77,37.98,2398200,35.796523,-15.259345207
2012-08-13,37.970001,38.060001,37.82,37.939999,2099500,35.758822,-15.3485943061
2012-08-14,37.799999,37.919998,37.400002,37.509998,6416900,35.353542,-16.3080085088
2012-08-15,37.549999,38.029999,37.509998,37.889999,3700700,35.711697,-15.4601527207
2012-08-16,37.98,38.099998,37.610001,37.740002,3777200,35.570323,-15.7948255975
2012-08-17,37.91,38.18,37.790001,37.860001,4225800,35.683423,-15.5270854023
2012-08-20,37.900002,38.150002,37.880001,38.119999,2580700,35.928474,-14.9469792786
2012-08-21,38.119999,38.48,38.110001,38.25,3643300,36.051001,-14.6569226659
2012-08-22,38.240002,38.5,38.139999,38.34,3007800,36.135827,-14.4561151521
2012-08-23,38.119999,38.279999,37.619999,37.709999,3559300,35.542045,-15.8617677482
2012-08-24,37.619999,37.849998,37.52,37.759998,2430200,35.58917,-15.7502093335
2012-08-27,37.799999,37.900002,37.57,37.639999,2433800,35.476069,-16.017951896
2012-08-28,37.560001,37.669998,37.419998,37.5,3347400,35.344119,-16.3303154572
2012-08-29,37.400002,37.5,37.16,37.330002,2913000,35.391526,-16.2180894674
2012-08-30,37.150002,37.299999,37.02,37.18,1921800,35.249313,-16.5547484983
2012-08-31,37.32,37.52,37.099998,37.279999,3527000,35.344119,-16.3303154572
2012-09-04,37.290001,37.580002,37.259998,37.400002,3058700,35.45789,-16.0609868121
2012-09-05,37.540001,37.970001,37.540001,37.790001,4732500,35.827638,-15.1856870622
2012-09-06,38.029999,38.549999,37.900002,38.459999,4218800,36.462844,-13.6819719565
2012-09-07,38.52,38.650002,38.32,38.48,3107800,36.481806,-13.6370834544
2012-09-10,38.349998,38.48,38.240002,38.25,2163200,36.26375,-14.153284657
2012-09-11,38.259998,38.599998,38.169998,38.5,2289600,36.500768,-13.5921949524
2012-09-12,38.59,38.830002,38.549999,38.82,2788800,36.804151,-12.8740002251
2012-09-13,38.759998,39.470001,38.59,39.43,3497800,37.382475,-11.5049411564
2012-09-14,39.59,39.900002,39.389999,39.860001,3680400,37.790146,-10.5398667697
2012-09-17,39.73,39.849998,39.639999,39.790001,2711300,37.723782,-10.696969425
2012-09-18,39.75,39.889999,39.41,39.860001,3607200,37.790146,-10.5398667697
2012-09-19,39.84,39.849998,39.450001,39.509998,3713200,37.458319,-11.3253966173
2012-09-20,39.360001,39.900002,39.220001,39.869999,4727000,37.799626,-10.5174248859
2012-09-21,40.0,40.639999,39.889999,40.43,5677100,38.330547,-9.26058233776
2012-09-24,40.259998,40.59,40.220001,40.240002,3433800,38.150415,-9.68700653626
2012-09-25,40.389999,40.720001,39.919998,39.939999,4550200,37.86599,-10.3603222306
2012-09-26,39.900002,40.0,39.450001,39.459999,3392700,37.410916,-11.4376131379
2012-09-27,39.59,39.880001,39.43,39.77,3594100,37.70482,-10.7418579271
2012-09-28,39.669998,39.799999,39.380001,39.610001,2803500,37.553128,-11.1009564743
2012-10-01,39.790001,40.240002,39.66,39.950001,3301100,37.875473,-10.337873245
2012-10-02,40.029999,40.240002,39.860001,40.080002,2173000,37.998723,-10.0461050835
2012-10-03,40.18,40.529999,40.110001,40.380001,2974900,38.283144,-9.37279885832
2012-10-04,40.610001,40.970001,40.529999,40.82,2550900,38.700295,-8.38528258788
2012-10-05,41.029999,41.18,40.84,40.98,2518500,38.851986,-8.02618640789
2012-10-08,40.84,41.25,40.790001,41.209999,1976500,39.070042,-7.50998520529
2012-10-09,41.25,41.549999,40.860001,40.880001,3116200,38.75718,-8.25061944901
2012-10-10,40.880001,40.91,40.470001,40.57,3947600,38.463277,-8.94637229254
2012-10-11,40.73,41.240002,40.669998,40.82,3064000,38.700295,-8.38528258788
2012-10-12,40.790001,41.009998,40.400002,40.610001,2812700,38.5012,-8.85659765572
2012-10-15,40.669998,41.150002,40.580002,41.119999,3166700,38.984715,-7.71197872996
2012-10-16,41.299999,41.689999,41.259998,41.419998,2246800,39.269136,-7.03867250475
2012-10-17,41.48,41.939999,41.439999,41.869999,3199400,39.695769,-6.028709616
2012-10-18,41.93,42.810001,41.93,42.619999,4364700,40.406823,-4.34544050203
2012-10-19,42.650002,42.709999,41.720001,42.009998,3274800,39.828499,-5.71449957077
2012-10-22,41.98,42.380001,41.84,42.259998,2377300,40.065517,-5.15340986612
2012-10-23,41.77,41.849998,41.119999,41.290001,4317200,39.145889,-7.33043356437
2012-10-24,41.43,41.610001,41.119999,41.169998,3415600,39.032118,-7.5997622094
2012-10-25,41.599998,41.630001,40.290001,40.509998,5994000,38.406391,-9.0810377987
2012-10-26,40.32,40.470001,39.810001,40.150002,6261000,38.065088,-9.88900006092
2012-10-31,39.900002,40.970001,39.279999,39.98,7261500,37.903914,-10.2705452265
2012-11-01,40.740002,40.759998,38.740002,39.049999,8400100,37.022207,-12.3577990225
2012-11-02,39.27,39.27,37.919998,38.560001,9861600,36.557654,-13.4575294462
2012-11-05,38.259998,38.779999,38.110001,38.68,4010700,36.671421,-13.1882102703
2012-11-06,38.810001,39.41,38.740002,39.25,4194200,37.211822,-11.9089258384
2012-11-07,38.959999,38.98,38.389999,38.669998,5630200,36.661939,-13.2106568887
2012-11-08,38.599998,39.09,38.52,38.68,4814000,36.671421,-13.1882102703
2012-11-09,38.580002,39.07,38.150002,38.73,4126000,36.718824,-13.0759937498
2012-11-12,38.740002,38.740002,38.23,38.549999,2416300,36.548171,-13.4799784318
2012-11-13,38.25,38.830002,38.060001,38.09,4310200,36.112059,-14.512380837
2012-11-14,38.259998,39.59,38.119999,38.34,4824100,36.349077,-13.9512911324
2012-11-15,38.360001,38.57,38.040001,38.279999,3195300,36.292191,-14.0859566385
2012-11-16,38.450001,38.990002,38.02,38.919998,5309000,36.898956,-12.6495695513
2012-11-19,39.189999,39.869999,39.110001,39.68,5828600,37.619493,-10.9438514517
2012-11-20,39.639999,40.119999,39.509998,40.080002,4980200,37.998723,-10.0461050835
2012-11-21,40.16,40.240002,39.700001,39.959999,2381100,37.884952,-10.3154337286
2012-11-23,40.16,40.759998,40.110001,40.740002,1563300,38.624451,-8.56482712695
2012-11-26,40.490002,40.560001,40.080002,40.450001,2507100,38.349509,-9.21569383571
2012-11-27,40.32,40.830002,40.209999,40.419998,4113900,38.321064,-9.28303132336
2012-11-28,40.16,40.700001,40.119999,40.630001,4987000,38.730967,-8.31267315138
2012-11-29,40.759998,40.970001,40.560001,40.639999,2904000,38.740498,-8.29011053599
2012-11-30,40.73,40.73,40.299999,40.48,3255700,38.587977,-8.65117156445
2012-12-03,40.52,40.790001,40.240002,40.490002,4122100,38.597511,-8.62860184719
2012-12-04,40.419998,40.77,40.330002,40.580002,2652600,38.683305,-8.42550279935
2012-12-05,40.610001,41.59,40.580002,41.299999,4704100,39.36965,-6.80072698764
2012-12-06,41.25,41.299999,40.740002,41.189999,3166800,39.264791,-7.04895836813
2012-12-07,41.369999,41.490002,41.189999,41.48,2411600,39.541237,-6.39453125924
2012-12-10,41.41,41.650002,41.200001,41.400002,2103500,39.464978,-6.57505822254
2012-12-11,41.52,41.560001,40.93,41.09,3837600,39.169466,-7.27462003136
2012-12-12,41.290001,41.59,41.09,41.16,2446400,39.236194,-7.11665568345
2012-12-13,41.16,41.43,40.73,40.849998,1818700,38.940682,-7.81621749227
2012-12-14,40.77,40.860001,40.110001,40.18,3875100,38.301999,-9.32816365601
2012-12-17,40.389999,40.990002,40.310001,40.790001,3069900,38.883489,-7.95160975563
2012-12-18,40.919998,41.91,40.849998,41.349998,5366400,39.417312,-6.68789733967
2012-12-19,41.389999,41.580002,40.630001,40.810001,4776900,38.902554,-7.90647742299
2012-12-20,40.799999,41.139999,40.639999,41.119999,3086700,39.198063,-7.20692271603
2012-12-21,40.740002,40.880001,40.25,40.310001,6824700,38.425924,-9.03479757559
2012-12-24,40.23,40.43,40.060001,40.330002,1193000,38.44499,-8.98966287565
2012-12-26,40.43,40.52,40.139999,40.27,1738900,38.387793,-9.12506460817
2012-12-27,40.32,40.450001,39.700001,40.130001,2058800,38.254337,-9.44099330398
2012-12-28,39.84,40.299999,39.689999,39.860001,2042000,37.996956,-10.0502880802
2012-12-31,39.720001,40.189999,39.540001,40.169998,3295100,38.292465,-9.35073337326
2013-01-02,40.900002,41.169998,40.650002,41.16,3176100,39.236194,-7.11665568345
2013-01-03,41.200001,41.630001,40.950001,41.580002,2794600,39.636565,-6.16886249415
2013-01-04,41.59,42.360001,41.450001,42.200001,3019200,40.227585,-4.76974834567
2013-01-07,42.07,42.099998,41.48,41.740002,2250600,39.789087,-5.8077990984
2013-01-08,41.619999,41.830002,41.470001,41.830002,2406500,39.87488,-5.60470241785
2013-01-09,41.84,42.419998,41.799999,42.23,3067800,40.256182,-4.70205103034
2013-01-10,42.490002,42.66,42.389999,42.580002,3104200,40.589825,-3.91222218895
2013-01-11,42.740002,43.0,42.450001,42.959999,2552200,40.952062,-3.05470313409
2013-01-14,42.939999,42.98,42.610001,42.93,2037500,40.923465,-3.12240044941
2013-01-15,42.57,43.0,42.57,42.91,1608400,40.904399,-3.16753514935
2013-01-16,42.810001,43.18,42.689999,42.779999,2255400,40.780475,-3.46089886248
2013-01-17,42.860001,43.34,42.720001,43.09,3540000,41.075987,-2.76133705366
2013-01-18,43.16,43.240002,42.880001,43.209999,3340300,41.190377,-2.49054305778
2013-01-22,43.439999,44.25,43.439999,44.200001,3907700,42.134106,-0.256465367974
2013-01-23,44.07,44.200001,43.720001,43.830002,3589100,41.781401,-1.09141944015
2013-01-24,43.869999,44.0,43.52,43.57,3809000,41.533551,-1.678151601
2013-01-25,43.66,43.990002,43.57,43.91,2274400,41.85766,-0.910892476855
2013-01-28,43.970001,43.970001,43.450001,43.529999,2526900,41.49542,-1.76841863358
2013-01-29,43.509998,43.880001,43.400002,43.82,2619500,41.771866,-1.1139915247
2013-01-30,43.82,44.5,43.630001,44.209999,3668900,42.143637,-0.233902752581
2013-01-31,44.189999,44.349998,43.799999,43.900002,3260700,41.848129,-0.933455092247
2013-02-01,44.220001,44.990002,44.09,44.84,3112700,42.744192,1.18778348044
2013-02-04,44.5,44.59,43.849998,43.93,3140400,41.876725,-0.865760144208
2013-02-05,44.130001,44.459999,44.119999,44.310001,1927700,42.238965,-0.00823398748626
2013-02-06,44.049999,44.34,43.91,44.310001,3163400,42.238965,-0.00823398748626
2013-02-07,45.669998,46.099998,44.509998,45.060001,7147000,42.953911,1.6842486087
2013-02-08,45.049999,45.290001,44.889999,45.139999,3511000,43.030169,1.86477320472
2013-02-11,45.029999,45.450001,44.91,45.25,2357700,43.135029,2.11300695249
2013-02-12,45.189999,45.669998,45.150002,45.610001,2700100,43.478203,2.92539840928
2013-02-13,45.59,45.91,45.48,45.880001,2424700,43.735584,3.53469318551
2013-02-14,45.68,46.080002,45.459999,45.880001,3968800,43.735584,3.53469318551
2013-02-15,45.990002,46.189999,45.720001,45.849998,3812800,43.706983,3.46698640104
2013-02-19,45.849998,46.75,45.849998,46.740002,4273900,44.555388,5.4754047949
2013-02-20,46.709999,47.080002,46.349998,46.41,5044100,44.24081,4.73070828615
2013-02-21,46.380001,46.529999,46.150002,46.470001,4037800,44.298007,4.86611001867
2013-02-22,46.639999,46.849998,46.540001,46.740002,2443800,44.555388,5.4754047949
2013-02-25,46.869999,46.880001,45.360001,45.360001,4533900,43.239888,2.36123833298
2013-02-26,45.27,45.720001,45.02,45.560001,4348200,43.671234,3.38235824684
2013-02-27,45.439999,46.139999,45.110001,46.049999,2914200,44.140918,4.49423522176
2013-02-28,45.98,46.34,45.77,46.02,3876800,44.112163,4.42616387503
2013-03-01,45.959999,46.360001,45.5,46.349998,3861600,44.428481,5.17497946371
2013-03-04,46.119999,46.540001,45.91,46.540001,3114300,44.610606,5.60612166582
2013-03-05,46.77,47.419998,46.759998,47.209999,5247500,45.252828,7.12644565937
2013-03-06,47.5,47.75,47.130001,47.330002,2541400,45.367856,7.39874998456
2013-03-07,47.349998,47.439999,47.200001,47.290001,1706000,45.329514,7.30798345435
2013-03-08,47.32,47.610001,47.119999,47.419998,3015100,45.454122,7.60296639201
2013-03-11,47.389999,47.759998,47.259998,47.75,2619200,45.770443,8.35178908255
2013-03-12,47.740002,47.880001,47.549999,47.709999,2453700,45.7321,8.26102018506
2013-03-13,47.75,47.98,47.73,47.93,2361300,45.942981,8.76023610118
2013-03-14,47.990002,48.279999,47.830002,48.200001,2623000,46.201788,9.37290662912
2013-03-15,48.0,48.299999,47.889999,47.98,4523800,45.990907,8.873690713
2013-03-18,47.360001,48.23,47.189999,47.860001,3312600,45.875883,8.60139585696
2013-03-19,48.009998,48.189999,47.509998,47.639999,3427700,45.665002,8.10217994084
2013-03-20,47.950001,48.130001,47.84,47.93,3033400,45.942981,8.76023610118
2013-03-21,47.810001,48.130001,47.66,47.799999,2145300,45.818369,8.46524369437
2013-03-22,48.029999,48.259998,47.790001,48.220001,2147800,46.220959,9.41828989422
2013-03-25,48.919998,49.0,48.330002,48.48,4346300,46.470179,10.0082652387
2013-03-26,48.57,48.900002,48.470001,48.650002,2308300,46.633133,10.3940241757
2013-03-27,48.380001,48.75,48.310001,48.669998,1831700,46.652301,10.4394003389
2013-03-28,48.75,49.130001,48.73,49.07,2464600,47.035719,11.3470609064
2013-04-01,49.169998,49.639999,49.09,49.279999,2879600,47.237013,11.823581639
2013-04-02,49.52,49.919998,49.419998,49.810001,2885300,47.745043,13.0262346133
2013-04-03,49.950001,49.950001,49.25,49.380001,3178700,47.332869,12.0505003318
2013-04-04,49.529999,49.849998,49.259998,49.509998,2560800,47.457477,12.3454832695
2013-04-05,49.029999,49.5,48.779999,49.32,3763500,47.275355,11.9143481692
2013-04-08,49.240002,50.16,49.240002,50.110001,4154500,48.032605,13.706976488
2013-04-09,50.200001,50.389999,49.650002,49.73,3739200,47.668358,12.8446991856
2013-04-10,49.860001,50.040001,49.57,49.73,3700400,47.668358,12.8446991856
2013-04-11,49.889999,50.43,49.77,50.279999,3474700,48.195556,14.0927283231
2013-04-12,50.07,50.560001,50.02,50.349998,2675600,48.262654,14.2515685673
2013-04-15,50.169998,50.240002,49.09,49.09,3385000,47.054891,11.3924465388
2013-04-16,49.34,49.549999,49.169998,49.5,2668100,47.447893,12.3227951879
2013-04-17,49.310001,49.360001,48.720001,49.07,3589700,47.035719,11.3470609064
2013-04-18,48.860001,49.0,48.220001,48.439999,4683400,46.431836,9.9174963412
2013-04-19,48.639999,49.02,48.540001,48.970001,2276900,46.939867,11.1201516828
2013-04-22,48.959999,49.16,48.5,49.009998,1692000,46.978206,11.2109111111
2013-04-23,49.389999,49.98,49.360001,49.799999,3809600,47.735456,13.0035394298
2013-04-24,49.650002,49.889999,49.560001,49.700001,3034200,47.639603,12.7766278389
2013-04-25,49.860001,49.970001,49.299999,49.529999,3851800,47.476649,12.3908689019
2013-04-26,49.560001,49.77,49.09,49.09,3672300,47.054891,11.3924465388
2013-04-29,49.299999,49.5,49.060001,49.25,2723800,47.208258,11.7555102923
2013-04-30,49.27,49.48,49.049999,49.259998,3147400,47.217841,11.7781960067
2013-05-01,49.279999,49.540001,48.380001,48.400002,4699000,46.393497,9.82673691285
2013-05-02,48.560001,48.810001,48.080002,48.25,5378400,46.249714,9.48636124095
2013-05-03,49.23,49.419998,48.549999,48.689999,4783000,46.671472,10.484783604
2013-05-06,48.57,49.200001,48.549999,49.099998,2760300,47.064475,11.4151346204
2013-05-07,49.130001,49.369999,49.07,49.310001,3156200,47.265771,11.8916600876
2013-05-08,49.259998,49.700001,49.18,49.689999,3377400,47.630015,12.7539302881
2013-05-09,49.619999,49.689999,49.27,49.43,3222900,47.380796,12.1639573109
2013-05-10,49.5,49.639999,49.169998,49.389999,2965200,47.342453,12.0731884135
2013-05-13,49.220001,49.5,49.119999,49.400002,1794800,47.352041,12.0958859642
2013-05-14,49.380001,50.380001,49.360001,50.360001,3931400,48.272241,14.2742637508
2013-05-15,50.330002,50.689999,50.119999,50.66,3399900,48.559803,14.9550056255
2013-05-16,50.360001,50.529999,50.029999,50.16,2849100,48.080532,13.8204334671
2013-05-17,50.189999,50.27,49.759998,50.0,4360500,47.927165,13.4573697136
2013-05-20,49.990002,50.18,49.720001,49.799999,3028200,47.735456,13.0035394298
2013-05-21,49.48,49.549999,48.529999,49.080002,5987200,47.045307,11.3697584572
2013-05-22,48.990002,49.880001,48.540001,48.790001,4997300,46.767329,10.7117046641
2013-05-23,48.41,49.009998,48.259998,48.759998,3869000,46.73857,10.6436238483
2013-05-24,48.560001,48.84,48.029999,48.73,3131600,46.709815,10.5755525015
2013-05-28,49.150002,49.490002,48.549999,48.82,3294900,46.796084,10.7797760108
2013-05-29,48.25,48.830002,48.099998,48.549999,3198200,46.776814,10.7341583843
2013-05-30,48.689999,49.049999,48.59,48.830002,3215900,47.04659,11.3727956868
2013-05-31,48.66,49.0,48.240002,48.240002,3024300,46.478139,10.0271088457
2013-06-03,48.240002,48.369999,47.110001,47.470001,5572300,45.736261,8.27087046757
2013-06-04,47.389999,47.66,46.450001,46.68,4947600,44.975113,6.46901446289
2013-06-05,46.450001,46.650002,45.830002,45.860001,4327700,44.185062,4.59873675296
2013-06-06,45.84,46.490002,45.599998,46.490002,4163900,44.792054,6.03566121442
2013-06-07,46.810001,47.52,46.630001,47.459999,3965000,45.726624,8.24805691972
2013-06-10,47.509998,47.740002,47.139999,47.299999,3518800,45.572468,7.8831253765
2013-06-11,46.959999,47.560001,46.630001,47.25,4054100,45.524295,7.76908604471
2013-06-12,47.509998,47.599998,46.970001,47.02,4353000,45.302695,7.24449517587
2013-06-13,46.970001,47.52,46.529999,47.41,3063800,45.678451,8.13401758793
2013-06-14,47.419998,47.549999,46.77,46.869999,2723400,45.158172,6.90236771135
2013-06-17,47.09,47.66,47.049999,47.419998,2192600,45.688084,8.15682166663
2013-06-18,47.639999,47.73,47.27,47.669998,2060900,45.928953,8.72702779473
2013-06-19,47.610001,47.919998,47.040001,47.049999,3277300,45.331598,7.31291688112
2013-06-20,46.740002,47.990002,46.470001,46.57,5456300,44.86913,6.21812225146
2013-06-21,46.950001,47.43,46.5,47.23,7306500,45.505025,7.72346841817
2013-06-24,46.68,47.02,46.290001,46.599998,4401300,44.898033,6.2865439567
2013-06-25,46.869999,47.200001,46.779999,46.880001,3358200,45.167809,6.9251812592
2013-06-26,47.110001,47.900002,46.959999,47.759998,4191400,46.015666,8.93230237962
2013-06-27,48.060001,48.419998,48.0,48.299999,2486200,46.535945,10.1639522562
2013-06-28,48.299999,48.57,48.099998,48.119999,3726300,46.362519,9.75340308643
2013-07-01,48.299999,49.02,48.279999,48.689999,2751400,46.9117,11.053472301
2013-07-02,48.68,49.209999,48.380001,48.52,2590000,46.747911,10.6657366791
2013-07-03,48.299999,48.639999,48.040001,48.470001,1103600,46.699738,10.5516973473
2013-07-05,48.709999,49.150002,48.619999,49.130001,1754700,47.335633,12.057043514
2013-07-08,49.32,50.34,49.32,50.07,4121800,48.2413,14.201017514
2013-07-09,50.310001,50.650002,50.09,50.549999,3136700,48.703768,15.2958121437
2013-07-10,50.540001,50.57,49.869999,50.299999,2928000,48.462899,14.7256060156
2013-07-11,50.759998,50.849998,50.27,50.380001,2735600,48.539979,14.9080765218
2013-07-12,50.43,51.110001,50.41,51.110001,1903100,49.243317,16.5730796468
2013-07-15,51.209999,51.279999,50.650002,51.200001,2966700,49.33003,16.7783542317
2013-07-16,51.189999,51.57,50.889999,51.0,1732700,49.137334,16.3221874354
2013-07-17,51.200001,51.389999,50.939999,51.029999,2239400,49.166237,16.3906091406
2013-07-18,51.310001,52.380001,51.25,52.080002,3134800,50.177891,18.7854848213
2013-07-19,52.09,52.18,51.630001,52.099998,1937000,50.197157,18.8310929787
2013-07-22,52.080002,52.450001,51.93,52.41,1389700,50.495836,19.5381519864
2013-07-23,52.360001,52.380001,51.77,52.080002,2525400,50.177891,18.7854848213
2013-07-24,52.139999,52.369999,50.720001,50.990002,3555800,49.127701,16.2993833567
2013-07-25,51.130001,51.279999,50.610001,51.220001,2933900,49.3493,16.8239718582
2013-07-26,50.990002,51.549999,50.970001,51.52,2068800,49.638342,17.5082173181
2013-07-29,51.57,51.57,51.209999,51.349998,1762500,49.474549,17.1204722271
2013-07-30,51.5,51.5,50.860001,50.91,2433800,49.050621,16.1169128505
2013-07-31,50.830002,51.5,50.75,50.98,2942500,49.118064,16.2765698088
2013-08-01,51.93,52.610001,51.75,52.220001,3829400,50.312777,19.1047987379
2013-08-02,52.09,52.299999,51.77,52.150002,2910000,50.245334,18.9451417796
2013-08-05,51.830002,51.830002,51.110001,51.290001,2933900,49.416743,16.9836288166
2013-08-06,51.200001,51.23,50.459999,50.700001,3984100,48.848291,15.6379396082
2013-08-07,50.5,50.610001,50.139999,50.169998,4881300,48.337646,14.4290961776
2013-08-08,50.41,50.939999,50.259998,50.389999,3445600,48.549612,14.9308806005
2013-08-09,50.380001,50.919998,50.34,50.66,2094500,48.809751,15.5467043551
2013-08-12,50.380001,50.73,50.16,50.259998,2779500,48.424359,14.6343707625
2013-08-13,50.290001,50.759998,50.040001,50.48,1718000,48.636325,15.1361551854
2013-08-14,50.709999,50.709999,50.139999,50.220001,1929700,48.385823,14.5431449786
2013-08-15,49.669998,50.119999,49.200001,49.360001,2454400,47.557232,12.5816320155
2013-08-16,49.16,49.75,49.07,49.389999,4463800,47.586135,12.6500537208
2013-08-19,49.279999,49.32,48.939999,48.939999,2137300,47.15257,11.6236807964
2013-08-20,48.990002,49.330002,48.82,49.040001,2346200,47.24892,11.8517689291
2013-08-21,48.860001,49.290001,48.610001,48.82,2503000,47.036953,11.3499821389
2013-08-22,48.810001,49.540001,48.799999,49.400002,1431400,47.595772,12.6728672686
2013-08-23,49.310001,49.389999,48.970001,49.27,1504700,47.470519,12.3763574306
2013-08-26,49.18,49.189999,48.709999,48.75,2341600,46.96951,11.1903251806
2013-08-27,48.279999,48.450001,47.799999,47.82,2491000,46.073476,9.06915525925
2013-08-28,47.540001,47.98,47.32,47.75,2256800,46.247814,9.48186339505
2013-08-29,47.740002,48.220001,47.66,48.07,2033900,46.557747,10.2155638542
2013-08-30,48.16,48.330002,47.75,47.919998,2864200,46.412464,9.87163725134
2013-09-03,48.919998,49.080002,48.16,48.459999,2883600,46.935477,11.1097592914
2013-09-04,48.419998,48.700001,48.099998,48.240002,2928500,46.722401,10.6053471797
2013-09-05,48.290001,48.650002,48.23,48.48,2548700,46.954848,11.155616014
2013-09-06,48.639999,48.790001,47.830002,48.400002,2940700,46.877367,10.9721962256
2013-09-09,48.450001,49.23,48.450001,49.18,2501200,47.632827,12.7605871001
2013-09-10,49.57,49.689999,48.950001,49.439999,3397100,47.884646,13.3567150242
2013-09-11,49.389999,50.189999,49.369999,50.110001,3160300,48.533571,14.8929069447
2013-09-12,50.599998,50.720001,50.080002,50.119999,2606900,48.543254,14.9158293877
2013-09-13,50.450001,50.509998,50.009998,50.060001,1817200,48.485144,14.7782663219
2013-09-16,50.459999,50.779999,50.389999,50.509998,1772500,48.920985,15.8100271922
2013-09-17,50.779999,51.450001,50.73,51.189999,2539700,49.579592,17.3691391884
2013-09-18,51.220001,51.900002,50.98,51.82,3774300,50.189774,18.8136152964
2013-09-19,52.0,52.799999,51.970001,52.619999,4229200,50.964606,20.6478652607
2013-09-20,52.82,52.98,51.950001,52.0,5117700,50.364112,19.2263234322
2013-09-23,51.779999,52.490002,51.599998,52.16,4580900,50.519078,19.5931724782
2013-09-24,52.049999,52.23,51.720001,51.75,2623300,50.121977,18.6531203184
2013-09-25,51.759998,52.119999,51.59,51.610001,3111700,49.986381,18.3321256277
2013-09-26,51.529999,51.919998,51.259998,51.349998,2331800,49.734559,17.7359906017
2013-09-27,51.23,51.450001,50.970001,51.07,2622000,49.463369,17.0940059549
2013-09-30,50.77,50.959999,50.450001,50.549999,3399600,48.959727,15.9017406374
2013-10-01,50.669998,50.849998,50.470001,50.73,2837700,49.134065,16.3144487732
2013-10-02,51.130001,51.189999,50.66,51.189999,3011100,49.579592,17.3691391884
2013-10-03,50.84,50.98,50.240002,50.889999,4243900,49.289031,16.6812978191
2013-10-04,50.919998,52.369999,50.75,52.349998,5002800,50.703099,20.028803057
2013-10-07,51.860001,51.91,51.490002,51.5,3100800,49.879841,18.0799148372
2013-10-08,51.450001,51.689999,50.470001,50.490002,3516800,48.901617,15.7641775715
2013-10-09,50.610001,51.139999,50.209999,50.939999,3532500,49.337457,16.7959360746
2013-10-10,51.549999,52.02,51.549999,51.98,2275100,50.34474,19.1804643424
2013-10-11,51.93,52.52,51.799999,52.52,1855500,50.867753,20.4185863825
2013-10-14,52.299999,52.919998,52.23,52.82,2162300,51.158315,21.1064301191
2013-10-15,52.529999,52.900002,52.279999,52.41,1852900,50.761213,20.166375592
2013-10-16,52.759998,53.900002,52.73,53.639999,3512400,51.952518,22.9865368059
2013-10-17,53.389999,54.0,53.380001,53.950001,1754000,52.252767,23.6973124548
2013-10-18,54.099998,54.139999,53.66,53.869999,2011100,52.175282,23.5138831972
2013-10-21,53.970001,54.18,53.470001,53.82,2053800,52.126855,23.3992425744
2013-10-22,54.099998,54.57,53.650002,53.77,2902900,52.078429,23.284604319
2013-10-23,53.619999,53.689999,52.77,53.080002,3200200,51.410137,21.7025651451
2013-10-24,53.16,53.560001,53.139999,53.549999,2721500,51.865349,22.780182738
2013-10-25,53.540001,53.720001,53.200001,53.349998,1740900,51.67164,22.3216178797
2013-10-28,53.259998,53.43,53.049999,53.16,2127100,51.487619,21.8859873008
2013-10-29,53.52,53.580002,53.18,53.360001,2098900,51.681327,22.3445497919
2013-10-30,53.279999,53.560001,52.52,52.959999,3133100,51.29391,21.4274224425
2013-10-31,52.43,53.560001,52.290001,53.060001,4230500,51.390766,21.6567084226
2013-11-01,53.310001,53.41,52.759998,53.279999,3130800,51.603842,22.1611205343
2013-11-04,53.5,53.669998,53.110001,53.18,1791000,51.50699,21.9318440234
2013-11-05,53.060001,53.299999,52.779999,52.990002,1593200,51.322968,21.4962110772
2013-11-06,53.220001,53.650002,53.09,53.619999,1715900,51.933146,22.9406777161
2013-11-07,53.68,53.849998,52.93,52.939999,2233500,51.274539,21.3815657199
2013-11-08,52.98,54.16,52.959999,54.119999,2362600,52.417417,24.087086311
2013-11-11,54.07,54.259998,53.849998,54.16,1476100,52.456159,24.1787997562
2013-11-12,53.93,54.029999,53.240002,53.380001,2005100,51.700699,22.3904088817
2013-11-13,53.18,53.950001,53.130001,53.950001,2094200,52.252767,23.6973124548
2013-11-14,54.0,54.5,53.810001,54.470001,1713600,52.756408,24.889575405
2013-11-15,54.34,54.709999,54.209999,54.700001,1777100,52.979172,25.4169217963
2013-11-18,54.700001,54.709999,54.139999,54.240002,2047200,52.533644,24.3622290137
2013-11-19,54.209999,54.369999,53.869999,54.029999,1295400,52.330248,23.8807322432
2013-11-20,54.07,54.150002,53.580002,53.669998,1418800,51.981573,23.0553183388
2013-11-21,53.880001,54.48,53.810001,54.32,2191700,52.611126,24.5456511694
2013-11-22,54.34,54.75,54.18,54.709999,1689100,52.988856,25.4398466066
2013-11-25,54.75,54.799999,54.5,54.549999,1560700,52.833889,25.0729951934
2013-11-26,54.43,54.790001,54.310001,54.490002,1778000,53.018761,25.5106403338
2013-11-27,54.549999,54.84,54.259998,54.380001,1769000,52.911731,25.2572695725
2013-11-29,54.610001,54.709999,54.189999,54.27,1163300,52.8047,25.003896444
2013-12-02,54.279999,54.349998,53.82,53.91,1793300,52.45442,24.1746830435
2013-12-03,53.66,53.91,53.25,53.509998,2549200,52.065218,23.2533300862
2013-12-04,53.290001,53.82,53.029999,53.57,2502100,52.1236,23.3915370542
2013-12-05,53.459999,53.709999,53.169998,53.400002,2607900,51.958191,22.9999664269
2013-12-06,53.98,54.459999,53.950001,54.32,2106100,52.853349,25.1190626045
2013-12-09,54.049999,54.450001,54.049999,54.110001,1586600,52.64902,24.6353571549
2013-12-10,53.91,54.209999,53.779999,53.779999,1371700,52.327929,23.8752425039
2013-12-11,53.779999,53.98,52.970001,53.07,2740700,51.6371,22.2398517758
2013-12-12,52.959999,53.189999,52.759998,52.790001,2065600,51.364661,21.5949103872
2013-12-13,52.91,53.279999,52.73,52.810001,1535500,51.384121,21.6409777984
2013-12-16,53.189999,53.220001,52.669998,52.830002,1895900,51.403582,21.6870475768
2013-12-17,52.700001,52.75,52.0,52.18,2275000,50.77113,20.1898519803
2013-12-18,52.5,52.75,51.75,52.740002,3144900,51.316012,21.4797442267
2013-12-19,52.450001,53.330002,52.330002,53.25,3017300,51.81224,22.6544584761
2013-12-20,53.080002,54.049999,53.080002,53.77,5598000,52.3182,23.8522111656
2013-12-23,54.0,54.07,53.610001,53.700001,1816900,52.250091,23.6909775939
2013-12-24,53.689999,53.970001,53.639999,53.970001,692600,52.512801,24.3128876442
2013-12-26,54.029999,54.07,53.66,53.77,1297100,52.3182,23.8522111656
2013-12-27,53.790001,53.950001,53.459999,53.650002,1886300,52.201441,23.5758090661
2013-12-30,53.68,54.330002,53.639999,54.23,2375700,52.765779,24.9117592544
2013-12-31,54.32,54.599998,54.200001,54.540001,1562200,53.067411,25.6258088616
2014-01-02,54.09,54.450001,53.5,53.549999,1909100,52.104139,23.3454672758
2014-01-03,53.650002,53.799999,53.110001,53.330002,1570200,51.890082,22.8387328552
2014-01-06,53.540001,53.68,52.830002,53.119999,2696000,51.685749,22.3550179364
2014-01-07,53.349998,53.48,53.139999,53.349998,1882600,51.909538,22.8847907972
2014-01-08,53.240002,53.709999,53.049999,53.52,3075400,52.07495,23.2763685264
2014-01-09,53.619999,54.0,53.549999,53.830002,1991600,52.376582,23.9904181336
2014-01-10,53.75,54.34,53.52,54.09,2421800,52.62956,24.5892897438
2014-01-13,53.939999,54.18,53.439999,53.459999,2964300,52.016569,23.1381639257
2014-01-14,53.59,54.040001,53.459999,53.990002,2132800,52.532261,24.3589550554
2014-01-15,54.009998,54.080002,53.529999,53.889999,2235700,52.434959,24.1286132651
2014-01-16,53.82,53.889999,53.080002,53.18,3703800,51.74413,22.4932225371
2014-01-17,53.240002,53.290001,52.849998,52.900002,1847000,51.471691,21.8482811485
2014-01-21,53.279999,53.419998,52.330002,52.68,2973900,51.25763,21.3415372587
2014-01-22,52.75,52.919998,51.990002,52.41,3169800,50.99492,20.7196272084
2014-01-23,52.009998,52.18,51.330002,51.639999,2879600,50.24571,18.9460318796
2014-01-24,51.220001,51.650002,50.619999,50.619999,3359800,49.253249,16.5965915444
2014-01-27,50.619999,51.110001,50.349998,50.700001,3864200,49.331091,16.7808659235
2014-01-28,50.860001,51.889999,50.799999,51.77,3156000,50.372201,19.2454724193
2014-01-29,51.27,52.139999,51.27,51.740002,3602000,50.343012,19.1763736699
2014-01-30,52.049999,52.369999,51.84,52.299999,1801700,50.887889,20.4662540798
2014-01-31,51.560001,51.849998,51.16,51.200001,3877000,49.817591,17.9325512019
2014-02-03,51.200001,51.200001,49.869999,49.959999,3147400,48.61107,15.0763693442
2014-02-04,50.189999,50.380001,49.68,49.900002,3540400,48.552692,14.9381718454
2014-02-05,49.779999,50.0,49.18,49.549999,3798600,48.21214,14.1319874159
2014-02-06,50.869999,52.389999,50.240002,52.360001,6487400,50.946271,20.6044610478
2014-02-07,52.630001,52.82,51.91,52.759998,4101000,51.335468,21.5258021687
2014-02-10,52.619999,52.619999,51.5,52.09,4023500,50.68356,19.9825486302
2014-02-11,51.77,53.02,51.68,52.810001,3150500,51.384121,21.6409777984
2014-02-12,52.610001,52.75,52.279999,52.529999,3991600,51.111679,20.9960293079
2014-02-13,52.25,52.709999,52.060001,52.700001,1671300,51.277091,21.3876070371
2014-02-14,52.66,53.060001,52.389999,52.959999,2183400,51.530069,21.9864786473
2014-02-18,53.09,53.169998,52.169998,52.18,3507200,50.77113,20.1898519803
2014-02-19,52.0,52.220001,51.639999,51.790001,3504900,50.391661,19.2915398304
2014-02-20,53.220001,53.650002,52.43,53.470001,4347800,52.026301,23.1612023658
2014-02-21,53.400002,54.009998,53.209999,53.860001,3665700,52.40577,24.0595145157
2014-02-24,53.59,54.299999,53.25,53.860001,3995900,52.40577,24.0595145157
2014-02-25,53.77,53.959999,53.509998,53.650002,2714500,52.201441,23.5758090661
2014-02-26,53.779999,54.049999,53.470001,53.849998,2025700,52.396038,24.0364760756
2014-02-27,53.57,54.240002,53.34,54.23,2373200,53.041577,25.5646523611
2014-02-28,54.27,54.799999,54.009998,54.259998,3521100,53.070919,25.6341133055
2014-03-03,53.709999,54.32,53.599998,54.049999,3281600,52.865521,25.1478772257
2014-03-04,54.68,54.900002,54.369999,54.849998,3531400,53.647989,27.0002037959
2014-03-05,54.799999,55.099998,54.560001,55.07,2218900,53.863169,27.5095966802
2014-03-06,55.200001,55.48,54.959999,55.169998,2414200,53.960976,27.7411339506
2014-03-07,55.419998,55.73,55.18,55.709999,2471700,54.489143,28.9914569895
2014-03-10,55.68,55.810001,55.369999,55.799999,1956900,54.577171,29.1998445572
2014-03-11,55.900002,55.93,55.5,55.610001,2361500,54.391336,28.7599197192
2014-03-12,55.380001,55.66,55.130001,55.490002,2210400,54.273967,28.4820735744
2014-03-13,55.630001,55.709999,55.07,55.110001,2762500,53.902293,27.6022144291
2014-03-14,55.060001,55.380001,55.060001,55.130001,2695300,53.921856,27.6485256708
2014-03-17,55.52,55.68,55.330002,55.52,1338000,54.303308,28.5515321514
2014-03-18,55.650002,55.709999,55.380001,55.470001,2038300,54.254405,28.4357646999
2014-03-19,55.540001,55.669998,55.02,55.310001,3238800,54.097911,28.065298439
2014-03-20,55.07,55.790001,55.009998,55.560001,2539200,54.342433,28.6441522676
2014-03-21,55.860001,56.41,55.700001,56.060001,3903200,54.831475,29.8018551904
2014-03-24,56.330002,56.599998,55.990002,56.18,2366200,54.948845,30.0797037024
2014-03-25,56.419998,56.48,55.630001,56.0,3152100,54.772789,29.662928567
2014-03-26,56.330002,56.369999,55.689999,55.700001,1991900,54.479364,28.9683072869
2014-03-27,55.599998,55.799999,55.450001,55.639999,1918800,54.420678,28.8293806635
2014-03-28,55.869999,56.060001,55.509998,55.799999,1468000,54.577171,29.1998445572
2014-03-31,56.200001,56.650002,56.119999,56.580002,2123500,55.34008,31.0058693548
2014-04-01,56.830002,56.84,56.119999,56.490002,2229000,55.252053,30.7974841544
2014-04-02,55.73,56.650002,55.639999,56.150002,2328500,54.919503,30.0102427581
2014-04-03,56.48,56.689999,56.27,56.59,2207000,55.34986,31.0290214248
2014-04-04,56.889999,57.279999,56.400002,56.41,2615800,55.173804,30.6122462894
2014-04-07,56.349998,56.48,55.709999,55.75,2625100,54.528268,29.0840771057
2014-04-08,55.68,56.119999,55.5,55.889999,2101000,54.665199,29.4082321249
2014-04-09,56.119999,56.23,55.66,56.130001,2186700,54.899941,29.9639338836
2014-04-10,56.110001,56.43,55.5,55.509998,3705600,54.293525,28.5283729797
2014-04-11,55.25,55.5,54.950001,55.290001,2678300,54.078349,28.0189895645
2014-04-14,55.759998,55.82,54.810001,55.200001,3510600,53.990321,27.8106019968
2014-04-15,55.369999,55.720001,55.060001,55.560001,3503000,54.342433,28.6441522676
2014-04-16,56.060001,56.200001,55.77,55.990002,2705500,54.76301,29.6397788644
2014-04-17,55.790001,56.27,55.669998,55.77,3150400,54.54783,29.1303859801
2014-04-21,54.93,56.060001,54.93,55.77,2084000,54.54783,29.1303859801
2014-04-22,55.75,56.150002,55.599998,56.02,1983000,54.792351,29.7092374415
2014-04-23,56.130001,56.34,56.02,56.189999,1663500,54.958624,30.1028534051
2014-04-24,56.369999,56.470001,56.049999,56.400002,1885600,55.164025,30.5890965867
2014-04-25,56.630001,56.700001,56.080002,56.110001,2208400,54.880379,29.9176250092
2014-04-28,56.369999,57.049999,56.290001,56.84,3271500,55.594381,31.6078728862
2014-04-29,57.02,57.34,56.84,56.889999,1820000,55.643285,31.723642705
2014-04-30,56.849998,57.080002,56.439999,56.950001,2438900,55.701971,31.8625693283
2014-05-01,56.93,57.5,56.790001,57.290001,2177500,56.03452,32.6498083574
2014-05-02,57.299999,57.639999,57.099998,57.18,1898500,55.92693,32.3951119152
2014-05-05,56.959999,57.200001,56.560001,57.119999,1548600,55.868244,32.2561852919
2014-05-06,56.91,57.119999,56.43,56.57,2982600,55.330297,30.982710183
2014-05-07,57.029999,57.970001,56.98,57.82,3056500,56.552904,33.8769722245
2014-05-08,57.689999,58.32,57.66,57.98,3403400,56.709398,34.2474384854
2014-05-09,58.060001,58.299999,57.720001,58.130001,2561500,56.856112,34.5947526765
2014-05-12,58.299999,58.439999,58.099998,58.349998,1800300,57.071288,35.1041360916
2014-05-13,58.389999,58.639999,58.279999,58.400002,2153300,57.120196,35.2199153796
2014-05-14,58.380001,58.529999,58.0,58.09,2775600,56.816988,34.5021349276
2014-05-15,57.869999,57.91,57.380001,57.560001,3390700,56.298604,33.2749710605
2014-05-16,57.529999,57.900002,57.119999,57.740002,3971100,56.474659,33.6917438286
2014-05-19,57.68,58.240002,57.59,58.200001,2085500,56.924578,34.7568313697
2014-05-20,57.98,58.369999,57.830002,58.080002,2255700,56.807209,34.4789852249
2014-05-21,58.330002,58.689999,58.209999,58.419998,1520400,57.139754,35.2662147849
2014-05-22,58.400002,58.52,58.259998,58.349998,1798000,57.071288,35.1041360916
2014-05-23,58.330002,58.599998,58.18,58.380001,1418700,57.100634,35.1736065051
2014-05-27,58.439999,58.669998,58.41,58.459999,1575600,57.178878,35.3588325338
2014-05-28,58.220001,58.41,58.07,58.18,1738900,57.178878,35.3588325338
2014-05-29,58.259998,58.380001,58.040001,58.299999,1240200,57.296812,35.6380161959
2014-05-30,58.259998,58.540001,58.09,58.259998,3304000,57.2575,35.544953397
2014-06-02,58.470001,58.880001,58.470001,58.669998,1585900,57.660444,36.4988376165
2014-06-03,58.43,58.650002,58.279999,58.580002,1767100,57.571997,36.2894581555
2014-06-04,58.34,58.759998,58.34,58.619999,1678600,57.611306,36.3825138525
2014-06-05,58.599998,59.18,58.599998,59.110001,2443700,58.092876,37.5225284044
2014-06-06,59.209999,59.68,59.099998,59.32,1458400,58.299261,38.0111009968
2014-06-09,59.189999,59.360001,59.049999,59.16,1516700,58.142015,37.6388545358
2014-06-10,59.07,59.400002,59.07,59.18,1857500,58.161671,37.6853859352
2014-06-11,59.23,59.439999,58.810001,59.080002,1597600,58.063393,37.4527336725
2014-06-12,59.139999,59.259998,58.580002,58.709999,2087700,57.699757,36.5919027827
2014-06-13,58.869999,59.07,58.709999,59.009998,1700100,57.994594,37.2898666726
2014-06-16,58.93,59.02,58.59,58.810001,1672400,57.798039,36.8245645145
2014-06-17,58.75,59.290001,58.580002,59.209999,1919500,58.191153,37.7551782998
2014-06-18,59.099998,59.459999,58.889999,59.16,2970600,58.142015,37.6388545358
2014-06-19,59.029999,59.040001,58.48,58.82,3662800,57.807865,36.8478254797
2014-06-20,58.900002,58.959999,58.52,58.82,5046800,57.807865,36.8478254797
2014-06-23,58.889999,59.5,58.889999,59.200001,2701500,58.181327,37.7319173347
2014-06-24,58.82,59.290001,58.77,58.919998,1959500,57.906143,37.0804777424
2014-06-25,58.84,58.990002,58.669998,58.709999,1903800,57.699757,36.5919027827
2014-06-26,58.73,58.810001,58.41,58.549999,1734400,57.54251,36.2196539544
2014-06-27,58.59,58.759998,58.439999,58.689999,2193600,57.680101,36.5453713833
2014-06-30,58.59,59.18,58.52,58.720001,1800700,57.709587,36.615173217
2014-07-01,58.93,59.290001,58.919998,59.119999,1789600,58.102702,37.5457893696
2014-07-02,59.080002,59.490002,58.889999,59.0,1590200,57.984768,37.2666057075
2014-07-03,59.220001,59.400002,58.93,58.970001,1530200,57.955285,37.1968109756
2014-07-07,58.720001,58.810001,58.400002,58.529999,2763600,57.522854,36.173122555
2014-07-08,58.48,58.720001,58.380001,58.48,2882000,57.473715,36.0567964236
2014-07-09,58.380001,58.700001,58.18,58.48,2808700,57.473715,36.0567964236
2014-07-10,58.07,58.290001,57.689999,58.07,2701900,57.07077,35.1029098368
2014-07-11,57.939999,58.25,57.759998,58.200001,1422800,57.198534,35.4053639332
2014-07-14,58.5,58.68,58.09,58.279999,2224600,57.277156,35.5914847964
2014-07-15,58.459999,58.650002,58.310001,58.459999,2049100,57.454059,36.0102650242
2014-07-16,58.560001,58.669998,58.110001,58.16,1901700,57.159222,35.3123011343
2014-07-17,58.029999,58.599998,57.810001,57.82,1970400,56.825072,34.5212720782
2014-07-18,57.860001,58.099998,57.52,58.060001,2016100,57.060944,35.0796488716
2014-07-21,57.830002,58.130001,57.57,58.009998,1493900,57.011801,34.9633132711
2014-07-22,57.799999,58.18,57.650002,58.09,1881900,57.090427,35.1494436035
2014-07-23,58.130001,58.490002,58.119999,58.330002,1260500,57.326299,35.7078203969
2014-07-24,58.25,58.57,58.130001,58.490002,1138100,57.483545,36.0800668579
2014-07-25,58.25,58.34,57.880001,57.939999,1193000,56.943006,34.8004557404
2014-07-28,57.919998,57.959999,57.360001,57.939999,2130600,56.943006,34.8004557404
2014-07-29,57.23,57.790001,57.029999,57.049999,3314600,56.068321,32.7298250359
2014-07-30,57.099998,57.18,56.630001,56.889999,3104200,55.911075,32.3575785749
2014-07-31,58.189999,59.889999,57.200001,58.450001,6258600,57.444233,35.987004059
2014-08-01,58.5,58.73,57.75,58.139999,3260300,57.139566,35.2657697349
2014-08-04,58.349998,59.0,58.119999,58.959999,5669000,57.945455,37.1735405413
2014-08-05,58.919998,59.279999,58.73,58.849998,3138900,57.837347,36.9176178443
2014-08-06,58.720001,59.59,58.720001,59.580002,2474000,58.554789,38.6160091896
2014-08-07,59.709999,59.970001,59.130001,59.310001,3130400,58.289435,37.9878400316
2014-08-08,59.549999,59.700001,58.990002,59.669998,2628400,58.643237,38.825391018
2014-08-11,59.810001,59.869999,59.400002,59.560001,2272600,58.535133,38.5694777902
2014-08-12,59.599998,60.189999,59.580002,60.150002,3453200,59.114981,39.9421446048
2014-08-13,60.25,60.470001,60.029999,60.110001,2574500,59.075668,39.8490794386
2014-08-14,60.189999,60.790001,60.189999,60.779999,2512900,59.734138,41.4078671164
2014-08-15,60.950001,61.119999,60.380001,60.689999,2418600,59.645686,41.1984758189
2014-08-18,60.970001,61.299999,60.889999,61.279999,2058300,60.225534,42.5711426335
2014-08-19,61.220001,61.290001,61.049999,61.09,1624900,60.038805,42.1291014406
2014-08-20,61.119999,61.439999,60.91,61.400002,1449600,60.343472,42.8503357648
2014-08-21,61.400002,61.560001,61.099998,61.509998,2367600,60.451576,43.1062489926
2014-08-22,61.27,61.470001,61.09,61.220001,1978400,60.166569,42.431555537
2014-08-25,61.52,62.009998,61.380001,61.91,1893800,60.844694,44.036872247
2014-08-26,61.880001,62.09,61.740002,61.860001,1876400,60.795556,43.920548483
2014-08-27,61.599998,61.68,61.419998,61.529999,1666500,60.74619,43.8036849774
2014-08-28,61.330002,61.540001,61.130001,61.150002,1847100,60.371033,42.9155805704
2014-08-29,61.259998,61.5,61.060001,61.490002,1934700,60.706702,43.7102055359
2014-09-02,61.73,61.970001,61.52,61.830002,1827100,61.042371,44.5048305014
2014-09-03,62.09,62.09,61.610001,61.639999,1479400,60.854789,44.0607700124
2014-09-04,61.669998,61.869999,61.32,61.369999,1563800,60.588228,43.4297435387
2014-09-05,61.389999,61.470001,61.099998,61.349998,1871800,60.568483,43.3830014506
2014-09-08,61.84,61.84,61.200001,61.389999,1203700,60.607974,43.476487994
2014-09-09,61.290001,61.360001,60.73,60.84,1757600,60.064981,42.1910675533
2014-09-10,61.060001,61.150002,60.790001,60.889999,1475800,60.114343,42.3079215897
2014-09-11,60.799999,61.240002,60.779999,61.209999,1764800,60.430267,43.0558044672
2014-09-12,61.080002,61.27,60.759998,61.0,2215700,60.222943,42.5650089921
2014-09-15,61.150002,61.869999,61.09,61.619999,2063000,60.835044,44.0140279244
2014-09-16,61.349998,61.860001,61.290001,61.709999,1617000,60.923897,44.2243685042
2014-09-17,61.73,62.0,61.580002,61.75,1638900,60.963389,44.3178574148
2014-09-18,61.900002,62.41,61.790001,62.32,1881200,61.526127,45.6500199434
2014-09-19,62.549999,62.59,62.02,62.200001,2756500,61.407657,45.3695674153
2014-09-22,61.939999,62.02,61.740002,61.84,1740400,61.052242,44.5281979945
2014-09-23,61.68,61.77,61.130001,61.310001,3786200,60.528995,43.2895220092
2014-09-24,61.279999,61.860001,61.189999,61.68,1370500,60.894281,44.1542589231
2014-09-25,61.470001,61.580002,61.02,61.09,2005900,60.311796,42.7753495718
2014-09-26,61.099998,61.630001,61.02,61.41,1279300,60.62772,43.5232324493
2014-09-29,61.029999,61.540001,60.869999,61.290001,1279200,60.509249,43.2427775539
2014-09-30,61.119999,61.610001,61.040001,61.369999,2256900,60.588228,43.4297435387
2014-10-01,61.330002,61.610001,60.66,60.810001,2238400,60.035364,42.120955605
2014-10-02,60.919998,61.43,60.740002,61.139999,1961700,60.361159,42.8922059755
2014-10-03,61.689999,62.16,61.68,61.73,2737700,60.943643,44.2711129595
2014-10-06,62.049999,62.23,61.5,61.619999,1549900,60.835044,44.0140279244
2014-10-07,61.389999,61.669998,60.880001,60.900002,1756700,60.124218,42.331298552
2014-10-08,60.919998,61.700001,60.849998,61.639999,2260600,60.854789,44.0607700124
2014-10-09,61.549999,61.860001,61.0,61.009998,2819200,60.232814,42.5883764852
2014-10-10,60.950001,61.860001,60.950001,61.16,2029200,60.380904,42.9389480635
2014-10-13,61.299999,61.790001,61.049999,61.060001,2520200,60.28218,42.7052399907
2014-10-14,61.459999,62.040001,61.25,61.619999,2896400,60.835044,44.0140279244
2014-10-15,61.299999,61.43,59.73,60.57,3434700,59.79842,41.5600410796
2014-10-16,59.759998,60.330002,59.279999,59.860001,3694000,59.097465,39.9006792002
2014-10-17,60.27,60.810001,59.689999,60.639999,2708400,59.867528,41.7236395713
2014-10-20,60.459999,60.950001,60.310001,60.849998,1837700,60.074852,42.2144350464
2014-10-21,61.099998,62.220001,60.919998,62.029999,3165000,61.239821,44.9722513816
2014-10-22,62.0,62.400002,61.779999,61.810001,2702600,61.022626,44.4580884134
2014-10-23,62.400002,62.419998,61.880001,62.0,2454700,61.210204,44.9021394333
2014-10-24,61.720001,62.630001,61.720001,62.57,2015400,61.772943,46.2343043292
2014-10-27,62.709999,63.220001,62.57,63.130001,3801800,62.32581,47.5430993648
2014-10-28,63.400002,63.700001,63.220001,63.23,3401800,62.424535,47.7768098049
2014-10-29,63.279999,63.459999,62.639999,62.98,2563200,62.17772,47.1925277864
2014-10-30,63.599998,64.129997,63.419998,63.91,2503900,63.095873,49.3660597359
2014-10-31,64.150002,65.0,64.150002,64.849998,3055400,64.023897,51.5629591784
2014-11-03,64.5,65.0,64.5,64.720001,2207400,63.895556,51.2591391572
2014-11-04,64.900002,65.150002,64.580002,64.889999,2210800,64.063389,51.656448089
2014-11-05,65.480003,65.75,65.139999,65.739998,2520800,64.902559,53.6430045845
2014-11-06,65.690002,66.239998,65.599998,66.129997,2538900,65.287591,54.5544859537
2014-11-07,66.110001,66.410004,65.910004,66.25,2125000,65.406065,54.834947951
2014-11-10,66.75,66.879997,66.470001,66.760002,2025300,65.90957,56.0268889502
2014-11-11,66.709999,66.970001,66.550003,66.629997,2059200,65.781221,55.7230499907
2014-11-12,66.440002,67.209999,66.419998,67.169998,1991200,66.314343,56.9851029382
2014-11-13,67.169998,67.32,66.709999,66.919998,1962900,66.067528,56.4008209198
2014-11-14,67.010002,67.010002,66.43,66.580002,1559600,65.731863,55.6062054234
2014-11-17,66.110001,66.739998,66.110001,66.660004,1172100,65.810846,55.7931808774
2014-11-18,66.879997,67.150002,66.589996,66.790001,1802600,65.939187,56.0970008986
2014-11-19,66.989998,67.400002,66.68,67.370003,1877600,66.5118,57.4525403895
2014-11-20,66.940002,67.480003,66.879997,67.290001,1635500,66.432817,57.2655649355
2014-11-21,67.889999,67.910004,67.260002,67.400002,2686500,66.541417,57.5226523378
2014-11-24,67.650002,68.089996,67.610001,67.919998,1592500,67.054789,58.7379513609
2014-11-25,67.610001,67.910004,67.360001,67.580002,1593400,66.995314,58.5971569479
2014-11-26,67.660004,67.75,67.410004,67.519997,1494500,66.935828,58.4563364947
2014-11-28,67.699997,68.470001,67.699997,68.150002,1097100,67.560382,59.934835256
2014-12-01,68.07,68.080002,67.610001,67.610001,1925300,67.025053,58.6675577054
2014-12-02,67.510002,68.139999,67.510002,68.110001,1902800,67.520727,59.8409604776
2014-12-03,68.190002,68.43,67.699997,68.07,2425500,67.481072,59.7470856991
2014-12-04,68.120003,68.660004,68.059998,68.389999,2551100,67.798303,60.4980626211
2014-12-05,68.459999,68.980003,68.400002,68.68,2185000,68.085795,61.1786387857
2014-12-08,68.769997,69.410004,68.610001,69.139999,2547500,68.541814,62.2581667794
2014-12-09,68.660004,68.870003,68.410004,68.830002,2345500,68.234499,61.5306638785
2014-12-10,68.790001,69.5,68.550003,68.550003,3028700,67.956923,60.8735617349
2014-12-11,68.589996,69.660004,68.330002,69.059998,3088800,68.462505,62.0704195898
2014-12-12,68.269997,68.919998,67.379997,67.419998,2944600,66.836694,58.2216578341
2014-12-15,67.709999,68.300003,67.089996,67.370003,2789500,66.787131,58.104327973
2014-12-16,67.25,68.419998,66.809998,67.209999,2493100,66.628512,57.7288312265
2014-12-17,67.300003,68.610001,67.260002,68.220001,2739000,67.629776,60.0991107919
2014-12-18,69.169998,69.790001,68.839996,69.790001,2979900,69.186192,63.7835946444
2014-12-19,69.900002,70.139999,69.510002,69.889999,4940000,69.285326,64.0182733051
2014-12-22,70.050003,70.599998,69.870003,70.440002,1933200,69.83057,65.3090225094
2014-12-23,70.489998,71.139999,70.440002,70.75,1479000,70.137886,66.0365277777
2014-12-24,70.93,71.0,70.639999,70.690002,567800,70.078407,65.8957238955
2014-12-26,70.809998,71.25,70.739998,70.93,909600,70.316329,66.4589536279
2014-12-29,70.93,71.529999,70.760002,71.0,1186200,70.385723,66.6232291638
2014-12-30,70.970001,71.300003,70.75,70.940002,1095100,70.326244,66.4824252817
2014-12-31,71.160004,71.209999,70.239998,70.25,1319900,69.642212,64.8631250055
2015-01-02,70.589996,70.910004,69.730003,70.120003,1766400,69.513339,64.5580455874
2015-01-05,69.68,69.779999,68.639999,68.730003,2898800,68.135366,61.2959875851
2015-01-06,69.029999,69.610001,68.449997,68.68,2626800,68.085795,61.1786387857
2015-01-07,69.400002,69.849998,68.82,69.809998,2090200,69.206016,63.8305237482
2015-01-08,70.25,71.150002,70.209999,71.150002,2962600,70.534426,66.9752518893
2015-01-09,71.080002,71.120003,70.370003,70.419998,2100800,69.810739,65.2620768347
2015-01-12,70.360001,70.620003,69.559998,69.699997,1513100,69.096967,63.5723734338
2015-01-13,70.300003,71.190002,69.559998,70.120003,2239500,69.513339,64.5580455874
2015-01-14,68.959999,69.800003,68.839996,69.43,2692400,68.829306,62.938742944
2015-01-15,69.43,69.879997,69.120003,69.230003,2057300,68.63104,62.4693903574
2015-01-16,69.82,70.879997,69.5,70.839996,2182800,70.227103,66.24773005
2015-01-20,71.160004,71.239998,69.889999,70.360001,2113700,69.75126,65.1212729525
2015-01-21,70.089996,70.690002,69.610001,70.300003,2006800,69.691782,64.9804714377
2015-01-22,70.669998,72.110001,70.389999,71.949997,2523000,71.3275,68.8526859088
2015-01-23,72.080002,72.110001,71.410004,71.43,1746700,70.812003,67.6323564001
2015-01-26,71.269997,71.769997,71.059998,71.730003,1663500,71.10941,68.3364042184
2015-01-27,71.040001,71.790001,70.919998,71.440002,1526200,70.821918,67.6558280539
2015-01-28,71.650002,72.540001,70.300003,70.32,2539200,69.711606,65.0274005414
2015-01-29,70.519997,71.25,70.269997,71.050003,2854900,70.435293,66.740575596
2015-01-30,70.489998,70.839996,69.699997,69.790001,2486700,69.186192,63.7835946444
2015-02-02,69.739998,70.989998,69.169998,70.910004,3005600,70.296505,66.4120245242
2015-02-03,71.160004,72.059998,70.510002,72.029999,2988100,71.40681,69.0404354657
2015-02-04,71.800003,72.870003,71.720001,72.580002,3677400,71.952055,70.3311870374
2015-02-05,69.68,72.519997,69.040001,72.300003,4825000,71.674478,69.6740825265
2015-02-06,72.0,72.209999,70.720001,70.93,4178800,70.316329,66.4589536279
2015-02-09,70.32,70.690002,69.849998,70.029999,3555200,69.424114,64.3468243768
2015-02-10,70.550003,70.589996,69.650002,70.050003,3063500,69.443945,64.3937700516
2015-02-11,70.139999,71.419998,69.989998,71.18,3840100,70.564166,67.045655014
2015-02-12,71.239998,71.690002,71.160004,71.57,2063400,70.950791,67.9609074719
2015-02-13,71.370003,71.739998,71.139999,71.459999,2016900,70.841742,67.7027571576
2015-02-17,71.480003,71.860001,71.139999,71.269997,2027000,70.653383,67.2568572864
2015-02-18,71.07,71.230003,70.510002,70.709999,2446200,70.098231,65.9426529993
2015-02-19,70.650002,71.269997,70.589996,71.169998,2001900,70.55425,67.022180993
2015-02-20,71.089996,71.720001,70.470001,71.599998,2121000,70.98053,68.0313082294
2015-02-23,71.370003,71.400002,71.050003,71.260002,1814800,70.643475,67.2334022036
2015-02-24,71.07,71.870003,71.07,71.669998,1848000,71.049924,68.1955837652
2015-02-25,71.540001,71.769997,71.089996,71.120003,2083500,70.504687,66.9048511319
2015-02-26,70.870003,71.419998,70.870003,71.309998,1903400,70.992501,68.0596470258
2015-02-27,71.07,71.269997,70.589996,70.599998,2199600,70.285663,66.3863583952
2015-03-02,70.599998,71.18,70.57,70.980003,1687800,70.663976,67.2819339609
2015-03-03,70.650002,70.900002,70.269997,70.489998,1910300,70.176152,66.1271143941
2015-03-04,70.129997,70.230003,69.489998,69.5,2344000,69.190562,63.79393969
2015-03-05,69.790001,69.910004,69.300003,69.559998,3138000,69.250292,63.9353377613
2015-03-06,69.360001,69.970001,68.860001,69.139999,2637700,68.832164,62.9455086511
2015-03-09,68.879997,69.75,68.75,69.589996,1855900,69.280157,64.0060367969
2015-03-10,68.93,69.139999,68.379997,68.389999,2164900,68.085503,61.1779475378
2015-03-11,68.730003,69.440002,68.43,69.089996,2382500,68.782384,62.8276650886
2015-03-12,69.400002,70.419998,69.330002,70.400002,1635500,70.086556,65.9150149199
2015-03-13,70.019997,70.220001,69.25,69.559998,1955000,69.250292,63.9353377613
2015-03-16,70.019997,70.650002,69.900002,70.489998,2061700,70.176152,66.1271143941
2015-03-17,70.099998,70.209999,69.639999,69.980003,3156600,69.668428,64.9251858097
2015-03-18,70.18,70.900002,69.489998,70.620003,2683200,70.305578,66.433502922
2015-03-19,70.699997,71.269997,70.32,70.599998,2623200,70.285663,66.3863583952
2015-03-20,70.809998,71.639999,70.690002,71.459999,4189900,71.141834,68.4131611423
2015-03-23,71.839996,72.330002,71.800003,71.889999,2478900,71.56992,69.4265636995
2015-03-24,71.730003,71.889999,71.07,71.339996,2522300,71.022366,68.1303460614
2015-03-25,71.550003,71.550003,70.489998,70.550003,2055000,70.23589,66.2685314037
2015-03-26,70.300003,70.540001,69.980003,70.199997,1933900,69.887442,65.4436548736
2015-03-27,70.18,70.370003,69.889999,70.050003,1734100,69.738116,65.0901573281
2015-03-30,70.360001,71.370003,70.089996,70.949997,2331700,70.634103,67.2112159869
2015-03-31,70.480003,71.300003,70.080002,71.169998,3560700,70.853125,67.7297039891
2015-04-01,71.18,71.900002,70.959999,71.290001,3369600,70.972593,68.0125190699
2015-04-02,71.290001,71.650002,71.139999,71.449997,1971900,71.131877,68.3895900625
2015-04-06,71.07,72.510002,70.870003,72.120003,2408700,71.798899,69.9686227815
2015-04-07,72.150002,72.400002,71.470001,71.470001,1310800,71.151792,68.4367345894
2015-04-08,71.599998,72.0,71.440002,71.580002,2109000,71.261303,68.6959785905
2015-04-09,71.610001,72.010002,71.610001,71.900002,1827600,71.579878,69.4501371466
2015-04-10,72.0,72.239998,71.639999,72.029999,1475100,71.709296,69.7565067362
2015-04-13,71.669998,72.389999,71.669998,71.980003,1465800,71.659523,69.6386797447
2015-04-14,71.910004,72.099998,71.379997,71.5,2263200,71.181657,68.507433625
2015-04-15,71.610001,72.269997,71.610001,71.940002,1810300,71.619701,69.5444096293
2015-04-16,71.860001,72.309998,71.510002,72.040001,1490100,71.719254,69.7800801833
2015-04-17,71.480003,71.57,70.580002,70.870003,3084300,70.554465,67.0226899598
2015-04-20,71.32,71.669998,71.239998,71.349998,1571200,71.032323,68.1539171412
2015-04-21,71.330002,71.540001,70.720001,70.82,1566500,70.504684,66.90484403
2015-04-22,70.769997,71.019997,70.400002,70.879997,1718600,70.564415,67.0462444686
2015-04-23,70.68,71.279999,70.599998,70.809998,1916900,70.494727,66.8812729502
2015-04-24,70.629997,71.120003,70.480003,70.949997,1592400,70.634103,67.2112159869
2015-04-27,71.279999,71.300003,70.220001,70.309998,2185500,69.996953,65.7028988747
2015-04-28,70.239998,70.980003,70.089996,70.690002,1745000,70.375266,66.5984744404
2015-04-29,70.25,70.739998,69.75,70.25,2132400,69.937223,65.5615008034
2015-04-30,70.139999,70.379997,69.330002,69.660004,3440800,69.349853,64.1710272536
2015-05-01,70.129997,70.349998,69.800003,69.949997,2423200,69.638555,64.8544678358
2015-05-04,70.0,70.18,69.660004,69.82,4123000,69.509137,64.5480982462
2015-05-05,69.620003,70.330002,69.620003,70.0,2513100,69.688336,64.9723137656
2015-05-06,68.879997,69.25,66.900002,67.309998,9737600,67.01031,58.6326567885
2015-05-07,67.230003,67.860001,66.980003,67.720001,4320100,67.418488,59.5989313899
2015-05-08,68.400002,68.5,67.089996,67.269997,3631500,66.970487,58.5383843058
2015-05-11,67.269997,67.400002,66.690002,66.870003,3425300,66.572274,57.5956997225
2015-05-12,66.730003,67.099998,66.620003,66.910004,2510500,66.612097,57.6899722052
2015-05-13,66.690002,67.050003,66.559998,66.989998,2458300,66.691735,57.8784982323
2015-05-14,67.209999,67.669998,67.190002,67.639999,2061800,67.338843,59.4103887917
2015-05-15,67.629997,68.019997,67.470001,67.599998,1683600,67.29902,59.316116309
2015-05-18,67.650002,68.199997,67.610001,68.089996,1444000,67.786836,60.4709169375
2015-05-19,68.279999,68.849998,68.040001,68.75,2560700,68.443901,62.0263785766
2015-05-20,68.650002,68.849998,68.129997,68.730003,2607400,68.423993,61.9792506208
2015-05-21,68.419998,68.610001,67.879997,68.099998,2538900,67.796794,60.4944903846
2015-05-22,68.029999,68.089996,67.580002,67.599998,1807400,67.29902,59.316116309
2015-05-26,67.410004,67.519997,67.139999,67.379997,2563700,67.079998,58.7976283068
2015-05-27,67.43,67.82,67.099998,67.610001,2057000,67.610001,60.0522976853
2015-05-28,67.400002,67.940002,67.400002,67.800003,2044200,67.800003,60.5020870096
2015-05-29,67.690002,67.82,67.309998,67.32,1892000,67.32,59.3657819968
2015-06-01,67.650002,67.980003,66.900002,66.919998,2633200,66.919998,58.4188623366
2015-06-02,66.919998,67.419998,66.800003,67.129997,2332700,67.129997,58.9159903053
2015-06-03,67.339996,67.809998,67.129997,67.720001,1773200,67.720001,60.3126992898
2015-06-04,67.379997,67.68,66.959999,67.050003,2386400,67.050003,58.7266215239
2015-06-05,67.410004,67.650002,66.459999,66.480003,1843300,66.480003,57.3772677547
2015-06-08,66.550003,66.790001,65.800003,65.82,1985000,65.82,55.8148510254
2015-06-09,65.82,66.25,65.599998,65.709999,2191000,65.709999,55.5544470536
2015-06-10,65.919998,67.019997,65.900002,66.910004,2420000,66.910004,58.3952036671
