"","CBS.Open","CBS.High","CBS.Low","CBS.Close","CBS.Volume","CBS.Adjusted"
"1",14,14.48,13.94,14.4,9523700,13.602507
"2",14.16,14.6,14.13,14.41,8761800,13.611954
"3",14.67,15.19,14.6,14.63,9703200,13.81977
"4",14.89,15.4,14.76,15.37,8334800,14.518788
"5",15.14,15.25,14.95,15.16,10247800,14.320418
"6",15.23,15.29,14.85,15.12,5350800,14.282633
"7",15.19,15.25,14.87,14.93,7612500,14.103156
"8",15.27,15.29,14.71,14.78,6078200,13.961462
"9",14.8,14.99,14.31,14.37,7000200,13.574169
"10",14.43,14.73,14.16,14.47,10184400,13.668631
"11",14.33,14.37,13.65,13.77,11163600,13.007398
"12",13.81,14.16,13.6,14.13,13572200,13.347461
"13",14.06,14.47,14.04,14.32,8919400,13.526938
"14",13.96,14.06,13.1,13.25,18555800,12.516196
"15",13.15,13.44,12.86,12.93,11447000,12.213919
"16",12.89,13.01,12.26,12.85,19249300,12.138349
"17",12.96,13.09,12.58,12.82,10420900,12.11001
"18",13.08,13.44,12.75,12.92,8744900,12.204472
"19",13.02,13.4,12.88,13.33,9923400,12.591766
"20",13.53,14.06,13.43,13.95,12154100,13.177429
"21",13.97,14.09,13.77,14.04,5223800,13.262445
"22",13.89,14.2,13.77,14.09,7238300,13.309676
"23",14.26,14.7,14.24,14.6,7538300,13.791432
"24",14.5,14.6,14.18,14.32,8609000,13.526938
"25",14.27,14.46,14.13,14.39,4486400,13.593062
"26",14.24,14.31,13.45,13.53,11279900,12.780689
"27",13.6,13.93,13.41,13.86,8005900,13.092413
"28",13.57,13.88,13.39,13.87,12346600,13.10186
"29",13.96,14.08,13.63,13.74,10689500,12.979059
"30",14.02,14.42,13.96,14.2,9160200,13.413584
"31",14.19,14.77,14.13,14.62,11346100,13.810324
"32",14.64,15.03,14.53,15,9530200,14.169279
"33",15.18,15.28,14.73,14.88,7765000,14.055925
"34",14.79,14.84,14.49,14.62,6162200,13.810324
"35",14.83,15.12,14.33,14.68,7816000,13.867001
"36",14.36,14.87,14.14,14.78,7216800,13.961462
"37",14.98,15.49,14.98,15.3,11057800,14.452664
"38",15.24,15.29,14.71,15.01,14300000,14.178725
"39",15.53,15.68,15.27,15.64,20855400,14.773835
"40",15.49,15.76,15.44,15.53,8179200,14.669926
"41",15.27,15.48,15.02,15.36,8412800,14.509341
"42",15.49,15.62,15.33,15.55,5709300,14.688819
"43",15.26,15.61,15.2,15.42,10479900,14.566019
"44",15.01,15.02,14.38,14.47,9232700,13.668631
"45",14.19,14.32,14.07,14.17,11285800,13.385245
"46",14.08,14.18,13.88,13.95,11345200,13.177429
"47",13.81,14.15,13.69,14.13,7032000,13.347461
"48",14.3,14.53,14.14,14.14,8641000,13.356907
"49",14.16,14.39,13.93,14.2,13153900,13.413584
"50",14.1,14.19,13.64,13.76,8582100,12.997952
"51",13.59,13.69,13.33,13.61,7218700,12.856259
"52",13.57,13.76,13.25,13.42,10823500,12.676781
"53",13.12,13.4,13.04,13.25,10989900,12.516196
"54",13.06,13.63,13.01,13.57,12487200,12.818474
"55",13.63,13.83,13.42,13.43,9473300,12.686228
"56",13.59,14,13.16,13.92,12934000,13.149091
"57",13.87,14.06,13.66,13.68,7595700,12.922382
"58",13.56,13.89,13.46,13.82,11298400,13.054629
"59",14.06,14.83,14.06,14.59,13036000,13.781985
"60",14.64,15.02,14.64,14.95,6770000,14.122048
"61",15.22,15.39,15.03,15.23,7103300,14.386541
"62",15.08,15.17,14.65,14.74,9449600,13.923678
"63",14.68,15.01,14.66,14.91,8620100,14.132201
"64",15.12,15.27,15.03,15.05,7208900,14.264899
"65",15.09,15.59,15.03,15.5,9194600,14.691424
"66",15.69,15.86,15.47,15.73,8176400,14.909425
"67",15.7,15.85,15.41,15.72,6347300,14.899947
"68",15.55,15.6,15.26,15.59,9859700,14.776729
"69",15.46,15.51,14.86,15.24,22931700,14.444987
"70",15.26,15.39,14.81,15.12,15328000,14.331247
"71",15.17,15.77,15.09,15.71,6990600,14.890469
"72",15.76,15.78,15.39,15.61,9604600,14.795685
"73",15.54,15.66,15.14,15.25,13413000,14.454465
"74",15.03,15.77,14.96,15.41,10455400,14.606118
"75",15.64,16.200001,15.61,16.17,11342400,15.326472
"76",16.129999,16.129999,15.77,15.9,9029800,15.070557
"77",15.96,16.129999,15.54,16.030001,8657500,15.193776
"78",15.92,15.94,15.62,15.82,6664800,14.99473
"79",15.99,16.23,15.69,15.86,9914900,15.032643
"80",15.98,16.389999,15.89,16.379999,10470700,15.525516
"81",16.32,16.389999,15.97,16.389999,12959700,15.534995
"82",16.58,17.42,16.530001,16.66,22714300,15.790911
"83",16.66,17.120001,16.59,17.1,15225400,16.207958
"84",17.190001,17.24,16.76,16.98,7695000,16.094217
"85",17.040001,17.639999,16.85,17.23,11439200,16.331176
"86",17.440001,17.57,17.139999,17.51,6107100,16.59657
"87",17.459999,17.93,17.24,17.9,9041800,16.966224
"88",18,18.200001,17.799999,17.860001,11171300,16.928312
"89",17.809999,17.860001,17.41,17.530001,9103700,16.615527
"90",17.76,17.83,17.4,17.540001,9990300,16.625005
"91",17.610001,17.610001,17.379999,17.49,7084500,16.577613
"92",17.219999,17.33,16.92,17.120001,9745800,16.226915
"93",17.23,17.6,17.17,17.5,11990300,16.587091
"94",17.629999,17.700001,16.98,17.27,9195500,16.36909
"95",17.4,17.4,17.09,17.18,5242400,16.283785
"96",17.360001,17.610001,17.24,17.26,7259700,16.359611
"97",17.08,17.299999,16.950001,17.08,11297200,16.189001
"98",16.92,16.959999,16.629999,16.83,8689300,15.952042
"99",17.030001,17.07,16.74,16.860001,7609600,15.980478
"100",16.82,17.09,16.799999,16.93,6945500,16.046826
"101",17.120001,17.5,16.950001,17.059999,9050500,16.170044
"102",17.26,17.4,17.01,17.35,11922600,16.444916
"103",17.32,17.370001,16.93,17.290001,7665900,16.388047
"104",17.6,17.719999,17.4,17.66,8993600,16.738744
"105",17.73,17.76,16.790001,17.01,17673300,16.122653
"106",16.940001,17.1,16.790001,16.82,8506100,15.942564
"107",16.83,16.860001,16.290001,16.360001,12179800,15.506561
"108",16.379999,16.91,16.370001,16.82,11310600,15.942564
"109",16.530001,17.16,16.530001,16.969999,13488900,16.084739
"110",16.790001,16.959999,16.52,16.620001,11164100,15.752998
"111",16.700001,16.950001,16.549999,16.719999,10759700,15.84778
"112",16.549999,16.709999,16.07,16.209999,15610100,15.364385
"113",16.25,16.290001,16.07,16.200001,8585900,15.354908
"114",16.309999,16.610001,16.299999,16.549999,14994300,15.686648
"115",16.49,16.530001,16.25,16.49,8018100,15.629779
"116",16.35,16.530001,16.27,16.48,8696500,15.6203
"117",16.17,16.360001,16.1,16.24,8791000,15.39282
"118",16.35,16.49,16.25,16.450001,15009100,15.591866
"119",16.280001,16.51,16.24,16.450001,2390400,15.591866
"120",16.26,16.48,15.99,16.4,10990900,15.544474
"121",16.17,17.15,16.15,16.84,14898400,15.961521
"122",17.16,17.299999,17.07,17.17,10084800,16.274306
"123",17.15,17.389999,16.969999,17.290001,7768000,16.388047
"124",17.25,17.57,17.200001,17.530001,7518300,16.615527
"125",17.4,17.709999,17.360001,17.629999,4785300,16.710309
"126",17.84,18.120001,17.76,17.940001,17960800,17.004138
"127",17.83,18.15,17.75,17.98,8344900,17.089681
"128",18.389999,18.43,17.700001,17.98,7558300,17.089681
"129",18.02,18.110001,17.799999,18.049999,7947300,17.156215
"130",18.24,18.24,17.799999,17.799999,7366300,16.918594
"131",17.74,18.07,17.690001,17.889999,5062400,17.004138
"132",17.790001,17.940001,17.65,17.790001,5124100,16.909091
"133",17.84,18.01,17.73,18,8158900,17.108691
"134",18.18,18.99,18.049999,18.77,20131600,17.840563
"135",18.879999,19,18.68,18.92,5619800,17.983136
"136",18.84,19.35,18.83,19.27,9229200,18.315805
"137",19.33,19.59,19.290001,19.59,3747700,18.619959
"138",19.620001,19.65,19.16,19.379999,4423700,18.420357
"139",19.280001,19.35,19.17,19.290001,2843700,18.334815
"140",19.309999,19.309999,18.940001,19.049999,6131500,18.106697
"141",19.110001,19.370001,19.1,19.190001,3032600,18.239766
"142",19.200001,19.219999,19,19.049999,2256700,18.106697
"143",19.040001,19.219999,18.959999,19.049999,2632000,18.106697
"144",19.27,19.389999,19.17,19.280001,8623400,18.32531
"145",19.27,19.450001,18.98,19.42,8312000,18.458377
"146",19.280001,19.48,19.18,19.200001,5986300,18.249271
"147",19.16,19.49,19,19.469999,6975500,18.5059
"148",19.469999,19.65,18.99,19.25,6910500,18.296795
"149",19.059999,19.860001,19,19.780001,10140300,18.800551
"150",19.860001,19.91,19.440001,19.6,7261200,18.629464
"151",19.799999,20,19.65,19.780001,7460600,18.800551
"152",19.73,20.02,19.709999,19.870001,7573300,18.886095
"153",19.780001,19.959999,19.639999,19.940001,6615700,18.952628
"154",19.870001,20.52,19.85,20.469999,19417400,19.456383
"155",20.4,20.57,20.139999,20.209999,14763900,19.209257
"156",20.200001,20.68,20.18,20.5,19439900,19.484898
"157",20.700001,20.860001,20.549999,20.700001,8363100,19.674996
"158",20.709999,20.860001,20.57,20.780001,5168300,19.751034
"159",20.73,20.73,20.219999,20.610001,7273200,19.589452
"160",20.66,20.85,20.49,20.58,6885900,19.560937
"161",20.5,20.709999,20.17,20.26,8605200,19.256783
"162",20.24,20.389999,19.219999,19.280001,21634800,18.32531
"163",19.52,19.93,19.299999,19.83,13888000,18.848075
"164",19.93,20.17,19.75,19.940001,8106500,18.952628
"165",19.76,20.200001,19.76,19.969999,9549800,18.981142
"166",19.98,20.530001,19.93,20.25,14784200,19.247278
"167",20.32,20.370001,19.93,20.219999,9164300,19.218762
"168",20.26,20.84,20.209999,20.83,6313100,19.798558
"169",20.82,21.1,20.700001,21.08,5324800,20.036178
"170",21,21.620001,20.9,21.540001,15542100,20.473401
"171",21.33,21.82,21.25,21.620001,10423300,20.54944
"172",21.450001,22.110001,21.450001,21.940001,7515800,20.853594
"173",21.950001,21.969999,21.469999,21.75,6212100,20.673002
"174",21.620001,21.76,21.42,21.65,6243600,20.577953
"175",21.73,22.25,21.52,22.1,13955300,21.005671
"176",21.879999,22.52,21,22.35,23787300,21.243292
"177",22.209999,23.1,22.09,22.91,13684200,21.775562
"178",22.610001,22.629999,21.74,21.98,11886500,20.891613
"179",22.01,22.4,21.5,21.76,12102700,20.682507
"180",21.709999,22.309999,21.57,22.030001,13884800,20.939138
"181",22.24,23.65,22.17,23.540001,16851800,22.374367
"182",23.52,24.02,23.389999,23.860001,15089500,22.678521
"183",23.950001,23.969999,23.120001,23.190001,12453100,22.041698
"184",23.17,24.110001,23.040001,23.879999,13241900,22.69753
"185",24.17,24.67,23.950001,24.35,9951800,23.144258
"186",24.49,24.75,23.42,23.959999,12473000,22.773568
"187",24.129999,24.15,23.26,23.620001,7593600,22.450406
"188",23.700001,23.85,23.370001,23.700001,8360000,22.526444
"189",23.719999,24.35,23.719999,24.02,9029300,22.878865
"190",23.620001,23.91,23.35,23.690001,11108900,22.564543
"191",23.5,24.049999,23.469999,23.799999,7326900,22.669316
"192",23.620001,23.68,23.139999,23.610001,11786100,22.488344
"193",22.610001,23.549999,22.32,23.15,14532900,22.050196
"194",23.01,23.629999,22.639999,22.85,12493200,21.764449
"195",23.379999,23.59,23.15,23.25,10042400,22.145446
"196",23.65,23.65,23.040001,23.23,12725600,22.126396
"197",23.73,24.6,23.709999,24.51,12579400,23.345586
"198",24.51,25.059999,24.5,24.66,9552500,23.48846
"199",24.559999,24.959999,24.299999,24.870001,8117500,23.688484
"200",25.07,25.209999,24.469999,25.09,8632700,23.898032
"201",25.25,25.25,24.629999,24.67,10195000,23.497985
"202",24.690001,24.74,23.9,24.43,12671800,23.269387
"203",24.43,25.459999,24.040001,25.309999,14464000,24.10758
"204",25.360001,26.17,25.219999,26.120001,12092200,24.8791
"205",25.98,25.99,24.98,25.040001,14802200,23.850408
"206",25.16,25.469999,24.530001,24.790001,11100800,23.612285
"207",24.940001,25.08,24.709999,25.07,7396300,23.878982
"208",24.870001,25.690001,24.82,25.030001,12097800,23.840883
"209",25.25,25.32,24.32,24.51,9790300,23.345586
"210",24.5,24.6,23.950001,24.58,10428700,23.412261
"211",24.709999,24.83,23.99,24.27,7993600,23.116988
"212",24.219999,24.540001,23.75,24.440001,10040000,23.278912
"213",24.24,24.4,24.059999,24.309999,8440300,23.155087
"214",24.459999,24.75,24.09,24.450001,7266900,23.288437
"215",24.27,24.389999,23.690001,24.25,10389300,23.097938
"216",24.52,25,24.200001,24.34,12269400,23.183663
"217",23.950001,24.190001,23.35,24.059999,8556400,22.916964
"218",24.110001,24.24,23.860001,24.02,5872200,22.878865
"219",24.469999,24.75,24.42,24.6,5104900,23.431311
"220",24.879999,24.879999,24.49,24.799999,4413500,23.621808
"221",24.799999,25,24.58,24.690001,5970600,23.517035
"222",24.91,24.91,24.5,24.66,6908900,23.48846
"223",24.73,24.99,24.58,24.879999,5479100,23.698008
"224",24.879999,25.700001,24.83,25.25,7850900,24.05043
"225",25.24,25.34,25,25.219999,6300000,24.021855
"226",25.43,26.17,25.43,25.65,13051600,24.431427
"227",25.67,25.74,24.950001,25.24,9671400,24.040905
"228",26.32,27.719999,26.049999,27.209999,23825600,25.917315
"229",26.879999,27.120001,26.35,26.700001,14591600,25.431545
"230",26.99,27.07,26.370001,26.57,7964300,25.30772
"231",26.530001,26.82,26.25,26.610001,5531400,25.345821
"232",26.709999,27.639999,26.6,27.51,10004100,26.203063
"233",27.24,27.32,26.66,26.889999,11737300,25.612517
"234",26.790001,26.940001,26.360001,26.49,10588700,25.231521
"235",26.719999,26.73,25.940001,25.940001,11199300,24.707651
"236",25.860001,26.09,25.469999,25.49,9219200,24.279028
"237",25.450001,26.200001,25.219999,26.059999,13150500,24.821949
"238",26.139999,27.27,26.139999,27.040001,11475700,25.755393
"239",27.200001,27.49,27.110001,27.360001,7719600,26.06019
"240",27.25,27.32,26.9,26.99,7063400,25.707767
"241",26.530001,26.82,26.200001,26.709999,7532900,25.441068
"242",26.82,27,26.299999,26.360001,12019700,25.107698
"243",26.139999,26.48,25.959999,26.33,8142900,25.079122
"244",26.290001,27.530001,26.26,27.450001,12036400,26.145914
"245",27.459999,28.24,27.459999,27.98,10602600,26.650734
"246",28.15,28.34,27.66,27.950001,9081800,26.62216
"247",27.76,28,26.889999,26.92,12106000,25.641093
"248",27,27.809999,26.98,27.33,8575200,26.031614
"249",26.84,27.5,26.690001,27.200001,10266200,25.907791
"250",27.07,27.27,26.43,26.459999,7730900,25.202945
"251",26.719999,26.93,26.530001,26.549999,5923800,25.28867
"252",26.450001,26.6,25.93,26.389999,8211700,25.231305
"253",26.379999,26.98,26.299999,26.709999,9506300,25.537255
"254",26.51,26.59,26.09,26.200001,7859500,25.049649
"255",26.200001,26.51,25.65,25.82,7721200,24.686332
"256",26.17,26.450001,26.040001,26.209999,7924300,25.059208
"257",25.860001,26.190001,25.52,25.700001,10255000,24.571602
"258",25.639999,25.75,25.030001,25.360001,8998500,24.24653
"259",25.629999,26.540001,25.6,25.879999,12772500,24.743697
"260",25.9,26.709999,25.82,26.370001,7130600,25.212185
"261",26.52,27.139999,26.459999,26.91,8369300,25.728474
"262",26.77,26.969999,26.639999,26.66,7344900,25.489451
"263",26.209999,26.74,25.68,26.700001,9014600,25.527695
"264",26.709999,27.200001,26.709999,26.790001,13420600,25.613744
"265",26.75,27.690001,26.43,27.35,9201500,26.149156
"266",27.459999,28.15,27.41,28.1,7510600,26.866226
"267",28.219999,28.540001,27.93,28.360001,8724300,27.11481
"268",28.540001,29.129999,28.450001,28.49,10356500,27.239102
"269",28.59,28.719999,28.24,28.549999,11650400,27.296467
"270",28.530001,28.809999,28.290001,28.57,8516000,27.315589
"271",28.59,28.77,28.040001,28.52,11095200,27.267785
"272",28.83,29.360001,28.76,28.98,8550300,27.707587
"273",28.48,28.709999,28.110001,28.67,6214400,27.411199
"274",28.08,28.530001,27.780001,27.940001,7061900,26.713251
"275",27.870001,28.25,27.6,27.74,7884200,26.522032
"276",27.959999,28.6,27.790001,27.969999,6367300,26.741933
"277",27.99,28.08,27.27,27.360001,8732900,26.158717
"278",27.530001,27.83,27.299999,27.65,6489600,26.435983
"279",27.49,27.67,26.91,27.370001,6347700,26.168278
"280",27.66,28.110001,27.469999,27.959999,8578400,26.732371
"281",28.15,28.85,28.129999,28.74,10565500,27.478125
"282",28.93,29.620001,28.889999,29.23,9857400,27.946611
"283",29.17,29.68,29.110001,29.540001,7182100,28.243001
"284",29.16,29.389999,28.969999,29.139999,6357400,27.860562
"285",29.08,29.17,28.620001,28.799999,7453600,27.53549
"286",28.58,28.790001,28.040001,28.08,11768700,26.847103
"287",28.07,28.690001,27.84,27.93,8673100,26.70369
"288",27.549999,27.98,27.1,27.370001,11903800,26.168278
"289",27.610001,27.9,26.700001,27.280001,14201500,26.082229
"290",26.950001,27.52,26.23,26.280001,18133400,25.126136
"291",26.73,26.879999,25.299999,26.700001,22756500,25.527695
"292",26.17,26.17,24.190001,24.209999,25921500,23.147021
"293",24.690001,24.809999,22.84,23.76,23572500,22.71678
"294",22.639999,22.790001,20.940001,21.309999,25020800,20.37435
"295",21.780001,24.51,21.610001,24.48,28937600,23.405167
"296",23.73,24.25,23.030001,23.15,19333700,22.133563
"297",23.280001,24.93,23.049999,24.66,18840900,23.577264
"298",24.809999,25.059999,24.43,24.93,9727000,23.83541
"299",25.02,25.09,24.49,25,8619600,23.902336
"300",24.57,25.030001,24.299999,24.85,7911700,23.758922
"301",24.99,25.32,24.530001,24.92,8640200,23.825848
"302",23.559999,23.879999,22.200001,22.459999,14839800,21.473858
"303",21.91,23,21.91,22.040001,9136100,21.0723
"304",22.65,23.049999,22.049999,22.129999,9233300,21.158347
"305",22.32,23.379999,22.040001,23.309999,10314100,22.286537
"306",23.27,23.65,22.99,23.209999,8726700,22.190928
"307",23.35,23.68,22.57,22.66,7432100,21.665077
"308",22.42,23.43,21.83,23.17,11222300,22.152685
"309",23.610001,24.49,23.49,24.469999,6394300,23.395606
"310",24.16,25.25,24.110001,25.040001,10745100,23.94058
"311",25.290001,25.709999,24.709999,25.049999,9850800,23.95014
"312",25.040001,25.540001,24.66,24.799999,8720800,23.711116
"313",24.040001,24.26,23.110001,23.360001,8315200,22.334343
"314",22.41,23.07,21.959999,22.950001,8820900,21.942345
"315",23.309999,24.01,23.25,23.66,9806400,22.720168
"316",23.4,23.77,22.959999,23.07,7094400,22.153604
"317",22.780001,22.84,21.84,22.139999,9721600,21.260546
"318",21.700001,22.290001,21.389999,22.200001,11440000,21.318164
"319",22.34,23.290001,22.24,22.99,11207100,22.076782
"320",23.139999,23.84,22.700001,23.360001,13762200,22.432086
"321",23.610001,23.91,23.200001,23.889999,7509400,22.941032
"322",24.059999,24.33,23.620001,24.200001,8705800,23.238719
"323",23.559999,24.559999,23.299999,24.450001,8745300,23.478788
"324",24.6,24.629999,23.700001,23.76,7354900,22.816196
"325",23.709999,24.209999,22.68,22.73,9995000,21.82711
"326",21.690001,21.98,20.49,21.1,18178700,20.261858
"327",21,21.92,20.860001,21.440001,8414300,20.588353
"328",21.75,22.040001,21,22.01,8157300,21.135711
"329",22.73,23.139999,22.02,22.190001,9978300,21.308561
"330",22.35,22.459999,21.18,21.24,9337100,20.396296
"331",21.719999,21.719999,20.25,20.969999,17298400,20.137021
"332",20.530001,20.969999,20.07,20.379999,8732700,19.570457
"333",20.26,20.290001,18.870001,18.950001,16741700,18.197262
"334",18.620001,19.610001,17.99,19.59,17100000,18.811839
"335",20.41,20.959999,19.82,20.85,11523300,20.021789
"336",20.85,21.709999,20.370001,21.690001,10015800,20.828422
"337",21.870001,21.959999,21.25,21.51,7301100,20.655572
"338",22.059999,23.049999,22.049999,22.91,7550900,21.99996
"339",22.690001,23.209999,22.450001,23.09,7209500,22.17281
"340",23.440001,23.870001,23.299999,23.440001,7331200,22.508908
"341",23.209999,23.57,22.68,23.5,7084000,22.566524
"342",23.959999,24.6,23.16,23.59,8629700,22.652949
"343",23.440001,23.51,22.77,22.860001,5735900,21.951947
"344",23.42,24.09,22.879999,23.809999,8096000,22.86421
"345",23.77,23.99,23.23,23.33,4957100,22.403277
"346",23.35,24.15,23.01,24.059999,7544600,23.104279
"347",24.639999,25.1,24.370001,24.91,7381000,23.920515
"348",25.09,25.959999,24.860001,25.540001,7057600,24.525491
"349",25.219999,25.290001,24.540001,24.629999,8046800,23.651637
"350",25.049999,25.41,24.469999,25.200001,7218300,24.198997
"351",26.370001,26.77,25.85,26.01,12805500,24.976821
"352",26.190001,26.309999,25.26,25.799999,8482000,24.775162
"353",25.379999,26.200001,25.290001,25.809999,10146900,24.784765
"354",24.5,25.23,24.17,24.610001,11051000,23.632433
"355",25.24,25.540001,24.799999,24.950001,8423200,23.958927
"356",25.32,25.41,23.93,24.52,14951500,23.546008
"357",24.129999,25.530001,23.93,25.18,14931900,24.179791
"358",25.25,25.33,24.719999,25.24,6934500,24.237407
"359",25.360001,25.889999,24.83,25.82,9625800,24.794368
"360",24.969999,25.26,24.379999,24.52,9018500,23.546008
"361",24.860001,25.139999,24.379999,25.059999,9403800,24.064557
"362",25.620001,26.84,25.540001,26.25,9286200,25.207287
"363",25.48,26.18,25.48,26.08,9730900,25.04404
"364",25.92,25.98,25.200001,25.48,9399400,24.467873
"365",25.15,25.85,24.969999,25.059999,7660500,24.064557
"366",25.040001,25.129999,24.299999,24.75,13186100,23.766871
"367",25.059999,25.059999,24.549999,24.780001,7568700,23.79568
"368",24.190001,24.32,23.870001,24.09,8181100,23.133088
"369",23.969999,24.469999,23.860001,24.26,7153800,23.296335
"370",23.860001,24.02,23.35,23.440001,5861600,22.508908
"371",23.43,23.879999,23.43,23.549999,3266400,22.614537
"372",24.5,24.75,24.09,24.389999,6112800,23.42117
"373",24.5,24.85,24.24,24.620001,6823900,23.642036
"374",25.57,26.049999,25.469999,26.040001,11340000,25.00563
"375",26.120001,26.15,25.35,25.42,7865200,24.410257
"376",25.82,26,25.290001,25.559999,7415100,24.544695
"377",26.120001,26.4,25.49,25.639999,9900400,24.621518
"378",25.639999,26.370001,25.620001,26.23,8307200,25.188081
"379",25.809999,26.6,25.65,26.440001,9920500,25.486907
"380",26.25,26.27,25.559999,25.639999,6672400,24.715744
"381",25.93,26.75,25.709999,26.639999,6398600,25.679697
"382",26.18,26.360001,25.690001,26.25,6488600,25.303756
"383",26.440001,26.68,25.389999,25.530001,7157300,24.609711
"384",25.26,25.309999,24.620001,25.040001,6495900,24.137374
"385",25.25,25.299999,24.67,24.719999,8664800,23.828908
"386",24.959999,25.27,24.629999,24.84,7486800,23.944583
"387",25.08,25.280001,24.49,24.629999,7474600,23.742152
"388",25.16,26.1,25.08,25.84,7012800,24.908535
"389",25.799999,26.290001,25.65,26.129999,5399600,25.188081
"390",26.16,26.5,25.83,26.450001,4786600,25.496547
"391",26.530001,26.98,26.35,26.889999,3210000,25.920685
"392",26.780001,27.200001,26.76,27.049999,3254300,26.074917
"393",27.01,27.07,26.629999,26.91,6474200,25.939964
"394",27.049999,27.32,26.91,27.24,3150400,26.258069
"395",27.27,27.719999,27.139999,27.139999,4222300,26.161673
"396",27.85,28.139999,27.24,27.27,7291700,26.286988
"397",27.370001,27.959999,27.18,27.9,7570100,26.894277
"398",27.67,28.129999,27.33,27.969999,4316400,26.961754
"399",28.02,28.07,27.620001,27.790001,5528800,26.788244
"400",27.780001,28.17,27.66,27.85,4866400,26.84608
"401",28.059999,28.620001,27.84,28.610001,7566600,27.578685
"402",28.549999,28.639999,27.9,28.15,4985700,27.135265
"403",28.219999,28.309999,27.780001,28.08,4765400,27.067789
"404",27.82,27.959999,27.440001,27.75,4369100,26.749685
"405",28.26,28.51,27.93,28.09,3514700,27.077429
"406",28.01,28.32,27.84,28.290001,5486200,27.27022
"407",28.309999,28.85,28.209999,28.83,4839900,27.790753
"408",28.860001,28.870001,27.809999,28.040001,7581300,27.029232
"409",28.09,29.01,27.93,28.84,8144400,27.800393
"410",28.57,28.950001,28.290001,28.639999,8403800,27.607602
"411",28.559999,29,28.27,28.76,8478600,27.723277
"412",28.969999,29.18,28.59,28.719999,5892500,27.684718
"413",28.639999,28.959999,28.52,28.84,4473800,27.800393
"414",28.5,28.780001,28.16,28.68,5923500,27.646161
"415",29.040001,29.360001,28.389999,28.48,5523600,27.45337
"416",28.92,29.620001,28.879999,28.91,7002100,27.86787
"417",28.719999,29.32,28.24,29.1,8832800,28.051021
"418",29.48,29.610001,29.040001,29.48,7018600,28.417322
"419",29.24,29.639999,29.209999,29.629999,4157900,28.561915
"420",29.610001,29.93,29.280001,29.9,7677100,28.822182
"421",29.85,30.08,29.52,29.73,4552700,28.65831
"422",29.700001,29.879999,29.18,29.77,5736500,28.696869
"423",29.360001,30,29.1,29.9,5107200,28.822182
"424",30.200001,30.379999,30.07,30.209999,6001600,29.121007
"425",30.219999,30.309999,29.540001,29.790001,5530900,28.716149
"426",29.32,29.91,29.200001,29.57,8429900,28.504078
"427",28.35,29.469999,28.219999,29.299999,14015200,28.24381
"428",29.82,29.870001,29.35,29.59,8171900,28.523358
"429",29.82,30.059999,29.43,29.540001,4857500,28.475161
"430",29.5,29.85,29.389999,29.43,4680000,28.369125
"431",29.549999,29.610001,29.27,29.440001,7255000,28.378765
"432",29.58,29.93,29.469999,29.75,5573900,28.67759
"433",29.41,30.16,29.200001,29.83,3748400,28.754706
"434",29.83,30.09,29.59,29.99,5411500,28.908938
"435",30.129999,30.32,29.809999,29.9,10969000,28.822182
"436",29.950001,30.549999,29.82,30.35,9150800,29.255962
"437",30.35,30.52,30.059999,30.290001,5475400,29.198125
"438",30.15,30.26,29.610001,29.870001,5549200,28.793265
"439",29.450001,29.49,28.85,29.08,7167600,28.031742
"440",29.190001,29.879999,29.1,29.790001,6892800,28.716149
"441",29.93,30.67,29.91,30.540001,8755800,29.538268
"442",30.629999,30.99,30.49,30.809999,6888300,29.799411
"443",30.889999,31,30.379999,30.559999,3866900,29.557611
"444",30.639999,31.43,30.549999,31.33,10211400,30.302355
"445",31.639999,31.799999,31.280001,31.43,9455900,30.399075
"446",31.43,31.6,31.09,31.52,6885900,30.486123
"447",31.530001,31.75,31.459999,31.59,5909000,30.553827
"448",31.459999,32.049999,31.32,31.82,4917300,30.776282
"449",31.540001,31.709999,31.389999,31.700001,5786100,30.660219
"450",31.780001,31.85,31.379999,31.559999,5101600,30.52481
"451",31.26,31.52,31.16,31.43,4594900,30.399075
"452",31.4,31.98,31.34,31.84,5464600,30.795627
"453",32.220001,32.560001,31.98,32.419998,7896200,31.3566
"454",32.52,32.610001,32.279999,32.5,5058300,31.433978
"455",32.209999,32.66,32.139999,32.23,8141100,31.172834
"456",32,32.91,31.93,32.830002,7633600,31.753156
"457",32.98,33.939999,32.959999,33.91,15510600,32.797729
"458",33.799999,33.990002,33.400002,33.740002,8158300,32.633307
"459",33.740002,34.169998,33.419998,33.880001,6675600,32.768714
"460",33.459999,33.580002,32.759998,32.990002,8367100,31.907907
"461",32.939999,33.450001,32.790001,33.330002,7203300,32.236755
"462",31.98,32.759998,31.360001,32.540001,8820000,31.472667
"463",32.5,32.560001,31.25,31.299999,12247100,30.273338
"464",31.809999,31.879999,31.49,31.639999,6601600,30.602186
"465",31.66,32.209999,31.4,32.18,8680900,31.124475
"466",32.060001,32.630001,31.959999,32.509998,6798600,31.443648
"467",32.650002,32.650002,32.09,32.310001,6928100,31.250212
"468",32.669998,33.040001,32.279999,32.82,7407000,31.743482
"469",32.709999,33.049999,32.43,32.919998,6464100,31.8402
"470",33.049999,33.400002,32.759998,33.279999,10225600,32.188392
"471",33.400002,33.689999,33.189999,33.310001,5024300,32.217411
"472",32.950001,32.950001,32.259998,32.669998,5815000,31.5984
"473",32.610001,32.959999,32.360001,32.549999,5094100,31.482337
"474",32.900002,33.439999,32.84,33.259998,3963000,32.169048
"475",33.290001,34.200001,33.150002,34.130001,6639800,33.010514
"476",34.360001,34.560001,33.98,34.330002,12078500,33.203955
"477",33.919998,33.990002,33.27,33.380001,7761700,32.285115
"478",33.540001,33.93,33.209999,33.419998,9398600,32.3238
"479",34.990002,35,33.619999,34.189999,14825000,33.068544
"480",34.169998,34.470001,33.77,34.060001,5142300,32.94281
"481",33.75,33.91,33.130001,33.220001,7134100,32.130363
"482",32.400002,33.27,32.369999,32.970001,7112000,31.888563
"483",32.790001,33.009998,31.93,32.900002,12351100,31.820859
"484",32.509998,33.299999,32.209999,32.939999,12483200,31.859544
"485",33.209999,33.580002,32.939999,33.029999,9100100,31.946593
"486",32.900002,33.470001,32.77,32.799999,5118000,31.724137
"487",32.310001,32.389999,31.709999,31.77,8269800,30.727923
"488",31.709999,32.110001,31.51,31.969999,10631800,30.921362
"489",32.110001,32.470001,31.76,31.780001,5147400,30.737595
"490",31.790001,31.83,29.98,30.02,15811700,29.035324
"491",30.209999,30.950001,29.809999,30.559999,11285700,29.557611
"492",30.6,31.540001,30.41,31.5,6384300,30.466779
"493",31.620001,31.76,30.940001,31.17,6744900,30.147603
"494",30.92,31.610001,30.68,31.450001,6476100,30.41842
"495",31.6,31.950001,31.360001,31.629999,4808000,30.592514
"496",31.75,31.809999,31.309999,31.559999,5050500,30.52481
"497",31.620001,32.529999,31.610001,32.360001,8024000,31.298571
"498",31.940001,31.940001,31.26,31.540001,5812800,30.505468
"499",31.51,32.259998,30.969999,31.92,7276700,30.873003
"500",31.219999,31.299999,30.309999,30.33,8354900,29.335155
"501",30.450001,30.73,29.950001,30.620001,7023000,29.615644
"502",30.26,31.530001,30.219999,31.469999,8040500,30.437762
"503",31.85,32.139999,31.700001,31.93,6305400,30.882675
"504",32.380001,32.669998,31.66,31.74,5037100,30.795353
"505",31.48,32.25,31.379999,32.240002,4302900,31.280474
"506",32.68,32.720001,31.530001,31.58,4220100,30.640115
"507",31.66,32.529999,31.639999,32.459999,4855400,31.493924
"508",31.92,32.060001,31.23,31.41,8599200,30.475175
"509",31.629999,31.84,31.299999,31.73,5698700,30.78565
"510",31.82,31.950001,31.440001,31.620001,8074800,30.678925
"511",31.469999,31.700001,30.99,31.629999,6846100,30.688626
"512",31.889999,32.18,31.559999,31.950001,3448200,30.999104
"513",32.07,32.5,31.83,32.02,6720100,31.06702
"514",32.23,32.389999,31.65,31.74,8584000,30.795353
"515",31.66,31.92,31.34,31.450001,7529200,30.513985
"516",31,31.469999,30.73,31.09,7574900,30.164699
"517",31.34,31.92,31.129999,31.559999,4480900,30.62071
"518",31.719999,32.169998,31.719999,31.98,3924300,31.02821
"519",31.84,31.85,31.440001,31.76,6939300,30.814758
"520",32.5,32.779999,32.130001,32.779999,6953200,31.804399
"521",32.759998,33.110001,32.540001,33,3888000,32.017853
"522",32.93,33,32.639999,32.82,1990200,31.84321
"523",32.669998,32.880001,32.419998,32.580002,3326700,31.610355
"524",32.200001,32.66,32.189999,32.560001,3494100,31.59095
"525",32.52,32.709999,32.049999,32.189999,2898200,31.231959
"526",32.310001,32.450001,31.42,31.58,4624400,30.640115
"527",31.549999,31.639999,30.780001,30.92,7624000,29.999758
"528",30.620001,30.870001,29.85,30.610001,11532600,29.698985
"529",30.639999,31.4,30.639999,31.290001,3402900,30.358747
"530",31.120001,31.540001,30.620001,31.5,6619100,30.562496
"531",31.610001,32.040001,30.969999,31.969999,5310800,31.018507
"532",31.73,32.040001,31.469999,31.559999,6141000,30.62071
"533",31.6,32.049999,31.450001,31.76,5504700,30.814758
"534",31.4,31.639999,31.35,31.49,6300600,30.552793
"535",30.940001,31.040001,30.52,30.870001,6375300,29.951247
"536",30.950001,31.18,30.610001,30.9,4771900,29.980353
"537",31.07,31.34,30.870001,31.110001,6063000,30.184104
"538",31.73,32.740002,31.59,32.630001,7179600,31.658866
"539",32.880001,33.73,32.810001,33.57,5451400,32.570888
"540",33.59,33.889999,33.349998,33.549999,3972400,32.551483
"541",33.330002,33.84,32.880001,33.459999,7727800,32.464162
"542",33.599998,33.740002,33.02,33.07,4231300,32.085769
"543",32.82,33.630001,32.66,33.040001,7429000,32.056663
"544",34.27,35.18,34.27,35.060001,10781300,34.016545
"545",35.130001,35.880001,35.02,35.5,6712000,34.443448
"546",35.700001,35.900002,35.639999,35.650002,4778700,34.588985
"547",35.360001,35.68,35.34,35.650002,6225000,34.588985
"548",35.610001,35.830002,35.450001,35.57,4699100,34.511364
"549",35.470001,35.740002,35.419998,35.689999,4505000,34.627792
"550",35.509998,35.75,35.34,35.720001,3603700,34.656901
"551",35.830002,36.189999,35.66,36,5294000,34.928567
"552",36.009998,36.07,35.639999,36.07,5067700,34.996483
"553",36.049999,36.25,35.919998,36.040001,5119900,34.967377
"554",36.07,36.099998,35.740002,35.959999,4700300,34.889757
"555",35.93,36.080002,35.619999,36.080002,3088500,35.006188
"556",36.080002,36.43,35.740002,36.240002,4120500,35.161426
"557",36.200001,36.279999,35.970001,36.099998,3530400,35.025589
"558",36.110001,36.290001,35.869999,35.959999,4818800,34.889757
"559",35.810001,36.630001,35.810001,36.549999,4205600,35.462197
"560",36.610001,36.75,36.380001,36.459999,3638800,35.374876
"561",36.380001,36.41,36.080002,36.349998,2912600,35.268149
"562",36.360001,36.450001,36.040001,36.18,3479800,35.10321
"563",36.029999,36.259998,35.75,36,3683400,34.928567
"564",36.23,36.43,35.889999,36.34,3729100,35.258448
"565",36.23,36.389999,35.900002,35.939999,3540300,34.870351
"566",35.919998,36,35.310001,35.560001,9069500,34.501664
"567",35.91,36.73,35.869999,36.709999,5310700,35.738036
"568",36.619999,37.02,36.509998,37.02,3883400,36.039829
"569",36.880001,37.110001,36.720001,36.900002,4018000,35.923008
"570",36.889999,36.889999,36.439999,36.84,5481500,35.864595
"571",36.630001,36.830002,36.09,36.16,6290600,35.202599
"572",36.130001,37.099998,35.900002,36.950001,7719700,35.971683
"573",37.049999,37.82,36.849998,37.150002,5768200,36.166388
"574",37.139999,37.150002,36.740002,37.130001,7419000,36.146917
"575",37.040001,37.110001,36.529999,36.57,5019600,35.601743
"576",36.810001,37.259998,36.52,37.060001,5415600,36.078771
"577",36.900002,37.150002,36.549999,36.700001,7697100,35.728302
"578",36.990002,38.32,36.950001,37.900002,14054100,36.896531
"579",37.700001,37.779999,37.049999,37.240002,8538700,36.254006
"580",37.470001,37.709999,36.259998,36.34,7988200,35.377833
"581",36.25,36.330002,35.490002,35.57,11529100,34.62822
"582",35.720001,36.290001,35.639999,35.959999,6113000,35.007893
"583",35.779999,36.349998,35.689999,36.330002,9620300,35.3681
"584",36.400002,36.549999,35.48,35.52,6745100,34.579544
"585",35.57,35.790001,34.889999,34.990002,7977100,34.063578
"586",35.009998,35.18,34.130001,34.849998,15557400,33.927282
"587",35.07,36.07,35,36,10496800,35.046835
"588",36.130001,36.650002,35.900002,36.490002,11914900,35.523863
"589",36.400002,36.59,36.02,36.200001,6691400,35.241541
"590",36.119999,36.130001,34.759998,34.860001,7756500,33.937019
"591",34.830002,34.860001,34.419998,34.610001,5646800,33.693639
"592",34.84,34.84,33.419998,33.830002,11684100,32.934292
"593",33.790001,34.18,33.259998,33.77,7346800,32.875879
"594",33.360001,34.080002,33.18,34.029999,6602700,33.128993
"595",34.32,34.369999,33.950001,34.07,5372200,33.167935
"596",34.189999,34.450001,34.080002,34.419998,5542600,33.508667
"597",34.34,34.529999,34,34.060001,6032700,33.158202
"598",34,34.150002,33.310001,33.740002,7722300,32.846674
"599",33.630001,34.119999,33.549999,33.93,4407200,33.031642
"600",33.330002,33.540001,33.09,33.279999,5219700,32.398851
"601",33.41,33.59,33,33.07,4540100,32.194412
"602",33.369999,33.59,32.700001,33.279999,6457600,32.398851
"603",33.389999,33.580002,32.490002,32.869999,7695700,31.999707
"604",33.009998,33.009998,31.84,32.400002,6407600,31.542153
"605",32.560001,33.470001,32.529999,33.450001,7625500,32.564352
"606",33.790001,34.110001,33.16,33.209999,7939600,32.330705
"607",33.93,34.34,33.790001,34.009998,6482800,33.109522
"608",34.049999,34.509998,33.779999,34.43,7008300,33.518404
"609",34.18,34.419998,33.59,34,11140800,33.099789
"610",35.369999,35.630001,34.189999,34.360001,12881700,33.450258
"611",34.150002,35.150002,33.990002,34.880001,8006300,33.95649
"612",34.990002,35.599998,34.459999,34.529999,4626100,33.615755
"613",34.130001,35.09,34.130001,34.369999,5567900,33.459991
"614",34.490002,34.720001,33.209999,33.34,8185200,32.457264
"615",33.389999,33.869999,33.23,33.380001,6342600,32.496205
"616",33.450001,33.799999,33.040001,33.599998,4126200,32.710378
"617",34.060001,34.5,34.049999,34.490002,8147900,33.576817
"618",34.5,35.060001,34.459999,34.779999,5126500,33.859136
"619",34.810001,35.060001,34.580002,34.810001,3608400,33.888344
"620",35.040001,35.860001,34.939999,35.849998,2729900,34.900805
"621",35.619999,35.75,35.240002,35.529999,3977600,34.589278
"622",35.5,35.52,34.740002,34.77,4942400,33.849402
"623",34.59,35.43,34.32,35.310001,6322800,34.375106
"624",35.57,35.900002,35.209999,35.5,6305200,34.560074
"625",35.32,36.07,35.32,35.98,7468600,35.027364
"626",36.209999,36.630001,35.610001,35.619999,6883400,34.676895
"627",35.59,35.950001,35.279999,35.84,7331300,34.891072
"628",35.889999,35.959999,35.290001,35.470001,6968100,34.530869
"629",35.459999,35.810001,35.290001,35.650002,4715700,34.706104
"630",36.02,36.02,35.389999,35.939999,4388200,35.106594
"631",35.790001,36.080002,35.619999,35.880001,2344600,35.047988
"632",36,36.169998,35.689999,35.84,3374000,35.008915
"633",36,36.450001,35.93,36.110001,4360400,35.272654
"634",36.060001,36.18,35.150002,35.459999,4871300,34.637725
"635",35.259998,35.43,34.720001,34.830002,5126900,34.022337
"636",34.91,35.75,34.880001,35.73,5377700,34.901465
"637",35.77,36.560001,35.369999,36.400002,8844400,35.55593
"638",36.389999,36.830002,36.150002,36.43,5575500,35.585233
"639",36.779999,37.630001,36.549999,37.52,10041200,36.649958
"640",37.119999,37.439999,36.66,37.279999,8822300,36.415521
"641",37.150002,37.830002,37.09,37.470001,3044100,36.601118
"642",37.450001,37.610001,37.009998,37.330002,6857600,36.464365
"643",37.27,37.52,36.700001,37.279999,4750100,36.415521
"644",36.98,37.459999,36.799999,36.849998,4499300,35.995492
"645",36.720001,38.099998,36.689999,38.049999,7391300,37.167667
"646",38.82,39.77,38.59,39.299999,8202500,38.388681
"647",39.279999,39.450001,38.93,39.060001,8486000,38.154248
"648",39.139999,39.16,38.209999,38.650002,11319100,37.753756
"649",38.43,38.450001,38.099998,38.240002,8793200,37.353263
"650",38.049999,38.16,37.43,37.52,9577200,36.649958
"651",37.790001,38.279999,37.75,37.950001,7304700,37.069987
"652",38.330002,38.639999,38.060001,38.540001,6333000,37.646306
"653",38.630001,38.900002,38.389999,38.57,4989100,37.675609
"654",38.5,38.73,38.18,38.209999,4766200,37.323956
"655",37.880001,38.200001,37.669998,38.099998,5991600,37.216506
"656",37.880001,38.080002,37.630001,37.939999,5083500,37.060217
"657",41.580002,42.549999,40.939999,40.950001,35077400,40.000421
"658",40.950001,41,39.939999,40.419998,11792300,39.482708
"659",40.450001,41.93,40.400002,41.860001,9206400,40.889319
"660",41.689999,42.27,41.459999,42.240002,7321100,41.260508
"661",42.27,43.139999,41.650002,41.98,7957800,41.006535
"662",42.18,42.27,41.630001,42.189999,5813600,41.211664
"663",42.189999,42.619999,41.959999,42.330002,6555300,41.348421
"664",42.330002,42.43,41.779999,42.119999,4674000,41.143288
"665",42.220001,42.450001,41.970001,42.02,4765000,41.045608
"666",42.049999,42.049999,41.529999,41.720001,4832600,40.752566
"667",42.099998,42.450001,41.75,42.41,4787100,41.426564
"668",42.029999,42.360001,41.790001,41.860001,3435100,40.889319
"669",42.18,42.57,41.889999,42.330002,3342200,41.348421
"670",42.23,42.32,41.869999,41.98,4216000,41.006535
"671",41.84,42.48,41.330002,42.450001,8756700,41.465637
"672",42.41,42.849998,42.380001,42.830002,5285400,41.836827
"673",42.700001,42.73,42.049999,42.279999,4555000,41.299578
"674",42.400002,43.209999,42.369999,43.209999,6166300,42.208012
"675",43.369999,43.470001,42.380001,42.669998,5312500,41.680533
"676",42.43,43.099998,42.200001,42.939999,9128700,41.944273
"677",43.09,45.869999,42.990002,44.639999,15734100,43.604853
"678",44.630001,45.09,44.57,44.880001,7257800,43.839289
"679",44.75,45.009998,43.779999,43.82,7167500,42.803868
"680",43.599998,43.849998,43.23,43.41,6876100,42.403375
"681",43.549999,43.549999,42.959999,43.369999,6314700,42.364302
"682",43.48,43.630001,42.360001,42.360001,7140900,41.377724
"683",42.400002,42.619999,42.049999,42.490002,10644400,41.504711
"684",42.529999,44.02,42.529999,43.799999,10417100,42.784331
"685",43.610001,43.68,42.869999,43.389999,10477200,42.383839
"686",42.93,43.630001,42.91,43.549999,7521200,42.540128
"687",43.310001,43.869999,43.189999,43.779999,6451100,42.764794
"688",44.110001,45.18,42.799999,44.880001,10590400,43.839289
"689",45.02,45.490002,44.439999,44.810001,6312300,43.770913
"690",44.509998,45.639999,44.48,44.98,8036100,44.054947
"691",45.150002,46.130001,45.150002,46,7998300,45.05397
"692",45.860001,46.099998,45.549999,45.900002,4325500,44.956028
"693",45.830002,46,45.439999,45.919998,4209400,44.975614
"694",46,46.02,45.450001,45.939999,4647600,44.995203
"695",46.330002,47.419998,46.209999,46.950001,9221900,45.984433
"696",46.779999,47.130001,46.59,46.759998,6930700,45.798338
"697",46.029999,46.880001,45.52,46.540001,5859700,45.582865
"698",46.689999,46.950001,45.509998,45.75,8394600,44.809112
"699",46.200001,46.540001,46.099998,46.279999,7359000,45.32821
"700",45.860001,46.459999,45.77,45.889999,6176700,44.946232
"701",46.189999,46.48,45.830002,45.98,7187700,45.034381
"702",46.060001,46.299999,45.290001,45.419998,7587500,44.485897
"703",45.560001,45.959999,45.189999,45.709999,6115400,44.769933
"704",45.450001,46.279999,45.34,46.16,4105400,45.210679
"705",46.349998,46.799999,46.119999,46.689999,5955500,45.729778
"706",46.73,47.029999,45.330002,45.740002,9448800,44.799319
"707",45.860001,45.990002,45.380001,45.509998,7122200,44.574046
"708",45.639999,45.849998,44.619999,44.84,8530900,43.917827
"709",44.77,45.52,44.73,44.919998,6933200,43.996179
"710",44.25,45.380001,43.77,45.200001,8295700,44.270424
"711",45.220001,46.220001,45.119999,46.189999,7022000,45.240061
"712",46.34,46.490002,45.610001,45.860001,5262500,44.91685
"713",46.040001,46.68,45.990002,46.610001,5755600,45.651426
"714",46.52,46.959999,46.240002,46.299999,4563900,45.3478
"715",46.049999,46.759998,46.040001,46.57,4808900,45.612247
"716",46.139999,46.34,44.889999,44.959999,5201800,44.035358
"717",45.349998,46.310001,45.25,46.169998,4103000,45.220472
"718",45.810001,46.02,45.189999,45.439999,5428600,44.505486
"719",45.43,45.73,44.52,44.709999,6696800,43.790499
"720",44.830002,46.139999,44.599998,46.060001,7563900,45.112737
"721",46.27,47.150002,46.220001,46.950001,4959600,45.984433
"722",47.080002,47.130001,45.93,46.75,6603600,45.788546
"723",46.880001,47.139999,45.939999,46.060001,4478200,45.112737
"724",46.110001,46.380001,45.75,45.970001,6970100,45.024588
"725",45.970001,46.52,45.790001,46.27,4846000,45.318418
"726",46.360001,46.869999,46.139999,46.279999,4432200,45.32821
"727",46.279999,46.57,45.279999,45.779999,8810900,44.838493
"728",45.75,46.939999,45.470001,46.400002,7927400,45.445745
"729",47.02,48.299999,46.810001,47.349998,10442800,46.376205
"730",47.68,47.970001,47.330002,47.400002,9129000,46.425179
"731",47.419998,47.540001,47.139999,47.169998,3705800,46.199906
"732",47.209999,47.720001,47.130001,47.650002,3395500,46.670038
"733",47.5,47.59,46.669998,46.950001,5899100,45.984433
"734",46.939999,47.200001,46.740002,46.900002,4401800,45.935462
"735",46.950001,47.77,46.950001,47.75,4818000,46.76798
"736",47.560001,49.060001,47.540001,48.98,6782800,47.972683
"737",49.02,50.73,49.02,50.029999,9562000,49.001088
"738",49.759998,50.419998,49.599998,50.400002,5072800,49.363482
"739",50.330002,50.669998,49.560001,49.560001,7089400,48.540757
"740",50.189999,51.540001,50.130001,51.529999,8500600,50.47024
"741",51.439999,51.529999,50.93,51.049999,5021000,50.000112
"742",51,51.349998,50.560001,51.029999,4126700,49.980523
"743",51.049999,52.459999,50.84,51.259998,7655900,50.205792
"744",50.630001,51.290001,50.009998,51.060001,4752400,50.009908
"745",50.57,50.91,50.27,50.75,3782500,49.706282
"746",51.349998,51.84,51.02,51.299999,3640900,50.24497
"747",50.889999,50.950001,49.860001,50.450001,4293300,49.412453
"748",50.560001,51.27,50.259998,50.299999,4710200,49.265536
"749",50.220001,50.91,49.5,49.5,5447500,48.48199
"750",49.5,49.700001,48.650002,49.59,4558100,48.570139
"751",49.400002,50.130001,48.490002,49.110001,5145400,48.100011
"752",49.029999,49.18,47.919998,48.220001,5381000,47.228315
"753",48.240002,48.860001,47.689999,48.84,5712000,47.954903
"754",47.84,48.959999,47.610001,48.029999,10327800,47.159581
"755",48.259998,48.529999,47.639999,47.790001,5045500,46.923933
"756",47.380001,47.619999,46.84,47.09,5977900,46.236618
"757",47.299999,47.68,45.610001,45.919998,8408500,45.087819
"758",46.049999,47.5,45.77,47.360001,9504500,46.501725
"759",47.209999,48.09,47.049999,47.720001,6243000,46.855201
"760",47.91,48.09,47.52,47.790001,5520700,46.923933
"761",47.849998,49.209999,47.810001,48.75,4363600,47.866534
"762",48.700001,49.09,48.380001,48.380001,6412900,47.503241
"763",48,48.07,46.75,46.93,6302700,46.079517
"764",47.400002,47.610001,46.400002,46.889999,8170100,46.040241
"765",46.369999,47.02,45.779999,46.66,4965200,45.81441
"766",47.259998,48.310001,47.029999,47.93,4831100,47.061395
"767",48.310001,48.709999,47.970001,48.43,2690700,47.552334
"768",48.66,49.150002,48.560001,48.799999,2767200,47.915627
"769",48.700001,49.5,48.66,48.869999,9526300,47.984358
"770",48.889999,49.41,48.639999,48.73,5135000,47.846896
"771",48.720001,49.639999,48.450001,49.110001,4152400,48.220011
"772",48.68,49.849998,48.68,49.759998,2150800,48.858229
"773",50,50.389999,49.810001,50.060001,2645200,49.152795
"774",50.240002,50.889999,50.189999,50.860001,4344100,49.938297
"775",51.150002,51.82,51.049999,51.290001,3949300,50.360504
"776",51.200001,51.580002,50.889999,51.169998,3040900,50.242676
"777",52.119999,52.189999,51.16,51.41,4803300,50.478329
"778",51.389999,52.98,51.310001,52.889999,4832700,51.931507
"779",52.779999,53.18,52.439999,53.130001,4578200,52.167159
"780",53.150002,53.59,52.360001,52.68,4153600,51.725314
"781",52.959999,53.18,52.41,52.630001,2783300,51.67622
"782",52.900002,53.84,52.880001,53.540001,3493300,52.569729
"783",53.810001,53.810001,52.130001,52.5,4928900,51.548575
"784",52.630001,52.790001,52.099998,52.549999,3790400,51.597668
"785",52.650002,53.080002,52.16,52.470001,2769000,51.51912
"786",52.720001,53.130001,52.110001,52.48,3089800,51.528937
"787",52.400002,52.630001,51.93,52.490002,2323900,51.538758
"788",52.540001,53.779999,52.380001,53.5,4771100,52.530453
"789",53.48,53.700001,52.290001,52.389999,3799800,51.440568
"790",52.5,52.869999,52.139999,52.330002,3063400,51.381658
"791",52.099998,53.360001,52.099998,52.84,6452900,51.882414
"792",54.240002,55.580002,53.959999,54.880001,8658800,53.885445
"793",54.599998,55,53.869999,54.529999,4198100,53.541786
"794",54.209999,54.639999,53.720001,53.860001,3848800,52.883929
"795",53.91,54.130001,53.259998,54,3840600,53.021392
"796",53.91,54.099998,53.41,53.630001,2906100,52.658098
"797",54.099998,54.470001,53.799999,54.040001,3024600,53.060668
"798",53.91,54.259998,53.380001,53.549999,1723900,52.579546
"799",53.209999,53.900002,53.02,53.68,1561000,52.707191
"800",53.799999,53.84,53.16,53.650002,1335400,52.677736
"801",53.490002,53.66,52.439999,53.009998,4881800,52.049331
"802",52.470001,52.48,51.509998,51.970001,5643000,51.028181
"803",51.740002,52.189999,51.560001,51.68,3014300,50.743436
"804",51.599998,51.66,50.900002,51.09,5589800,50.164128
"805",50.98,51.970001,50.970001,51.549999,2798900,50.615791
"806",51.380001,51.419998,50.509998,50.849998,3281900,49.928476
"807",51.740002,53.060001,51.549999,52.740002,4423700,51.784228
"808",52.73,53.259998,52.119999,53.200001,3111900,52.23589
"809",53.189999,53.66,52.889999,52.91,2841300,51.951145
"810",52.310001,52.459999,51.029999,51.16,4109900,50.232859
"811",51.150002,51.810001,50.77,51.580002,2444300,50.64525
"812",51.27,52.360001,51.099998,51.57,3507800,50.635429
"813",51.68,51.700001,50.880001,51.099998,3028000,50.173945
"814",52.619999,53.869999,52.549999,53.5,5755700,52.530453
"815",54.099998,54.810001,53.810001,54.599998,4041900,53.610517
"816",54.48,54.799999,53.830002,53.939999,3390100,52.962478
"817",54.009998,54.380001,53.310001,53.619999,3277100,52.765663
"818",53.790001,54.290001,53.439999,53.580002,3743100,52.726303
"819",54.049999,54.279999,53.75,54.049999,2611900,53.188812
"820",54.310001,54.790001,54.110001,54.529999,2831600,53.661164
"821",54.509998,55.669998,54.369999,55.259998,4868500,54.379532
"822",55.18,55.459999,54.860001,55.459999,3220700,54.576346
"823",56.139999,56.259998,55.66,55.939999,3459300,55.048698
"824",55.950001,56.639999,55.73,56.389999,3501900,55.491529
"825",56.41,57.049999,55.720001,56.810001,3637100,55.904839
"826",57.080002,57.470001,56.41,56.57,3456500,55.668661
"827",56.599998,57.02,56.07,56.080002,4481600,55.18647
"828",56.009998,56.540001,55.849998,55.919998,3078100,55.029016
"829",56.119999,57.040001,56.02,56.07,4856200,55.176628
"830",56.189999,56.23,55.34,55.52,3831400,54.635392
"831",55.529999,56.049999,55.290001,55.560001,4600300,54.674755
"832",55,56.060001,54.599998,55.5,5756700,54.61571
"833",54.970001,55.59,54.84,55.16,5730300,54.281127
"834",55.290001,56,55.130001,55.759998,3563300,54.871566
"835",55.310001,55.82,55.259998,55.470001,3383900,54.586189
"836",55.23,55.599998,54.799999,54.98,2953000,54.103995
"837",55.099998,56.529999,55.040001,56.380001,3881000,55.48169
"838",55.57,56.27,55.299999,55.32,2459600,54.438578
"839",55.349998,55.689999,53.970001,53.990002,3975500,53.129771
"840",54.060001,54.169998,53.009998,53.619999,5391300,52.765663
"841",54.32,55.779999,54.080002,55.759998,4318400,54.871566
"842",55.610001,56.59,55.349998,56.25,4053600,55.35376
"843",55.889999,57.130001,55.709999,57.049999,3379800,56.141013
"844",56.790001,57.259998,56.48,56.68,3166200,55.776909
"845",57.16,57.73,57.009998,57.59,4297500,56.67241
"846",57.389999,58.57,57.310001,58.439999,4529900,57.508865
"847",58.66,59.439999,58.470001,59.200001,5318400,58.256758
"848",59.32,59.41,58.880001,59.169998,2685400,58.227233
"849",59.360001,59.98,59.330002,59.810001,4910900,58.857039
"850",59.48,59.630001,59.029999,59.25,3796600,58.305961
"851",59.450001,59.900002,59.23,59.599998,2843300,58.650382
"852",59.619999,60,59.150002,59.799999,4629000,58.847197
"853",59.889999,59.91,58.779999,59.25,4644900,58.305961
"854",59.799999,60.189999,59.09,59.419998,4005300,58.47325
"855",59.66,59.669998,57.860001,58.619999,5795400,57.685997
"856",58.639999,59.630001,58.41,59.139999,3870200,58.197713
"857",59.279999,60.27,59.279999,59.939999,4469000,58.984965
"858",60.07,60.25,59.259998,59.509998,2775300,58.561816
"859",59.310001,60.099998,58.93,59.900002,3258000,58.945605
"860",60.400002,60.91,59,59.619999,6764900,58.670064
"861",58.740002,59.32,56.860001,56.91,11669100,56.003244
"862",56.990002,58.790001,56.630001,58.740002,8526600,57.804088
"863",58.689999,59.330002,58.34,58.860001,2869400,57.922175
"864",58.669998,59.080002,58.34,58.73,3216100,57.794245
"865",58.349998,60.18,58.209999,60.169998,6750900,59.2113
"866",60,61.080002,59.919998,60.84,5630600,59.870627
"867",61.040001,61.049999,60.240002,60.549999,3614000,59.585247
"868",60.639999,60.75,59.450001,59.599998,2801000,58.650382
"869",59.43,59.59,58.5,58.880001,3773400,57.941857
"870",59.029999,59.110001,58.029999,58.200001,6151200,57.272691
"871",58.59,58.849998,58.16,58.41,4967400,57.479344
"872",58.599998,58.799999,58.32,58.630001,3594400,57.69584
"873",58.75,58.869999,58.310001,58.470001,3014900,57.53839
"874",58.389999,58.709999,58.130001,58.529999,6083500,57.597431
"875",58.599998,58.860001,58.189999,58.799999,2812900,57.86313
"876",58.91,59.02,58.549999,58.560001,1777900,57.626956
"877",58.599998,59.200001,58.220001,58.709999,3673000,57.774564
"878",58.369999,58.720001,58.150002,58.459999,3169200,57.528547
"879",58.09,59.279999,57.52,58.09,4582700,57.164443
"880",58,58.43,57.740002,58.259998,3520600,57.331733
"881",59.029999,59.259998,58.610001,58.900002,3391700,57.961539
"882",58.959999,59.57,58.529999,58.950001,3007100,58.129174
"883",58.77,59.369999,58.68,59.240002,3953200,58.415137
"884",59.610001,59.610001,58.25,58.439999,3519100,57.626273
"885",58.25,58.599998,57.84,58.169998,3485400,57.360032
"886",58.310001,58.73,58.060001,58.419998,2523800,57.606551
"887",58.84,59.400002,58.529999,59.130001,3385100,58.306668
"888",59.029999,59.09,58.209999,58.720001,3290100,57.902377
"889",58.720001,59.869999,58.099998,59.790001,6198600,58.957478
"890",59.610001,60.849998,59.560001,60.720001,4903600,59.874529
"891",60.66,61.23,60.380001,60.700001,5626000,59.854807
"892",61.07,61.849998,60.82,61.810001,4681700,60.949351
"893",61.689999,61.91,61.439999,61.66,2351100,60.801438
"894",62.060001,63.139999,61.740002,63,3886400,62.12278
"895",63.040001,63.330002,62.23,63.040001,3968400,62.162224
"896",62.990002,64.059998,62.990002,63.66,6983700,62.77359
"897",63.66,64.059998,63.360001,63.740002,3884000,62.852478
"898",63.25,63.73,62.41,63.25,6723000,62.369299
"899",63.189999,63.419998,62.790001,63.139999,2226100,62.26083
"900",63.709999,63.830002,62.889999,63.009998,3663000,62.132639
"901",63.290001,63.84,63.099998,63.380001,2258700,62.49749
"902",63.220001,63.330002,62.459999,62.740002,2653400,61.866402
"903",63,63.09,61.380001,62.490002,3565500,61.619883
"904",62.5,63.279999,62.07,62.990002,3754800,62.112921
"905",62.490002,62.689999,60.650002,60.939999,5463200,60.091463
"906",61.549999,61.549999,60.299999,60.650002,5845500,59.805504
"907",60.830002,61.369999,60.470001,61,7616600,60.150629
"908",61.02,61.310001,60.59,60.799999,3943800,59.953413
"909",60.790001,61.169998,60.029999,60.490002,5014200,59.647732
"910",61.23,61.23,59.290001,59.700001,5797000,58.868731
"911",60.009998,60.950001,59.709999,60.77,3580500,59.923832
"912",60.099998,60.5,59.16,59.700001,4422200,58.868731
"913",59.560001,59.689999,58.029999,58.389999,7373300,57.57697
"914",58.380001,58.849998,57.509998,58.18,5826900,57.369895
"915",58.389999,59.040001,58.240002,58.700001,4131400,57.882655
"916",58.25,58.43,57.369999,57.720001,5709200,56.916301
"917",59,60.169998,58.66,59.169998,7782600,58.346108
"918",58.189999,59.080002,57.900002,58.720001,6940300,57.902377
"919",58.59,58.720001,55.709999,56.310001,11594800,55.525934
"920",56.73,58.16,56.470001,57.869999,8234500,57.06421
"921",57.419998,59.040001,56.75,58.939999,8278900,58.119311
"922",59.18,61.040001,58.790001,60.290001,6706800,59.450516
"923",60.549999,60.849998,60,60.5,4719500,59.657591
"924",60.549999,60.700001,60.189999,60.59,4311500,59.746338
"925",60.580002,61.150002,60.369999,60.900002,6747800,60.052022
"926",61.599998,62.040001,61.130001,61.849998,6713300,60.988792
"927",63.91,64.900002,63.43,64.610001,12806300,63.710363
"928",64.139999,65.93,63.849998,64.959999,7916300,64.055488
"929",65.230003,66.449997,65.169998,66.290001,6013100,65.366971
"930",65.790001,66.580002,65.489998,65.82,7185400,64.903514
"931",65.949997,66.080002,64.660004,65.910004,6616900,64.992265
"932",66.07,66.599998,65.739998,66.059998,5038300,65.14017
"933",66.379997,67.290001,66.290001,66.459999,4822800,65.534602
"934",66.089996,66.330002,65.599998,65.760002,4438800,64.844352
"935",65.900002,66.449997,65.400002,65.540001,4726900,64.627414
"936",65.379997,66.540001,65.169998,66.400002,4732500,65.47544
"937",66.410004,67.470001,66.410004,67.080002,5577100,66.145972
"938",65.82,66.349998,64.639999,65.949997,4303300,65.031701
"939",66.910004,67.620003,66.910004,67.419998,6201700,66.481234
"940",67.529999,67.870003,67.120003,67.379997,4321000,66.44179
"941",67.580002,67.720001,67.209999,67.550003,3757500,66.609429
"942",67.800003,67.970001,67.129997,67.400002,3450400,66.579791
"943",67.129997,67.43,66.669998,66.760002,3200700,65.94758
"944",68.089996,68.099998,65.779999,66.089996,4480800,65.285727
"945",65.610001,66.080002,65.260002,65.900002,4096900,65.098045
"946",66.300003,66.589996,64.690002,64.959999,5671000,64.169481
"947",64.790001,66.019997,64.790001,65.370003,5456300,64.574495
"948",66,66.43,65.629997,65.839996,4099200,65.03877
"949",65.82,66.709999,65.699997,66.300003,3027200,65.493178
"950",66.339996,66.82,65.720001,65.940002,4308200,65.137559
"951",65.769997,66.5,65.5,66.169998,3249400,65.364756
"952",66.809998,67.220001,65.550003,65.690002,6118400,64.890601
"953",65.82,66.169998,63.990002,64.260002,5897400,63.478003
"954",65.18,65.18,63.02,63.139999,9995200,62.37163
"955",63.669998,63.700001,61.889999,61.959999,10427700,61.205989
"956",62,62,60.759998,61.470001,10079200,60.721954
"957",61.790001,62.93,61.610001,62.029999,5791200,61.275137
"958",62.380001,62.689999,61.669998,61.799999,6177300,61.047936
"959",62.25,63.630001,62.23,63.189999,6713400,62.42102
"960",63.41,63.959999,63.220001,63.349998,5537800,62.579073
"961",63.529999,63.709999,62.200001,62.619999,6164900,61.857957
"962",63.009998,63.299999,61.5,61.560001,7989900,60.810859
"963",61.400002,61.419998,58.950001,60.450001,12214200,59.714366
"964",60.41,60.790001,59.23,60.48,8042800,59.744
"965",60.689999,62.52,60.689999,62.360001,8256700,61.601123
"966",62.279999,62.389999,59.880001,59.98,9618000,59.250085
"967",59.529999,60.23,58.59,58.68,10666000,57.965906
"968",59.25,59.560001,58.330002,58.790001,6780000,58.074568
"969",59.080002,59.580002,57.740002,59.169998,7319700,58.449941
"970",59.650002,60.720001,58.950001,60.299999,9143500,59.56619
"971",59.990002,60.740002,58.990002,60.639999,7946900,59.902053
"972",60.639999,60.650002,58.900002,59.709999,6262600,58.98337
"973",60,60.200001,59.16,59.77,7537800,59.042641
"974",59.889999,59.990002,58.16,58.389999,10211800,57.679434
"975",58.720001,59.02,58.110001,58.27,8029800,57.560895
"976",58.16,58.360001,57.689999,58.049999,8560400,57.343571
"977",58.619999,58.709999,56.5,57.02,8078300,56.326107
"978",56.650002,57.560001,56.650002,57.450001,5669600,56.750874
"979",57.200001,58.27,56.75,57.759998,9322100,57.057099
"980",57.849998,58.150002,57.330002,57.48,4688800,56.780508
"981",57.419998,57.830002,57.169998,57.23,5292100,56.53355
"982",57.080002,58.200001,56.720001,58.189999,4280900,57.481867
"983",57.849998,58.349998,56.709999,56.790001,5327600,56.098906
"984",57,57.349998,56.290001,56.650002,7416500,55.960611
"985",56.650002,58.41,56.400002,58.009998,9019800,57.304057
"986",56.549999,57.189999,55.009998,56.740002,15272100,56.049515
"987",56.98,57.939999,56.98,57.400002,8218700,56.701484
"988",57.41,57.779999,56.509998,57,7510800,56.30635
"989",56.790001,57.41,55.57,55.939999,10258300,55.259248
"990",56.150002,56.419998,55.509998,56.389999,10271100,55.703772
"991",56.470001,57.09,55.869999,57.029999,5846100,56.335984
"992",56.860001,57.689999,56.59,57.360001,9107400,56.661969
"993",57.220001,57.540001,56.73,57.09,12850800,56.395255
"994",57.299999,59.25,57.240002,59.02,8706800,58.301768
"995",58.970001,59.310001,58.389999,59.290001,7469500,58.568483
"996",59.41,60.98,59.169998,60.75,8458300,60.010715
"997",60.93,61.259998,60.419998,60.459999,5051400,59.724243
"998",60.470001,60.77,60.029999,60.48,4067800,59.744
"999",60.810001,60.900002,59.73,60.150002,4875700,59.418018
"1000",60.07,60.139999,59.380001,59.610001,5250100,58.884589
"1001",59.619999,60.43,59.619999,60.32,4201500,59.585947
"1002",60.169998,60.310001,59.580002,59.619999,5669600,58.894465
"1003",59.52,60.07,59.25,59.84,2720800,59.111789
"1004",60.029999,60.529999,59.490002,60.48,3085500,59.744
"1005",60.52,60.990002,60.130001,60.490002,3178400,59.872674
"1006",60.540001,61.18,60.490002,60.740002,3419600,60.120123
"1007",60.549999,61.150002,60.169998,61.130001,3959400,60.506142
"1008",62,63.080002,61.689999,61.799999,21619600,61.169303
"1009",61.59,61.650002,60.720001,60.880001,12542000,60.258693
"1010",60.900002,60.98,60.040001,60.450001,8535900,59.833081
"1011",60.150002,60.919998,59.93,60.700001,13120300,60.08053
"1012",60.529999,60.720001,60.09,60.110001,6471000,59.496551
"1013",60.18,61.360001,59.889999,61.23,8784600,60.60512
"1014",61.119999,61.540001,59.91,60.369999,6956100,59.753896
"1015",60.299999,60.299999,57.759998,59.040001,20042500,58.437471
"1016",58.919998,59.290001,58.5,59,7433900,58.397879
"1017",58.900002,59.799999,58.610001,58.84,7006800,58.239512
"1018",58.48,63.75,58.310001,62.48,32708000,61.842363
"1019",62.75,62.75,61.509998,61.990002,11581900,61.357366
"1020",61.630001,62,61.150002,61.23,10856500,60.60512
"1021",61.299999,62.400002,61.27,62.139999,11778700,61.505833
"1022",62.34,63.330002,62.220001,62.919998,22980800,62.277871
"1023",63.049999,64.529999,62.919998,64.300003,40694800,63.643793
"1024",64.300003,64.540001,64.120003,64.300003,14828900,63.643793
"1025",63.869999,65.239998,63.450001,63.610001,48454400,62.960832
"1026",63.419998,63.720001,62.59,63.389999,51073800,62.743076
"1027",63.41,64.139999,62.509998,63.93,78584800,63.277566
"1028",61.889999,62.349998,61.310001,61.799999,90000600,61.169303
"1029",61.970001,62.200001,61.220001,61.349998,8576700,60.723894
"1030",61.790001,61.849998,60.599998,60.68,15332900,60.060734
"1031",60.82,60.849998,59.330002,59.5,16898900,58.892776
"1032",60.939999,61.09,59.939999,60.849998,16020600,60.228997
"1033",60.389999,63.139999,60.360001,61.630001,31086800,61.001039
"1034",61.599998,61.68,60.599998,61.5,23209500,60.872365
"1035",61.380001,61.43,60.41,60.43,10389400,59.813285
"1036",60.59,60.759998,59.25,59.400002,13347000,58.793798
"1037",59.689999,59.689999,58.880001,58.970001,15471500,58.368186
"1038",58.990002,59.150002,58.470001,58.509998,14116500,57.912878
"1039",58.189999,58.470001,57.43,57.73,13274400,57.140839
"1040",57.75,57.970001,57.369999,57.709999,6626500,57.121043
"1041",57.709999,58.049999,57.439999,57.48,8277000,56.89339
"1042",57.880001,58.23,57.509998,57.709999,7125500,57.121043
"1043",57.299999,57.709999,56.810001,56.830002,6107700,56.250026
"1044",56.470001,57.43,56.450001,57.029999,6156200,56.447982
"1045",57.200001,58.009998,57.049999,57.68,6504700,57.09135
"1046",57.299999,57.639999,56.73,56.990002,5131600,56.408393
"1047",57.599998,58,56.959999,57.650002,7642100,57.061657
"1048",58.060001,58.189999,56.740002,56.900002,6718800,56.319312
"1049",58,59.5,57.880001,59.23,11749900,58.625531
"1050",59.740002,60.400002,59.330002,60.18,7528600,59.565836
"1051",59.880001,60.290001,58.82,58.91,6640300,58.308797
"1052",59.169998,59.419998,58.759998,59.34,4970700,58.734409
"1053",59.290001,59.630001,59.139999,59.459999,4332400,58.853183
"1054",59.740002,60.25,59.330002,59.990002,5841700,59.377777
"1055",60.549999,60.73,60.110001,60.23,5928100,59.615325
"1056",60.48,60.939999,60.150002,60.740002,3628400,60.120123
"1057",60.470001,60.720001,60.189999,60.43,3844500,59.813285
"1058",60.549999,60.599998,60.16,60.360001,4268900,59.744
"1059",60.240002,60.830002,60.240002,60.5,3230300,59.88257
"1060",60.77,61.369999,60.369999,60.630001,4519800,60.011245
"1061",60.560001,60.700001,59.93,60.02,4702000,59.407469
"1062",60.209999,60.580002,60.099998,60.419998,3252900,59.803385
"1063",60.040001,60.369999,59.549999,59.549999,5040900,58.942265
"1064",59.68,59.740002,59.130001,59.290001,4831400,58.68492
"1065",59.299999,59.650002,58.66,58.830002,6484800,58.229615
"1066",59.099998,59.189999,58.189999,58.529999,5907700,57.932674
"1067",59.02,59.700001,58.900002,59.43,7603900,58.823491
"1068",59.48,59.57,58.560001,59.400002,7013700,58.793798
"1069",59.150002,59.240002,58.759998,59.060001,4046100,58.605262
"1070",58.830002,58.939999,57.790001,57.860001,7181400,57.414501
"1071",58,58.16,57.099998,57.639999,5972800,57.196194
"1072",57.400002,58.669998,57.32,58.130001,4797700,57.682423
"1073",57.41,57.419998,56.310001,57.259998,11472500,56.819119
"1074",57.27,57.279999,56.700001,56.740002,6361100,56.303126
"1075",56.709999,57.34,56.32,56.900002,8350300,56.461894
"1076",57.049999,57.209999,56.560001,56.84,5540300,56.402354
"1077",57.099998,57.130001,56.060001,56.5,9888100,56.064972
"1078",56.880001,56.880001,55.619999,55.91,10796100,55.479515
"1079",55.68,55.830002,54.43,54.619999,11979200,54.199446
"1080",54.91,55.439999,54.32,55.029999,10495700,54.606289
"1081",55.009998,55.099998,54.18,54.849998,9998700,54.427675
"1082",54.779999,54.93,53.779999,53.84,7942600,53.425453
"1083",53.830002,54.810001,53.779999,54.560001,6369800,54.139911
"1084",53.919998,54.84,53.869999,54.32,8208400,53.901757
"1085",54.419998,54.470001,53.490002,53.5,10307500,53.088071
"1086",53.5,53.580002,52.779999,52.810001,12324500,52.403385
"1087",52.419998,52.540001,50.52,52.34,17811700,51.937003
"1088",52.689999,53.580002,52.279999,53.080002,10696600,52.671307
"1089",53.220001,53.5,52.619999,52.77,3514600,52.363692
"1090",52.310001,52.689999,52.07,52.16,5835400,51.758388
"1091",52.150002,52.73,51.470001,52.59,6185400,52.185078
"1092",52.299999,52.34,50.700001,50.720001,10588800,50.329477
"1093",50.580002,51.16,49.810001,49.91,9468900,49.525712
"1094",49.779999,50.119999,48.830002,48.91,10407700,48.533412
"1095",49.59,50.75,49.330002,49.93,10301900,49.545559
"1096",49.66,51.029999,48.919998,50.75,13183700,50.359245
"1097",49.799999,52.349998,49.619999,51.18,8451200,50.785934
"1098",51.790001,52.98,51.59,52.349998,9047600,51.946924
"1099",52.970001,53.75,52.880001,53.470001,8752300,53.058303
"1100",53.709999,54.610001,53.639999,54.240002,6745400,53.822375
"1101",54.509998,54.540001,52.740002,52.91,7743700,52.502614
"1102",53.490002,54.099998,53.099998,53.75,5384300,53.336146
"1103",53.360001,53.810001,53,53.52,3821700,53.107917
"1104",53.419998,53.900002,53.200001,53.52,3191900,53.107917
"1105",53.740002,54.099998,53.59,54.07,4010700,53.653682
"1106",53.93,54.130001,53.459999,54.060001,3599800,53.643761
"1107",53.810001,54.139999,53.470001,53.889999,3618500,53.475067
"1108",54.849998,54.860001,53.470001,54.220001,6397100,53.802528
"1109",54.650002,54.650002,54.130001,54.43,5734100,54.010911
"1110",53.400002,53.400002,51.32,51.990002,14822600,51.589699
"1111",53.02,53.150002,51.700001,52.5,11518900,52.095771
"1112",53.709999,53.709999,50.52,52.130001,15307600,51.72862
"1113",51.77,51.790001,50.91,51.310001,13100500,50.914934
"1114",51.66,52.41,51.360001,52.130001,8673400,51.72862
"1115",52.049999,52.299999,51.57,51.84,5418800,51.440852
"1116",51.59,51.700001,51.110001,51.57,7316900,51.172931
"1117",51.759998,52.630001,51.630001,51.869999,5012700,51.47062
"1118",52.060001,53.439999,51.959999,53.41,8434100,52.998764
"1119",53.279999,53.490002,52.82,52.880001,6850900,52.472846
"1120",52.400002,52.700001,52,52.540001,7083600,52.135463
"1121",52.349998,53.360001,52.169998,53.34,6380200,52.929303
"1122",53.049999,54.060001,52.93,53.669998,7456900,53.25676
"1123",54.060001,54.110001,53.240002,53.549999,9347800,53.137685
"1124",53.779999,53.93,53.330002,53.529999,6153500,53.117839
"1125",53.669998,55.040001,53.48,54.650002,7780200,54.229218
"1126",54.73,54.849998,54.07,54.200001,4249500,53.782682
"1127",54.43,54.91,54.07,54.880001,2562600,54.457447
"1128",54.560001,54.849998,54.040001,54.470001,4607800,54.050604
"1129",54.639999,54.880001,54.27,54.310001,3630900,53.891836
"1130",54.330002,55.490002,53.98,55.23,6460500,54.80475
"1131",54.919998,55.02,54.450001,54.849998,4472300,54.427675
"1132",54.830002,56.099998,54.630001,55.09,9210800,54.665829
"1133",54.799999,55,53.560001,53.610001,6148600,53.197225
"1134",52.529999,52.970001,51.400002,52.48,9618100,52.222042
"1135",52.259998,52.529999,51.529999,51.59,6309900,51.336417
"1136",51.75,52.759998,51.389999,52.490002,5918500,52.231995
"1137",52.060001,54.119999,51.880001,53.48,8560600,53.217126
"1138",53.790001,54.150002,52.900002,52.900002,5241300,52.639979
"1139",52.509998,53.049999,52.029999,52.110001,7127000,51.853861
"1140",52.259998,53.400002,52.169998,53.299999,5226500,53.038011
"1141",54.060001,54.599998,53.790001,54.599998,6882400,54.33162
"1142",54.950001,55.470001,54.59,55.18,11220200,54.908771
"1143",55.380001,55.48,54.5,54.639999,5800500,54.371424
"1144",54.900002,56.369999,54.900002,55.830002,5991700,55.555577
"1145",55.82,56.07,55.32,55.700001,2607000,55.426215
"1146",56.02,56.139999,55.540001,55.98,4503300,55.704838
"1147",55.77,56.669998,55.740002,56.450001,4251500,56.172529
"1148",56.389999,56.439999,55.75,55.830002,3067000,55.555577
"1149",56,56.330002,55.25,55.34,3361700,55.067984
"1150",55.75,55.77,54.459999,54.790001,4328900,54.520689
"1151",54.509998,54.68,54,54.259998,4762800,53.993291
"1152",54.25,54.32,52.939999,53.189999,5231000,52.928551
"1153",53.599998,53.84,52.990002,53.110001,5394700,52.848946
"1154",53.73,54.07,53.439999,53.740002,5910400,53.47585
"1155",54,55.130001,53.82,54.560001,8410500,54.29182
"1156",55.040001,55.299999,54.369999,54.849998,5486300,54.580391
"1157",55.419998,56.290001,55.080002,55.599998,7808600,55.326705
"1158",54.849998,54.939999,53.52,54.470001,7631000,54.202262
"1159",54.68,54.93,53.490002,53.549999,4580500,53.286782
"1160",53.810001,55.68,53.529999,55.560001,10710300,55.286904
"1161",55.48,55.599998,54.75,55.470001,8010300,55.197346
"1162",55.139999,56.220001,55.009998,56.189999,6127400,55.913805
"1163",56.349998,56.860001,55.740002,56.73,7611400,56.451151
"1164",56.799999,56.799999,55.68,55.880001,4805100,55.605331
"1165",55.700001,57.099998,55.23,57.060001,5830800,56.779531
"1166",56.209999,57.32,55.98,57.080002,5595200,56.799433
"1167",57.290001,57.450001,56.139999,56.290001,5747400,56.013315
"1168",56.290001,56.98,55.169998,55.720001,8253800,55.446118
"1169",55.200001,55.669998,54.650002,54.810001,5435800,54.540591
"1170",54.849998,55.450001,54.389999,55.369999,4967900,55.097836
"1171",55.849998,56.939999,55.799999,56.919998,4108900,56.640216
"1172",57,57.48,56.029999,56.740002,5416800,56.461104
"1173",57.060001,57.279999,55.450001,56,7003100,55.72474
"1174",56.279999,57.5,56.099998,56.740002,8155000,56.461104
"1175",56.709999,57.48,56.560001,56.759998,5431100,56.481003
"1176",57.040001,57.310001,56.400002,57,6300200,56.719825
"1177",57.200001,57.290001,56.57,56.75,5504600,56.471054
"1178",56.91,57.799999,56.450001,57.77,6909200,57.48604
"1179",60.099998,60.790001,59.040001,59.830002,16696400,59.535916
"1180",59.349998,60.200001,59.119999,60.200001,6887300,59.904096
"1181",59.970001,60.25,59.639999,59.810001,4773800,59.516014
"1182",59.790001,60,59.400002,59.540001,5433000,59.247341
"1183",59.439999,59.709999,59.09,59.5,5350800,59.207536
"1184",59.580002,59.75,59.09,59.669998,4284200,59.376699
"1185",59.73,59.98,59.34,59.400002,3599300,59.108029
"1186",59.470001,59.919998,59.369999,59.779999,5842900,59.486159
"1187",59.610001,60,58.830002,59.139999,4135500,58.849305
"1188",59.259998,59.48,58.869999,59.099998,6354800,58.809501
"1189",59.25,61.860001,59.119999,61.75,10733800,61.446477
"1190",61.5,63.27,61.330002,62.799999,10016000,62.491315
"1191",62.509998,62.779999,61.599998,62.459999,5399300,62.152986
"1192",62.470001,62.490002,61.290001,61.549999,6736600,61.247459
"1193",61.380001,61.950001,60.580002,60.59,5583800,60.292179
"1194",60.580002,61.02,59.529999,60.509998,6373400,60.362006
"1195",60.220001,60.220001,59.220001,59.43,4620000,59.284649
"1196",59.619999,59.950001,59.34,59.59,3967200,59.444257
"1197",59.84,61.900002,59.830002,61.650002,6178300,61.499221
"1198",61.459999,61.57,60.57,60.93,4290400,60.78098
"1199",61.200001,62.200001,60.869999,62.080002,3985000,61.928169
"1200",61.509998,62.02,61.150002,61.77,4219100,61.618926
"1201",61.619999,63.419998,61.369999,63.110001,5385900,62.955649
"1202",62.830002,63.259998,62.34,62.630001,4105400,62.476823
"1203",63.220001,63.709999,62.93,63.349998,9595800,63.19506
"1204",63.32,63.650002,62.57,62.68,4033800,62.5267
"1205",62.549999,63.25,62.369999,62.380001,3789100,62.227435
"1206",62.310001,62.459999,61.099998,61.509998,4488700,61.35956
"1207",61.25,61.630001,60.759998,61,4606100,60.850809
"1208",61.5,62.029999,61.110001,61.209999,7933300,61.060294
"1209",61.43,62.07,61.41,61.869999,3950200,61.71868
"1210",61.619999,61.810001,60.48,60.630001,6534800,60.481715
"1211",60.43,60.73,59.09,59.619999,7795800,59.474183
"1212",59.52,61.490002,59.110001,61.16,9528400,61.010417
"1213",60.630001,61.720001,60.419998,60.889999,4440100,60.741077
"1214",60.700001,61.52,60.700001,60.880001,2702900,60.731103
"1215",61.029999,61.669998,60.799999,61.27,3739600,61.120149
"1216",61.27,61.610001,60.610001,61.200001,2954200,61.05032
"1217",61.470001,61.779999,61.139999,61.599998,2789500,61.44934
"1218",61.689999,61.919998,61.279999,61.32,2607200,61.170026
"1219",61.299999,61.619999,61,61.5,2345500,61.349586
"1220",61.529999,62,61.459999,61.66,2747100,61.509194
"1221",61.560001,62.09,61.360001,61.779999,3493100,61.6289
"1222",61.330002,61.34,60.189999,60.68,3899500,60.531592
"1223",61.110001,61.380001,60.939999,61.200001,1915800,61.05032
"1224",61.380001,61.82,61.169998,61.48,2025500,61.329634
"1225",61.5,61.720001,60.939999,61.57,1594200,61.419414
"1226",61.59,62.080002,61.32,61.630001,2640000,61.479269
"1227",62.009998,62.779999,61.720001,62.720001,3816800,62.566603
"1228",62.779999,63.310001,61.650002,61.700001,3589900,61.549098
"1229",61.509998,61.84,60.869999,61.599998,2932700,61.44934
"1230",61.549999,63.009998,61.459999,62.77,4079600,62.61648
"1231",62.5,63.040001,61.790001,62.130001,3382300,61.978046
"1232",62.41,62.990002,62,62.630001,2614400,62.476823
"1233",62.950001,63.200001,62.5,62.619999,2656400,62.466846
"1234",62.669998,62.810001,61.639999,61.77,3475200,61.618926
"1235",61.779999,61.869999,60.779999,61.119999,3345300,60.970514
"1236",61.209999,61.599998,60.889999,61.220001,5040800,61.070272
"1237",63.82,63.950001,59.68,60.82,9050700,60.671249
"1238",60.900002,61.150002,59.439999,59.669998,5981200,59.52406
"1239",59.439999,60.200001,58.759998,59.720001,4536000,59.573941
"1240",59.77,60.139999,59.34,59.720001,3520400,59.573941
"1241",60.110001,60.259998,59.52,59.639999,2447700,59.494134
"1242",59.619999,60,59.389999,59.950001,2853700,59.803378
"1243",59.98,60.950001,59.919998,60.779999,2635900,60.631346
"1244",60.84,61.09,60.5,60.700001,2531000,60.551543
"1245",60.889999,61.43,60.52,61.080002,2193000,60.930615
"1246",60.91,62.049999,60.869999,61.810001,2272400,61.658829
"1247",61.900002,61.959999,61.43,61.59,1631600,61.439366
"1248",61.52,61.919998,60.5,60.68,3269000,60.531592
"1249",60.759998,62.919998,60.419998,62.650002,5527000,62.496775
"1250",62.360001,62.970001,61.77,62.029999,3659700,61.878288
"1251",61.880001,62.080002,61.599998,61.720001,3386100,61.569049
"1252",61.959999,62.389999,61.439999,61.5,3417700,61.349586
"1253",61.5,62.099998,61.169998,61.650002,2872300,61.499221
"1254",62.029999,62.509998,61.619999,62.220001,4915500,62.067826
"1255",61.880001,62.459999,61.549999,61.740002,3387100,61.589001
"1256",61.5,61.93,61.139999,61.330002,2918200,61.180004
"1257",60.900002,60.970001,60.259998,60.279999,2916100,60.279999
"1258",60.220001,60.34,59.130001,59.849998,2964800,59.849998
"1259",60.009998,60.619999,59.34,59.490002,5299100,59.490002
