"","CLF.Open","CLF.High","CLF.Low","CLF.Close","CLF.Volume","CLF.Adjusted"
"1",53,54.869999,52.41,54.869999,8385600,48.547517
"2",53.84,56.18,53.77,55.970001,5815400,49.52077
"3",57.52,58.43,55.900002,56.119999,6694100,49.653484
"4",57.459999,58.07,56.099998,57.93,5061200,51.254925
"5",57.029999,58.200001,56.5,57.509998,4279900,50.883319
"6",58.48,58.5,55.419998,56.360001,5877800,49.865831
"7",56.639999,56.860001,55.73,56.220001,4382100,49.741963
"8",59.040001,60.27,57.16,57.889999,8187500,51.219534
"9",58.169998,59.02,55.799999,55.880001,4750200,49.44114
"10",55.720001,57.080002,54.189999,56.299999,5880200,49.812744
"11",55.5,55.990002,53.779999,53.939999,4887600,47.724678
"12",54.669998,56.5,53.720001,56.369999,8184500,49.874677
"13",56.380001,56.380001,54.299999,54.439999,3526000,48.167064
"14",52,52.25,47.93,48.490002,11429300,42.902665
"15",48.68,49.799999,47,47.16,6960600,41.725915
"16",46.91,48.509998,44.91,46.849998,8917400,41.451634
"17",47.73,47.990002,46.310001,46.889999,5718500,41.487026
"18",48.700001,49.529999,44.459999,44.490002,10904300,39.363572
"19",44.490002,48.43,44.200001,48.43,9116300,42.849578
"20",49.5,49.5,47.630001,49.419998,7424800,43.725501
"21",49.080002,51.299999,49.009998,51.07,5751600,45.185379
"22",50.619999,50.619999,47.369999,47.950001,7400500,42.424887
"23",49.799999,49.98,47.84,48.900002,6722400,43.265422
"24",48.299999,49.23,47.560001,48.639999,5514000,43.035379
"25",48.389999,49.150002,47.529999,48.459999,4575000,42.87612
"26",47.91,48.130001,46.349998,46.549999,5171300,41.186203
"27",47.150002,47.43,45.18,46.52,5124700,41.159661
"28",45.509998,50.5,45.509998,50.330002,8557600,44.530649
"29",52.009998,53.509998,50.610001,51.279999,9230600,45.371181
"30",52.75,54.849998,51.990002,54.52,7918000,48.237848
"31",54.790001,56.369999,53.740002,55.900002,6327400,49.458836
"32",56.049999,57.529999,55,57.139999,5538100,50.555953
"33",57.470001,57.75,54.049999,55.299999,6922100,48.92797
"34",54.369999,56.299999,53.919998,54.139999,5078600,47.901633
"35",55.27,57.169998,54.740002,56.189999,6870100,49.715418
"36",54.599998,57.080002,54.509998,56.57,4542000,50.051633
"37",58.32,60.82,58.25,60.599998,6482900,53.617269
"38",59.830002,60.939999,59.049999,59.689999,4771500,52.812125
"39",60.029999,62.48,59.459999,62.439999,5853100,55.245252
"40",61.779999,62.220001,61.049999,61.630001,3443500,54.528588
"41",60.029999,62.470001,59.360001,60.029999,6174200,53.112948
"42",61.009998,63.060001,60.299999,62.459999,5366600,55.262948
"43",60.970001,61.439999,59.900002,61.23,5342500,54.174677
"44",58.779999,59.240002,57.669998,58.02,5176600,51.452198
"45",56.299999,59.630001,56.23,58.689999,4634200,52.046353
"46",59.09,59.509998,57.950001,58.490002,3812600,51.868996
"47",58.790001,61,58.299999,60.470001,4978500,53.624861
"48",62.279999,64.489998,62.080002,62.869999,6382100,55.753182
"49",63.150002,64.349998,62.009998,63.610001,4753000,56.409416
"50",63.369999,65,60.990002,61.5,5770200,54.538265
"51",61.139999,61.509998,59.939999,61.279999,4117900,54.343168
"52",62.130001,62.139999,59.720001,59.810001,3283100,53.039573
"53",57.970001,58.990002,57.549999,57.810001,4844900,51.265971
"54",56.939999,58.389999,55.720001,58,5241200,51.434462
"55",59.009998,59.57,57.09,57.419998,3715500,50.920115
"56",58.369999,60.330002,57,60.220001,4194400,53.403161
"57",60.110001,61.650002,59,59.029999,4443400,52.347866
"58",58.669998,61.689999,58.150002,61.189999,5554000,54.263356
"59",63.889999,65.300003,63.799999,64.949997,5611300,57.597726
"60",65.010002,65.860001,63.869999,65.860001,3871500,58.404719
"61",67.32,68.239998,66.57,67.080002,4233900,59.486617
"62",66.330002,67.489998,65.220001,66.779999,3983900,59.220574
"63",67.300003,68.720001,67.040001,67.309998,4613300,59.690577
"64",68.68,68.830002,65.139999,65.5,4321000,58.08547
"65",65.5,66.309998,64.550003,65.529999,2366700,58.112073
"66",67.169998,68,66.900002,67.550003,2814600,59.903415
"67",65.139999,65.139999,63.080002,63.18,9322500,56.028091
"68",62.580002,64.169998,62.18,63.279999,4548100,56.11677
"69",63.119999,64.480003,63.02,63.48,3055500,56.294131
"70",64.010002,64.150002,60.369999,60.959999,6426800,54.059392
"71",61.110001,62,59.860001,61.810001,6411300,54.813175
"72",62.27,62.389999,60.209999,60.630001,6449300,53.766749
"73",61.16,63.200001,61.009998,62.25,6769400,55.203366
"74",61.139999,62.5,60.580002,61.110001,3562400,54.192414
"75",62.240002,62.849998,61.77,62.580002,3892600,55.496012
"76",62.66,63.560001,61.93,62.419998,3311700,55.354121
"77",63,63.049999,61.349998,62.77,3267500,55.664503
"78",62.669998,64.720001,62.32,64.110001,3959100,56.852817
"79",65.120003,65.480003,62.860001,63.919998,4004800,56.684322
"80",65.279999,66.970001,64.650002,66.580002,5801900,59.043216
"81",66.120003,66.120003,63.470001,64.120003,4359400,56.861687
"82",65.440002,66.970001,64.699997,66.110001,4528300,58.626419
"83",66.269997,67.839996,66.099998,66.889999,3556200,59.318123
"84",67.860001,67.940002,65.029999,66.349998,2924300,58.839249
"85",66.68,69.980003,66.5,69.18,6128900,61.348898
"86",69.779999,70.949997,68.730003,69.040001,3411300,61.224746
"87",68.739998,68.860001,66.970001,68.309998,4446800,60.577379
"88",69.470001,70.07,68.610001,68.75,3951600,60.967573
"89",68.989998,69.470001,67.389999,68.199997,3116800,60.47983
"90",68.760002,68.839996,66.669998,67.540001,3447900,59.894545
"91",67,67.040001,65.779999,66.169998,3935200,58.679625
"92",64.239998,64.900002,61.93,62.700001,6525400,55.602427
"93",63.099998,65.470001,63,64.970001,4397100,57.615466
"94",65.57,65.940002,62.790001,63.779999,4551700,56.560171
"95",64.400002,64.730003,63,64.599998,3096900,57.287347
"96",65.860001,66.779999,64.940002,65.360001,3273100,57.961318
"97",64.25,65.050003,63.52,64.480003,4180500,57.180936
"98",63.389999,63.790001,62.09,63.709999,4156700,56.498095
"99",64.660004,65,62.75,63.369999,3673200,56.196582
"100",62.09,65.300003,62.009998,65.199997,5257200,57.819427
"101",65.709999,67.470001,65.300003,66.360001,3701500,58.848119
"102",67.330002,67.389999,66.32,67.309998,2239400,59.690577
"103",67.400002,67.75,65.599998,66.870003,3340100,59.30039
"104",68.75,70.5,68.529999,70,4989500,62.076074
"105",69.660004,71.660004,69.660004,71.099998,3785000,63.051554
"106",70.199997,71.260002,70.050003,70.889999,2834400,62.865327
"107",71.389999,71.879997,68.110001,68.830002,3664900,61.038519
"108",69.650002,70.360001,67.370003,70.059998,3735800,62.12928
"109",68.879997,70.470001,68.779999,70.050003,2789500,62.120417
"110",68.5,69.379997,67,67.519997,4264700,59.876805
"111",68.389999,68.650002,67.160004,67.519997,2653900,59.876805
"112",66,66.379997,64.760002,66.029999,4741100,58.555473
"113",65.989998,66.919998,65.129997,66.410004,3097000,59.017593
"114",68,68.300003,67.419998,67.800003,2733500,60.252865
"115",67.32,70,66.860001,69.919998,3838800,62.136874
"116",69.580002,70.5,68.709999,70.449997,2798300,62.607876
"117",69.07,69.199997,67.209999,67.889999,2591700,60.332844
"118",68.629997,69.879997,68.129997,69.660004,2577600,61.90582
"119",69,69.400002,68.300003,69.010002,1120600,61.328173
"120",68.279999,69.25,67.139999,68.980003,2594300,61.301514
"121",68.059998,70,67.75,68.339996,3373200,60.732749
"122",69.959999,70.540001,69.339996,70.459999,3406100,62.616764
"123",70.769997,72.220001,70.68,72.209999,4866000,64.171964
"124",71.769997,73.639999,71.730003,73.580002,4270100,65.389465
"125",73.669998,74.089996,73.010002,73.629997,2873400,65.433895
"126",74.959999,74.980003,72.43,72.599998,3053000,64.51855
"127",72.629997,73.190002,70.68,71.18,2549800,63.256619
"128",71.910004,72.790001,71.360001,71.980003,2129000,63.96757
"129",72.25,74.470001,71.489998,74.330002,3217200,66.055979
"130",75.5,77.57,75.169998,75.610001,4691500,67.193495
"131",75.540001,77.199997,74.699997,75.629997,2995400,67.211266
"132",75.18,76.849998,74.589996,74.669998,2421500,66.358129
"133",74.739998,75.720001,73.650002,75.690002,2497300,67.264591
"134",75.699997,76.730003,75.400002,76.099998,3032800,67.628949
"135",77.870003,79.690002,77.43,78.470001,3456900,69.735135
"136",79.419998,80.290001,78.720001,79.980003,2293600,71.077052
"137",80,80.400002,78.5,78.629997,1705200,69.877322
"138",78.599998,79.199997,77.650002,78,1331300,69.317452
"139",77.660004,78.209999,76.57,78.150002,1313300,69.450756
"140",78.699997,79.349998,77.639999,78.089996,1525900,69.397431
"141",78.339996,78.75,77.660004,77.690002,1354100,69.041962
"142",77.699997,78.849998,77.629997,78.379997,1768900,69.65515
"143",78.230003,78.739998,77.839996,78.010002,1353500,69.326341
"144",79.550003,82.800003,79.150002,81.849998,4181800,72.738889
"145",82.459999,85.339996,81.620003,85.230003,7369800,75.74265
"146",84.589996,85.860001,83.220001,84.93,4016600,75.476042
"147",85.199997,85.800003,82.93,83.32,2945200,74.045258
"148",83.589996,83.720001,80.080002,81.330002,3686700,72.276776
"149",81.269997,82.690002,80.510002,82.5,2399400,73.316536
"150",83.080002,85.860001,82.919998,84.959999,3704500,75.502701
"151",88.099998,89.919998,86.650002,88.43,8347700,78.58644
"152",88.519997,88.900002,86.699997,87.400002,3332700,77.671095
"153",87.099998,88.860001,86.260002,88.839996,4318100,78.950798
"154",89.029999,91.110001,88.919998,91.050003,3449000,80.914798
"155",90.959999,91.419998,87.260002,87.370003,3809900,77.644436
"156",85.580002,86.25,82.830002,84.25,5202400,74.871735
"157",86.019997,86.220001,81.389999,81.660004,4214100,72.570044
"158",81.889999,84.589996,81.110001,82.959999,3198300,73.725331
"159",82.239998,83.43,79.660004,81.739998,4456800,72.641133
"160",82.919998,87.809998,82.300003,87.709999,5146800,77.946586
"161",87.599998,87.779999,84.440002,85.239998,3365900,75.751532
"162",85.190002,86.129997,82.349998,83.089996,2877900,73.840857
"163",84.440002,85.599998,83.269997,85.459999,2698400,75.947044
"164",86.519997,89.709999,86.309998,89.639999,3451300,79.661748
"165",90.669998,91.690002,89.309998,90.449997,2978000,80.381581
"166",90.559998,90.849998,87.5,90.400002,2963400,80.337151
"167",90.080002,90.309998,88.139999,90.269997,3339600,80.221618
"168",90.589996,92.25,89.75,90.779999,2259600,80.674849
"169",90.879997,91.18,88.860001,90.120003,2160700,80.08832
"170",89.220001,89.970001,85.809998,86.75,3785600,77.093449
"171",85.879997,89.5,85.800003,88.480003,2499600,78.630877
"172",87.93,88.860001,86.849998,87.510002,2396000,77.8921
"173",88.209999,92.739998,88.010002,92.669998,4144100,82.48498
"174",92.690002,93.800003,90.910004,92.339996,2837100,82.191248
"175",93.339996,93.949997,91.779999,92.879997,3842800,82.671899
"176",101.620003,101.620003,98.029999,99.519997,9737900,88.58212
"177",99.690002,99.690002,95.099998,96.540001,4636300,85.929645
"178",95.669998,97.330002,92.349998,92.730003,5444800,82.53839
"179",93.220001,94.959999,89.690002,92,5253300,81.888619
"180",92.68,94.93,90.519997,93.32,4613400,83.063542
"181",95.07,96.010002,94.019997,95.230003,3504400,84.763625
"182",96.699997,97.900002,94.599998,97.07,3926900,86.401394
"183",97.489998,97.949997,94.419998,94.559998,4379600,84.167257
"184",94.839996,97.389999,94.239998,96.879997,3434700,86.232274
"185",98.370003,100.900002,97.559998,100.459999,4174400,89.418811
"186",100.870003,101.599998,97.910004,99.120003,2780900,88.226088
"187",99.639999,99.68,93.800003,95.769997,4538200,85.244269
"188",95.989998,97.18,93.550003,96.699997,3047200,86.072057
"189",96.309998,96.690002,91.169998,91.559998,6338100,81.496976
"190",89.370003,90.370003,84.720001,85.120003,7927200,75.764777
"191",84.379997,88.150002,84.120003,87.690002,5363000,78.052317
"192",87.730003,88.830002,85.75,88.620003,3550900,78.880105
"193",84.989998,86.5,83.160004,85.82,7934400,76.38784
"194",86.68,87.440002,82.330002,83.730003,5992100,74.527547
"195",86.620003,89.080002,85.629997,88.599998,6385700,78.862299
"196",90.400002,90.940002,87.650002,87.949997,5569400,78.283737
"197",89.900002,91.760002,88.75,91.739998,3994500,81.657193
"198",92.199997,92.339996,90.360001,92,3629200,81.888619
"199",91.910004,94.900002,90.889999,94.120003,3501700,83.77562
"200",95.050003,95.75,92.699997,94.879997,3731900,84.452086
"201",95.129997,95.870003,94.010002,94.410004,3283600,84.033748
"202",94.5,96.709999,93.93,94.639999,2684800,84.238466
"203",94.400002,97.419998,93.690002,97.160004,2958800,86.481506
"204",98.519997,98.949997,96.510002,98.18,2874500,87.389398
"205",98.050003,98.709999,97.099998,98.279999,2874400,87.478406
"206",99.129997,99.889999,97.610001,98.019997,2904000,87.24698
"207",99.75,100.43,98.5,100,2569900,89.009368
"208",99.230003,101.989998,98.709999,101.040001,2984500,89.935067
"209",102.129997,102.480003,98.940002,99.959999,2797900,88.973764
"210",99.949997,100.879997,97.559998,98.360001,3875400,87.549615
"211",99.639999,100.970001,97.860001,98.699997,3272500,87.852244
"212",100,100.650002,96.18,97,3541100,86.339087
"213",95.480003,95.489998,92.339996,93.360001,4773500,83.099147
"214",95.82,96.5,94,95.269997,3556800,84.799222
"215",94.800003,95.639999,94.160004,95.43,3059900,84.941641
"216",95.540001,95.610001,94.230003,94.349998,2978500,83.980338
"217",92.300003,92.519997,90.099998,92.370003,4243700,82.217956
"218",92.779999,94.919998,92.68,94.900002,2341500,84.469892
"219",96.879997,97.199997,95.300003,95.910004,2232400,85.368889
"220",96.559998,97.32,95.889999,97.220001,1456400,86.534909
"221",97.550003,98.5,96.910004,98.190002,2022300,87.398301
"222",98.839996,98.839996,96.919998,97.980003,2607000,87.211382
"223",98.510002,98.519997,94.43,96.550003,3627800,86.061517
"224",97.050003,98.779999,95.529999,96.589996,3364000,86.097166
"225",96.830002,97.029999,93.050003,93.720001,5320200,83.538946
"226",94.519997,95.099998,91.089996,91.279999,5016500,81.364008
"227",91.160004,92.739998,90,91.260002,3694600,81.346183
"228",90.739998,90.75,86.129997,87.550003,6228000,78.039211
"229",86.080002,90.300003,86.080002,88.010002,4445700,78.449239
"230",89.730003,90.739998,88.099998,88.93,4066300,79.269296
"231",89.760002,92.5,89.239998,92.080002,3345400,82.077104
"232",91.919998,92.190002,89.059998,89.550003,3439300,79.821946
"233",88.959999,88.970001,85.529999,85.769997,4301600,76.452572
"234",85.599998,88.279999,84.900002,87.190002,4243200,77.718318
"235",87.239998,87.959999,84.029999,84.370003,4227300,75.204663
"236",84.440002,89.029999,84.389999,85.949997,4836000,76.613018
"237",86.010002,86.989998,84.550003,86.5,3795000,77.103273
"238",86.75,89.660004,86.25,89.129997,3367800,79.447566
"239",89.839996,89.989998,87.129997,88.25,2652800,78.663166
"240",88.050003,88.239998,85.830002,86.010002,2817800,76.666505
"241",84.209999,84.900002,83,84.419998,3772000,75.249227
"242",85.82,87.330002,85.309998,86.029999,3106400,76.684329
"243",85.709999,87.970001,85.519997,87.379997,2483900,77.887674
"244",87.410004,88.879997,87,88.480003,2487600,78.868183
"245",89.230003,90.220001,89.110001,89.669998,2249000,79.928906
"246",91.080002,91.260002,88.790001,90.699997,2769100,80.847013
"247",89.82,90.599998,87.599998,87.910004,3996800,78.360104
"248",87.949997,89.300003,85.879997,88.309998,3413400,78.716646
"249",86.82,88.440002,86.529999,87.290001,2904100,77.807454
"250",87.57,88.809998,86.68,86.849998,2653200,77.41525
"251",85.489998,87.57,84.519997,85.629997,5690500,76.327781
"252",86.059998,87.5,85.57,85.75,13797900,76.434747
"253",86.019997,86.050003,84.330002,85.190002,5246800,75.935584
"254",85.389999,86.379997,84.160004,84.82,4428300,75.605775
"255",86.139999,86.139999,82.5,83.489998,4108900,74.420255
"256",84.699997,86.919998,84.300003,86.160004,3464900,76.800211
"257",84.970001,85.720001,83.279999,83.660004,4163400,74.571793
"258",83.889999,83.900002,80.370003,81.949997,4789600,73.047549
"259",83.050003,83.07,80.43,81.510002,3558900,72.655352
"260",81.209999,82.379997,80.82,82.199997,2950900,73.270391
"261",82.93,85.129997,82.660004,84.68,3195500,75.480985
"262",84.510002,86,84.089996,84.220001,2486400,75.070956
"263",82.709999,86.660004,81.830002,86.529999,5111600,77.130013
"264",87.190002,87.330002,85.440002,86.620003,4197200,77.210239
"265",85.260002,87.970001,84.540001,87.379997,3606800,77.887674
"266",87.849998,89.75,87.379997,89.199997,3156400,79.509962
"267",89.830002,91.029999,89.169998,90.389999,2884600,80.570691
"268",90.839996,93.099998,90.709999,92.449997,3336800,82.406906
"269",92.650002,93.949997,91.440002,93.699997,2683000,83.521115
"270",94.129997,95.269997,93.370003,94.839996,2807700,84.537273
"271",94.400002,94.989998,93.089996,94.559998,2592000,84.287691
"272",96.230003,97.470001,96.110001,96.519997,3254400,86.03477
"273",94.309998,97.5,93.800003,97.419998,3021100,86.837002
"274",95.239998,96.75,94.18,95.040001,2825000,84.715551
"275",94.650002,95.68,94.199997,94.760002,2105300,84.465969
"276",95.730003,98.949997,95.610001,96.949997,3408400,86.418059
"277",97.440002,98.300003,95.720001,96.139999,2593100,85.696053
"278",96.889999,98,96.209999,98,2519000,87.353997
"279",97.870003,98.629997,97.059998,97.769997,3418800,87.14898
"280",98.849998,101.720001,98.849998,101.43,3082900,90.411387
"281",102,102,98.459999,99.25,2760800,88.468206
"282",100.599998,100.970001,98.699997,100.389999,1933300,89.484364
"283",100.540001,100.839996,99.68,99.860001,2333400,89.011941
"284",98.459999,99.599998,98.050003,98.290001,2378300,87.612494
"285",98.550003,98.610001,94.910004,95.639999,4147500,85.25037
"286",95.510002,96.470001,93.25,93.589996,2751700,83.423064
"287",90.220001,91.5,88.57,89.529999,5264300,79.804115
"288",88.209999,90.739998,86.949997,89.82,3925000,80.062612
"289",91.330002,91.800003,87.900002,88.919998,3239100,79.26038
"290",87.860001,89.839996,85.860001,85.889999,2964500,76.559538
"291",86.040001,86.730003,83.290001,86.129997,3511500,76.773465
"292",84.040001,84.419998,78.779999,78.870003,5526600,70.302143
"293",80.739998,81.5,73.129997,76.459999,6339300,68.153944
"294",71.980003,73.559998,67.379997,67.849998,6107400,60.479271
"295",70.239998,73.709999,67.089996,73.709999,6510700,65.702684
"296",71.300003,74.449997,70.019997,71.199997,5393100,63.46535
"297",71.290001,75,70.949997,73.830002,4974900,66.069476
"298",75.279999,78.360001,74.720001,77.199997,4496300,69.085239
"299",78.260002,79.360001,76.339996,77.080002,4023000,68.977857
"300",75.93,76.870003,74.739998,75.32,3891700,67.402855
"301",76.379997,77.589996,74.580002,75.330002,2560200,67.411806
"302",71.510002,72.589996,69.150002,70.050003,4700700,62.686806
"303",68.739998,71.389999,67.5,67.639999,4452700,60.530126
"304",70.190002,70.330002,67.879997,68.120003,2990800,60.959674
"305",68.730003,72.529999,68.620003,72.529999,3047000,64.906121
"306",72.5,75.07,72,74.830002,3316900,66.964362
"307",75.620003,76.099998,73.169998,73.660004,2754000,65.917347
"308",73.57,76.989998,72.269997,76.599998,3288200,68.548309
"309",77.919998,81.230003,77.559998,81.220001,3388200,72.682687
"310",80.739998,82.730003,80.230003,82.059998,3459000,73.434388
"311",83.010002,85.639999,81.699997,82.849998,4530400,74.14135
"312",83.18,83.580002,81.43,82.010002,2818400,73.389648
"313",79.099998,80.529999,77.769997,78.489998,3339300,70.239644
"314",74.870003,75.550003,73.300003,75.199997,5327000,67.295466
"315",77.900002,81.470001,77.470001,81.459999,4079200,72.897458
"316",80.010002,81.779999,79.080002,79.660004,2971200,71.286666
"317",77.889999,79.580002,75.5,76.629997,3463800,68.575154
"318",74.919998,77.239998,73.699997,75.870003,2930400,67.895045
"319",75.610001,78.110001,74.900002,77.5,2227300,69.353708
"320",78.050003,79.889999,76.510002,78.589996,2458600,70.329131
"321",79.900002,79.900002,78.089996,79.489998,2162700,71.13453
"322",79.75,80.150002,77.349998,77.940002,2918200,69.74746
"323",75.779999,76.110001,74.010002,75.459999,2994200,67.528138
"324",75.800003,75.870003,70.25,70.599998,4559400,63.178989
"325",69.099998,69.120003,61.5,61.549999,8764500,55.080267
"326",58.259998,58.299999,53.860001,55.189999,8948200,49.388788
"327",55.09,58.93,54.849998,57.84,6042900,51.760238
"328",58.73,60.189999,56.360001,60.07,4180300,53.755835
"329",62.689999,63.23,60.200001,60.77,4193100,54.382256
"330",60.759998,60.759998,55.259998,55.66,6549800,49.809385
"331",57.549999,57.740002,52.439999,54.189999,6213400,48.493901
"332",51.98,53.16,51.080002,51.169998,5600300,45.791343
"333",50.209999,52.43,47.93,48.299999,6241800,43.22302
"334",47.450001,53.59,47.310001,53.41,8408500,47.795891
"335",53.419998,57.740002,52.509998,57.360001,6563100,51.330693
"336",57.369999,59.200001,56.25,58.889999,6082500,52.699869
"337",59.290001,59.5,54.889999,55.869999,4819300,49.997311
"338",57.889999,60.77,57.459999,60.700001,4461100,54.319614
"339",59.689999,62.099998,59.029999,61.02,3884100,54.605978
"340",62.220001,65,62.150002,62.75,5101700,56.154131
"341",62.150002,62.93,60.509998,62.310001,3230700,55.760382
"342",64.220001,65.5,63.240002,65.209999,3140300,58.355551
"343",64.699997,64.790001,60,60.27,4679600,53.934813
"344",59.799999,61.810001,57.369999,61.25,6231200,54.811801
"345",60.529999,60.68,56.599998,56.939999,5105100,50.954839
"346",57.330002,59.549999,56.009998,59.049999,5885200,52.84305
"347",60.68,60.889999,58.869999,60.029999,3755200,53.720039
"348",61.16,64.339996,61.040001,63.709999,4136500,57.013221
"349",63.110001,63.439999,60.299999,60.419998,3963500,54.069044
"350",62.91,63.349998,60.099998,62.18,5034000,55.644046
"351",65,71.440002,64.379997,69.489998,10192400,62.185665
"352",69.709999,73.720001,67.290001,72.809998,6631600,65.156688
"353",70.459999,71.309998,68.190002,68.220001,6383200,61.049162
"354",64.160004,68.559998,63.139999,67.349998,7073800,60.270608
"355",69.709999,70.260002,68,69.940002,4536600,62.588368
"356",70.970001,71.459999,68.68,70.919998,4810900,63.465353
"357",70.169998,72.5,70,71.449997,3643800,63.939642
"358",71.330002,72.870003,69.5,70.449997,3523700,63.044755
"359",71.040001,71.599998,69.190002,70.489998,3562700,63.080551
"360",67.800003,69.370003,66,66.199997,4554200,59.241487
"361",68.150002,68.260002,65.339996,66.849998,3795300,59.823165
"362",67.800003,70.589996,67.790001,69.709999,3219700,62.382541
"363",70.160004,70.5,68.800003,70.089996,2542700,62.722595
"364",69.800003,74.379997,69.199997,73.449997,6663300,65.729415
"365",72.550003,73.410004,70.389999,70.529999,4047200,63.357875
"366",70.010002,72.089996,66.550003,67.290001,5825100,60.447349
"367",68.040001,69.120003,66.709999,67.459999,2858100,60.600061
"368",65.510002,66.25,64.010002,65.660004,3256900,58.983105
"369",65.309998,66.150002,63.279999,63.900002,3029300,57.402075
"370",62.619999,62.919998,59.860001,59.959999,3580300,53.862728
"371",59.689999,61.290001,59.549999,59.720001,1566800,53.647135
"372",62.880001,64.199997,62.07,62.939999,2803100,56.539694
"373",63.450001,64.349998,61.900002,63.110001,2179000,56.692409
"374",67.279999,67.839996,66.669998,67.809998,4375800,60.914468
"375",67.360001,69.940002,67.300003,69.080002,3071000,62.055327
"376",70.480003,71.059998,68.089996,68.339996,3377800,61.390572
"377",71.040001,71.830002,70.290001,71.279999,4892400,64.031608
"378",70.529999,73.370003,69.699997,72.230003,4400300,64.885008
"379",71.25,71.919998,70.669998,71.400002,3110700,64.139408
"380",70.93,70.940002,67.360001,67.709999,3632200,60.824638
"381",67.889999,69.949997,67.669998,69.349998,3116300,62.297868
"382",67.690002,67.690002,65.870003,67.120003,2401500,60.294638
"383",67.68,68.5,63.52,64.239998,3096400,57.707498
"384",63.080002,64.510002,61.939999,62.580002,3172800,56.216305
"385",63.959999,64.190002,62.09,63.139999,2669700,56.719357
"386",63.869999,65.379997,63.400002,63.950001,2980800,57.44699
"387",64.370003,64.389999,59.330002,59.709999,4279600,53.63815
"388",61.380001,64,61.23,63.799999,3299500,57.312242
"389",63.860001,64.699997,62.380001,63.759998,2390100,57.276309
"390",64,66.040001,63.880001,65.57,2462800,58.902253
"391",65.82,65.959999,64.459999,65.309998,1521800,58.66869
"392",65.400002,66.209999,64.82,64.949997,1285700,58.345298
"393",64.82,65.089996,61.779999,61.950001,2382300,55.650368
"394",62.099998,62.709999,61.349998,62.389999,2666600,56.045624
"395",62.27,63.23,62.080002,62.349998,1908100,56.009691
"396",64.510002,66.559998,64.389999,65.849998,2953900,59.153779
"397",65.389999,67.910004,65.050003,66.800003,4058700,60.007179
"398",66.150002,66.800003,64.82,66.389999,3487200,59.638868
"399",67.610001,67.779999,65.760002,66.589996,3653000,59.818527
"400",67.050003,67.260002,65.599998,66.169998,2600600,59.441238
"401",68.169998,69.339996,67.949997,68.82,3550000,61.821764
"402",68.360001,70.589996,67.839996,70.230003,3797700,63.088386
"403",70.68,71.589996,69.639999,71.389999,3703600,64.130423
"404",70,70.839996,69.260002,70.25,2652300,63.106349
"405",71.730003,71.989998,70.110001,70.510002,2295600,63.339912
"406",70.470001,71.93,70,71.540001,2444600,64.265171
"407",71.889999,73,71.150002,72.029999,2968900,64.705342
"408",71.790001,72.839996,71.199997,71.5,2223800,64.229238
"409",71.940002,73.290001,71.559998,72.75,2577800,65.352127
"410",71.790001,74,71.25,73.900002,2553700,66.385186
"411",73.370003,76.989998,72.800003,76.550003,3542100,68.765711
"412",77.849998,78.849998,74.800003,75.18,2984500,67.535023
"413",70.93,73.800003,70.25,73.059998,6523500,65.630601
"414",72.129997,73.089996,71.669998,72.099998,2614400,64.768223
"415",72.919998,73.300003,70.5,72.25,3290900,64.902971
"416",73.309998,73.900002,72.68,73.099998,1845400,65.666534
"417",73.480003,74.459999,72.82,73.290001,1978800,65.837215
"418",75.010002,75.919998,74.300003,75.120003,2494200,67.481126
"419",74.589996,75.410004,74.220001,74.989998,1845600,67.364341
"420",76.769997,77,74.949997,75.510002,4368000,67.831467
"421",76.720001,77.669998,75.760002,76.629997,2644000,68.837571
"422",77.050003,77.32,75.5,76.230003,2060700,68.478252
"423",74.879997,75.160004,72.959999,73.550003,2981300,66.070778
"424",74.290001,74.43,71.779999,71.889999,3362400,64.826368
"425",71.18,71.279999,68.709999,69.910004,4634400,63.040919
"426",70.489998,70.489998,68.150002,68.68,4238400,61.931771
"427",65.989998,69.120003,64.900002,68.669998,5326900,61.922751
"428",68.93,68.93,66,66.720001,3976800,60.164353
"429",67.400002,68.150002,66.160004,66.269997,3620000,59.758564
"430",66.309998,66.629997,65.540001,65.779999,2811700,59.316712
"431",65.57,66.440002,65.150002,66.110001,2461800,59.614289
"432",66.440002,68.860001,66.050003,67.860001,4040100,61.192341
"433",67.25,67.669998,66.220001,66.610001,3074800,60.065161
"434",66.900002,66.980003,65.349998,65.470001,3466200,59.037174
"435",65.82,65.940002,62.91,63.48,5236400,57.242702
"436",64.18,65.410004,63.700001,64.870003,3245700,58.496129
"437",64.580002,64.870003,63.650002,64.019997,2758400,57.729641
"438",63.57,63.66,61.25,61.919998,4230600,55.83598
"439",60,60.93,59.400002,60.349998,4134100,54.420242
"440",60.740002,60.830002,59.43,60.189999,2879900,54.275963
"441",61.169998,61.900002,60.32,61.610001,2730900,55.556442
"442",62.139999,65.110001,61.900002,63.990002,4658700,57.702593
"443",63.919998,64.889999,63.27,63.619999,3052300,57.368945
"444",64.32,65,63.73,64.910004,2788200,58.532199
"445",68.279999,71.339996,68.120003,69.5,11143200,62.6712
"446",69.669998,72.300003,69.339996,72,5986500,64.92556
"447",72.129997,72.639999,70.230003,72.029999,4739300,64.952611
"448",71.709999,73.629997,71.459999,73.169998,3928700,65.980599
"449",70.400002,71.559998,69.599998,71.410004,5729700,64.393534
"450",71.650002,71.919998,70.529999,71.099998,3457800,64.113989
"451",69.779999,70,67.709999,69.050003,6238600,62.265418
"452",68.760002,71.07,68.459999,70.779999,4150600,63.825431
"453",71.580002,71.589996,69.519997,70.800003,2924500,63.84347
"454",71.099998,71.940002,70.059998,70.139999,2738300,63.248316
"455",70,70,67.029999,68.610001,3684400,61.868649
"456",68.010002,70.800003,67.25,70.699997,3770700,63.75329
"457",71.440002,71.480003,68.860001,69.260002,3548600,62.454784
"458",69.260002,71.599998,68.800003,70.879997,2959500,63.915604
"459",70.809998,71.139999,69.199997,70.110001,2514200,63.221265
"460",68.849998,69.449997,67.709999,68.279999,2852600,61.571072
"461",67.940002,69.5,66.650002,67.050003,2889400,60.46193
"462",65.540001,67.089996,65.540001,66.290001,3099100,59.776603
"463",66.150002,67.089996,64.800003,65.769997,3870200,59.307693
"464",67.160004,68.459999,66.529999,66.739998,3479000,60.182385
"465",67.660004,71.209999,67.389999,71.160004,6677400,64.168098
"466",70.18,70.550003,68.800003,69.309998,5039800,62.499867
"467",70.150002,70.800003,68.589996,69.25,7426600,62.445764
"468",69.870003,71.370003,69.559998,70.370003,2491300,63.45572
"469",70.150002,71.599998,69.800003,70.099998,2572200,63.212245
"470",70.150002,70.150002,67.559998,68.349998,6236600,61.634193
"471",68.790001,69.5,67.25,67.300003,2906800,60.687366
"472",65.699997,66.389999,64.739998,65.989998,3633800,59.506077
"473",65.639999,67.400002,65.150002,66.419998,2354400,59.893827
"474",67.239998,67.379997,65.610001,67.110001,2637200,61.090887
"475",65.220001,65.339996,63.299999,63.540001,6147500,57.841081
"476",63.889999,64.07,61.959999,62.150002,5663300,56.575751
"477",61.98,62.880001,61.299999,62.259998,3746300,56.675882
"478",62.740002,63,61.779999,61.880001,4029600,56.329967
"479",61.169998,61.759998,60.759998,61.209999,3186600,55.720058
"480",61.52,62.240002,60.169998,60.299999,3264900,54.891676
"481",59.98,60.139999,58.07,58.27,4655600,53.043748
"482",57.84,59.34,57.130001,58.459999,2808900,53.216706
"483",57.68,57.849998,55.5,56.759998,5840800,51.669179
"484",55.5,57.959999,55.099998,56.799999,4302000,51.705592
"485",57.779999,58.360001,55.830002,56.459999,2770200,51.396087
"486",55.889999,56.860001,55.369999,55.43,2423600,50.458469
"487",54.560001,55.52,54.349998,54.48,2606500,49.593674
"488",54.349998,54.82,52,52.16,3821700,47.481755
"489",52.419998,53.970001,51.310001,51.369999,4116600,46.76261
"490",51.419998,52.09,49.709999,49.830002,4091800,45.360736
"491",50.200001,50.59,48.470001,48.689999,4345800,44.32298
"492",48.959999,51.669998,48.959999,51.450001,3769500,46.835436
"493",51.77,52.299999,49.869999,50.380001,4221200,45.861405
"494",49.75,52.139999,49.119999,52.009998,4153200,47.345208
"495",52.209999,52.34,48.919998,49.75,4261200,45.287909
"496",49.669998,50.639999,49.150002,50.279999,2989400,45.770372
"497",51.43,52.66,51.189999,52.400002,4075600,47.700231
"498",51.150002,51.52,50.599998,50.880001,3244300,46.31656
"499",50.080002,50.099998,47.060001,47.779999,6861000,43.494598
"500",46.349998,47.540001,46.009998,46.080002,5218600,41.947074
"501",46.34,46.34,44.400002,45.740002,4355200,41.637569
"502",45.689999,47.259998,45.18,47.119999,3425000,42.893794
"503",47.98,49.25,47.75,48.59,4011400,44.23195
"504",50.040001,50.830002,48.68,48.77,3632700,44.395806
"505",48.259998,48.869999,47.57,48.77,2499700,44.395806
"506",49.689999,49.700001,46.360001,46.450001,3155300,42.283888
"507",46.830002,48.25,46.490002,48.23,3561600,43.904238
"508",47.779999,48.610001,46.82,47.02,2808500,42.802764
"509",47.220001,47.950001,46.470001,47.619999,2401800,43.348948
"510",47.709999,49,47.189999,48.98,2625200,44.58697
"511",48.459999,49.299999,48,48.810001,2305500,44.432219
"512",49.150002,51.07,48.900002,50.759998,3014100,46.20732
"513",51.639999,53.130001,51.110001,51.73,4991100,47.090322
"514",51.709999,51.919998,48.25,48.330002,3953900,43.995271
"515",49.029999,49.259998,47.599998,47.630001,6947600,43.358054
"516",46.810001,46.970001,45.119999,45.580002,3842500,41.491919
"517",46.09,47.09,45.349998,46.779999,3391600,42.584288
"518",46.950001,47.549999,46.02,47.349998,2544200,43.103164
"519",46.689999,47.209999,45.509998,47.150002,4038200,42.921105
"520",48.98,49.330002,47.77,49.290001,4126400,44.869168
"521",49.23,49.810001,47.759998,48.990002,2488200,44.596075
"522",49.330002,50.889999,49.119999,50.43,1677400,45.90692
"523",50.080002,50.299999,49,49.650002,2157500,45.19688
"524",48.82,48.849998,47.279999,48.009998,3085000,43.703969
"525",47.939999,47.990002,46.75,47.110001,2590800,42.884692
"526",47.560001,48.169998,45.689999,46.029999,3504800,41.901556
"527",46.23,46.860001,45.73,46.060001,3348100,41.928868
"528",45.57,45.700001,44.57,45.279999,3658500,41.218824
"529",45.490002,46.830002,45.490002,46.599998,2645100,42.420432
"530",46.310001,46.389999,45.450001,45.849998,2094900,41.7377
"531",46.209999,46.259998,44.419998,45.43,3299300,41.355371
"532",45.040001,46.459999,44.799999,45.860001,2484100,41.746805
"533",46.150002,47.799999,45.959999,47.16,3108700,42.930207
"534",46.720001,47.080002,45.720001,45.990002,3431500,41.865146
"535",44.939999,44.939999,43.900002,44.32,3777600,40.344927
"536",44.419998,44.950001,42.18,42.669998,5241100,38.842915
"537",43.040001,43.700001,40.66,41.150002,7291700,37.459247
"538",41.389999,41.389999,36.060001,38.57,15620400,35.110646
"539",38.919998,39.700001,38.16,39.389999,6624800,35.8571
"540",39.400002,39.860001,38.299999,39.720001,4878100,36.157504
"541",39.889999,41.68,39.599998,40.889999,6415800,37.222564
"542",41.209999,42.240002,40.150002,41.73,5686000,37.987225
"543",41.259998,41.540001,39.009998,40.529999,7895900,36.894852
"544",41.860001,43.25,41.529999,42.110001,9650500,38.333143
"545",42.360001,43.73,42.16,43.259998,3450600,39.379997
"546",43.650002,44.709999,43.599998,43.98,4403200,40.035422
"547",43.759998,44.560001,43.200001,44.290001,4370300,40.317619
"548",44.049999,45.25,44,44.970001,2626900,40.93663
"549",44.509998,44.939999,43.93,44.91,2845100,40.88201
"550",44.09,44.549999,42.650002,43.299999,3185100,39.972699
"551",43.82,44,41.5,42.060001,4989800,38.827986
"552",41.990002,42.009998,41.080002,41.610001,3582900,38.412565
"553",41.869999,42.799999,41.580002,42.419998,2776000,39.16032
"554",42.470001,43.240002,41.98,42.23,3519100,38.984921
"555",41.98,42.16,40.810001,41.639999,4621100,38.440258
"556",42.060001,42.560001,40.369999,40.639999,5792200,37.517101
"557",40.59,41.450001,40.07,41.41,4819800,38.227933
"558",41.150002,41.16,39.27,39.32,6445900,36.298534
"559",39.07,39.119999,37.93,38.889999,6549700,35.901577
"560",39.009998,39.09,37.610001,37.720001,4899200,34.821485
"561",37.48,37.810001,37.060001,37.360001,4921800,34.489147
"562",36.959999,37.169998,35.889999,36.84,6721500,34.009105
"563",36.389999,36.450001,35.509998,35.75,5665600,33.002864
"564",36.509998,36.650002,35.610001,35.84,5947400,33.085948
"565",35.759998,35.82,33.369999,33.68,9348700,31.091929
"566",32.73,35.080002,32.25,34.720001,9665600,32.052013
"567",34.32,35.799999,33.73,34.860001,10156800,32.181255
"568",36.16,40.220001,36.16,39.91,15959000,36.843197
"569",39.529999,42.150002,39.060001,39.18,16903400,36.169293
"570",40.099998,42.68,40.060001,41.68,11962300,38.477186
"571",41.950001,42.400002,39.919998,40.619999,9744700,37.498638
"572",41.419998,43.939999,40.23,43.18,14222400,39.861921
"573",45.080002,46.830002,45.080002,45.549999,16569600,42.049802
"574",43.970001,44,42.009998,42.360001,13472500,39.104933
"575",42,43.490002,41.599998,43.279999,10650700,39.954235
"576",43.459999,43.77,42.439999,42.889999,7779400,39.594205
"577",41.77,42.59,40.27,42.490002,11146300,39.224944
"578",43.439999,43.439999,40.68,40.93,11189300,37.784818
"579",40.080002,40.919998,39.259998,40.77,8136300,37.637113
"580",41.049999,41.450001,38.560001,38.959999,7980700,35.966197
"581",38.73,39.970001,37.560001,39.09,7937100,36.086209
"582",40.049999,40.23,38.669998,39.830002,6241700,36.769346
"583",39.279999,39.689999,38.540001,39.130001,6032700,36.123136
"584",39.950001,40.349998,38.700001,38.880001,4974100,35.892347
"585",39.240002,39.540001,38.110001,38.549999,4208500,35.587703
"586",38.669998,38.73,37.75,37.889999,6451600,34.97842
"587",38.41,38.790001,37.84,37.849998,9668400,34.941492
"588",38.450001,38.779999,37.84,38.360001,5297000,35.412304
"589",38.259998,41.080002,38.200001,40.580002,8640000,37.461714
"590",41.380001,43.25,41.23,41.650002,12839000,38.449492
"591",41.93,42.139999,40,40.529999,7083600,37.415554
"592",41.200001,41.98,40.73,40.98,7268200,37.830975
"593",40.52,41.349998,39.98,40.5,6084800,37.38786
"594",40.66,41.529999,40.310001,41.139999,5129100,37.97868
"595",41.5,44.23,41.5,44.07,12137500,40.68353
"596",44.209999,45.68,43.66,45.619999,10755400,42.114423
"597",45.110001,46.5,45.040001,45.790001,7864200,42.271362
"598",45.470001,45.950001,44.130001,44.450001,6120500,41.034331
"599",43.700001,45.82,43.560001,44.990002,5941400,41.532837
"600",43.75,44.099998,42.900002,43.549999,5911100,40.203488
"601",44,44.669998,42.669998,42.689999,7635000,39.409573
"602",40.599998,40.959999,38.169998,38.200001,14492600,35.264599
"603",38.5,38.52,36.02,36.490002,12610200,33.686002
"604",36.900002,37.610001,36.200001,36.27,7091800,33.482906
"605",36.610001,37.880001,36.529999,37.720001,6543000,34.821485
"606",38.139999,38.360001,36.119999,36.27,10140700,33.482906
"607",36.16,37.540001,36.16,37.130001,5229600,34.276822
"608",37.400002,38.299999,36.93,38.060001,6621400,35.135358
"609",36.529999,37.119999,36.360001,36.389999,8762100,33.593684
"610",36.509998,36.790001,34.950001,35.259998,7022800,32.550516
"611",35.060001,37.919998,34.790001,36.439999,11548600,33.639841
"612",36.82,36.919998,35.919998,36.299999,4055600,33.5106
"613",35.84,36.439999,35.619999,35.900002,5274600,33.141339
"614",36.610001,36.610001,35.200001,35.259998,6217000,32.550516
"615",35.259998,36.59,34.810001,35.25,6277000,32.541286
"616",35.389999,35.59,34.060001,35.330002,5379800,32.61514
"617",36.599998,36.919998,34.150002,35.290001,10304500,32.578213
"618",33.150002,33.299999,30.120001,30.48,21848700,28.645144
"619",30.16,31.4,29.799999,30.950001,8076100,29.086852
"620",31.4,31.6,30.99,31.23,3587100,29.349995
"621",31.32,31.43,30.440001,30.700001,5885900,28.851902
"622",30.51,30.879999,29.959999,30.01,5498400,28.203438
"623",29.620001,29.780001,28.33,29.610001,9823700,27.827518
"624",30,30.360001,28.74,28.889999,7690200,27.15086
"625",28.9,29.379999,28.5,28.75,8659900,27.019288
"626",29.120001,29.5,28.25,28.4,8076900,26.690358
"627",28.1,29.879999,28.049999,29.4,10665700,27.630159
"628",29.6,30.290001,29.01,29.530001,8744500,27.752334
"629",29.870001,30.65,28.639999,29.190001,8233400,27.432801
"630",29.709999,29.950001,29.16,29.51,6176100,27.733538
"631",29.549999,31.219999,29.51,30.860001,8728100,29.00227
"632",31.15,32.049999,30.700001,31.959999,8526400,30.03605
"633",32.25,33.080002,31.940001,32.119999,8356500,30.186418
"634",32.099998,33.080002,31.99,32.290001,6590200,30.346186
"635",32.68,34.470001,32.580002,33.959999,12097600,31.915652
"636",34.330002,34.700001,33.369999,33.919998,7969700,31.87806
"637",34.049999,35.369999,33.990002,35.32,11924000,33.193783
"638",35.299999,36.630001,35.299999,35.849998,10657800,33.691876
"639",35.959999,36.419998,35.169998,35.779999,6220100,33.626091
"640",34.75,35.790001,34.279999,35.400002,20435400,33.268969
"641",35.32,35.740002,34.82,35.360001,2190300,33.231376
"642",35.700001,36.540001,35.700001,36.049999,4926300,33.879837
"643",36.630001,37.130001,35.439999,36.040001,6579400,33.870441
"644",35.759998,35.970001,35.349998,35.580002,4332000,33.438133
"645",35.610001,38.720001,35.610001,38.57,9876200,36.248137
"646",40.130001,40.400002,38.599998,38.810001,9626000,36.473691
"647",39.049999,39.200001,38.040001,38.169998,5834300,35.872215
"648",38.209999,38.580002,37.07,37.490002,9069800,35.233154
"649",37.349998,38.650002,37.110001,37.860001,8226000,35.580879
"650",38.41,38.41,37.369999,38.02,6028300,35.731247
"651",38.130001,38.43,37.25,37.349998,6052500,35.101578
"652",38.080002,38.209999,37.560001,37.740002,6285900,35.468104
"653",37.389999,37.400002,35.650002,36.209999,9922300,34.030205
"654",36.490002,36.889999,35.84,36.139999,5146200,33.96442
"655",35.639999,37.23,35.529999,36.799999,7060600,34.584688
"656",36.290001,36.43,35.540001,35.880001,7329500,33.720073
"657",36.150002,36.830002,35.68,36.689999,5992000,34.48131
"658",37.150002,37.389999,36.560001,37.25,5117400,35.0076
"659",37.330002,38.549999,36.849998,38.41,6405400,36.097769
"660",38.349998,38.529999,37.060001,37.18,6698100,34.941814
"661",36.880001,37.43,35.93,36,7369800,33.832848
"662",36.290001,36.450001,34.799999,35.709999,7014600,33.560305
"663",35.75,35.889999,34.900002,35.290001,3844700,33.16559
"664",35.59,36.720001,35.310001,36.029999,6991800,33.861041
"665",35.889999,36.880001,35.860001,36.419998,6164600,34.227563
"666",36.400002,37.450001,36.349998,37.310001,6276400,35.063989
"667",37.84,37.990002,37.169998,37.66,5071200,35.392918
"668",37.16,38.279999,37.139999,37.98,6159700,35.693654
"669",38.290001,38.52,37.200001,37.25,4791300,35.0076
"670",37.009998,37.630001,37,37.32,4685800,35.073386
"671",37.32,37.419998,35.950001,36.240002,5316500,34.058402
"672",36.330002,36.84,36.240002,36.490002,3957700,34.293352
"673",36.25,36.799999,36.080002,36.439999,4549300,34.246359
"674",36.32,36.900002,35.900002,36.610001,8281100,34.406127
"675",31.040001,31.200001,29.02,29.290001,35475000,27.526782
"676",29.26,30.450001,29.26,29.48,14111600,27.705343
"677",29.780001,29.9,28.709999,28.85,23375300,27.113269
"678",29.41,29.57,28.620001,28.84,16405700,27.103871
"679",28.82,28.9,27.02,27.290001,14196600,25.781271
"680",27.25,27.709999,26.440001,26.84,8533400,25.356148
"681",27.35,27.35,26.35,26.469999,6727400,25.006603
"682",26.58,27.059999,26,26.01,6634900,24.572035
"683",26.17,26.25,25.200001,25.809999,10323100,24.383091
"684",25.76,26.309999,25.65,25.91,7834300,24.477563
"685",25.959999,25.99,25.42,25.459999,9660200,24.052441
"686",25.27,26.08,25.1,25.25,7189700,23.854051
"687",25.01,25.049999,23.58,23.780001,13158400,22.465321
"688",23.84,24.620001,23.559999,23.700001,12071500,22.389744
"689",23.85,24.83,23.76,24.549999,9155900,23.19275
"690",24.65,25.379999,24.559999,24.860001,8238000,23.485613
"691",25.02,25.120001,24.48,24.73,5435000,23.362799
"692",24.67,24.67,23.77,23.83,8340400,22.512556
"693",24.040001,24.58,23.610001,23.889999,6806700,22.569238
"694",23.799999,23.809999,22.700001,22.73,11713000,21.473369
"695",22.77,22.790001,21.35,21.700001,19701100,20.500314
"696",21.860001,22.190001,21.620001,22.09,12311300,20.868752
"697",21.700001,22.129999,21.459999,21.77,7787000,20.566444
"698",21.469999,21.540001,20.059999,20.33,21789100,19.206054
"699",20.42,20.85,20.16,20.709999,11118800,19.565045
"700",20.42,21.700001,20.26,20.91,13478600,19.753988
"701",20.940001,21.25,20.5,20.76,7035200,19.612282
"702",20.74,21.82,20.450001,21.66,12723500,20.462525
"703",21.91,22.120001,21.07,21.43,11269100,20.245241
"704",18.549999,19.139999,17.950001,18.459999,51158100,17.439436
"705",18.52,19.09,18.26,19.01,16918400,17.959031
"706",19.51,19.75,18.790001,18.950001,13858900,17.902348
"707",19.059999,19.059999,18.110001,18.18,13762700,17.174917
"708",18.08,18.940001,18.049999,18.73,14624600,17.69451
"709",18.799999,19.07,18.370001,18.75,9160700,17.713404
"710",18.6,19.059999,18.33,18.450001,11447200,17.429991
"711",18.99,18.99,18.43,18.790001,9601000,17.751194
"712",19.030001,20.549999,18.98,20.450001,19102500,19.319421
"713",20.709999,21.120001,20.059999,20.35,15311600,19.224949
"714",20.41,20.459999,19.42,19.92,17358900,18.818721
"715",20.110001,20.200001,18.92,19.200001,11408400,18.138527
"716",18.690001,18.780001,17.530001,17.610001,17013400,16.63643
"717",17.73,18.07,17.34,17.5,12520900,16.532511
"718",17.209999,17.540001,17.040001,17.5,12580100,16.532511
"719",17.559999,18.15,16.959999,17.530001,13116000,16.560853
"720",17.799999,17.98,17.07,17.629999,8848000,16.655323
"721",17.549999,17.709999,16.74,17.65,9518200,16.674218
"722",17.6,18.290001,17.09,17.32,15811900,16.362462
"723",17.540001,18.26,17.51,18.219999,13613100,17.212705
"724",19.709999,22,19.52,20.950001,32719800,19.791778
"725",20.9,21.190001,19.77,20.17,13615000,19.0549
"726",20.360001,21.059999,19.969999,20.870001,8185900,19.716201
"727",20.73,21.98,20.299999,21.34,13553800,20.160216
"728",21.08,21.139999,20.200001,20.33,10405900,19.206054
"729",20.42,20.450001,19.02,19.17,14145000,18.110185
"730",19.42,20.08,19.42,19.91,11165900,18.809274
"731",20.799999,21.26,20.360001,21.01,15416800,19.84846
"732",21.08,21.780001,21.02,21.33,9862500,20.150769
"733",21.49,23.219999,21.23,23.15,20084100,21.87015
"734",22.959999,23.5,22.42,22.66,12602500,21.40724
"735",22.690001,23.58,22.450001,23.530001,9425800,22.229142
"736",23.43,23.75,22.77,22.9,7109200,21.633971
"737",22.959999,22.99,22,22.290001,10670700,21.057696
"738",21.99,21.99,20.92,21,11118000,19.973423
"739",20.889999,21.32,19.91,20.42,12588300,19.421776
"740",20.75,21.190001,20.440001,20.690001,8757800,19.678578
"741",20.52,21.459999,20.200001,21.17,8726100,20.135112
"742",21.360001,21.76,21.15,21.25,7488800,20.211202
"743",21.34,21.959999,20.73,21.4,15553200,20.353869
"744",20.49,20.99,20.26,20.620001,10954300,19.612
"745",20.41,21.16,20.34,20.370001,6850800,19.374221
"746",20.6,20.65,20.08,20.08,9076800,19.098397
"747",19.700001,19.77,18.5,18.92,16918100,17.995103
"748",18.9,19.200001,18.549999,18.73,10249000,17.81439
"749",18.6,18.84,18.040001,18.040001,16491800,17.158122
"750",18.139999,18.65,17.879999,18.09,10492400,17.205677
"751",18.389999,19.309999,18.379999,19.190001,14892400,18.251904
"752",18.879999,19.16,18.209999,18.23,9329100,17.338833
"753",18.16,18.67,18.129999,18.549999,6932700,17.643189
"754",18.469999,18.5,17.91,17.940001,9771700,17.06301
"755",17.83,18.17,17.540001,17.83,7492600,16.958387
"756",17.5,17.799999,17.299999,17.5,6695200,16.644519
"757",17.639999,18.15,17.200001,17.370001,8689600,16.520875
"758",17.52,18.790001,17.5,18.700001,12252500,17.785858
"759",19.1,19.5,17.440001,17.74,18083800,16.872786
"760",17.940001,18.16,17.43,17.690001,9073900,16.825231
"761",17.67,18.74,17.530001,18.59,12974900,17.681235
"762",18.09,19,18.059999,18.450001,13311500,17.548079
"763",17.73,18.049999,17.4,17.549999,12393600,16.692074
"764",17.719999,17.9,16.879999,17.190001,12336100,16.349674
"765",16.799999,16.83,15.5,15.88,14909000,15.103712
"766",16.16,16.299999,15.85,16.200001,7068800,15.40807
"767",16.34,16.370001,15.5,15.7,9317600,14.932511
"768",15.89,16.379999,15.74,16.25,7412000,15.455625
"769",16.219999,16.57,16.049999,16.25,5863100,15.455625
"770",16.459999,16.83,16.09,16.42,6076100,15.617314
"771",16.379999,16.879999,16.17,16.6,6533400,15.788516
"772",16.49,16.530001,15.84,16.08,5741900,15.293935
"773",16.26,16.27,15.41,15.68,8102500,14.913489
"774",15.71,16.299999,15.62,15.96,6491100,15.179801
"775",16.309999,16.870001,16.15,16.389999,6766700,15.58878
"776",17.190001,17.450001,16.26,16.68,12104300,15.864605
"777",17.08,17.6,16.860001,17.469999,8280900,16.615985
"778",17.280001,17.66,16.799999,16.860001,7874000,16.035806
"779",17.049999,17.459999,16.91,17.27,4107000,16.425763
"780",17.389999,17.530001,17.08,17.52,4229600,16.663542
"781",17.68,18.049999,17.51,17.629999,6403400,16.768163
"782",17.68,18.09,17.66,17.780001,5274800,16.910832
"783",17.860001,17.940001,17.379999,17.77,5496800,16.901321
"784",18.09,18.309999,17.98,18.18,4733800,17.291278
"785",18.51,19.15,18.5,18.93,10766300,18.004614
"786",19.040001,19.08,18.09,18.299999,8588400,17.405411
"787",18.32,18.639999,17.98,18.379999,7946700,17.4815
"788",19,20.049999,18.379999,19.709999,20718600,18.746483
"789",19.610001,20.299999,19.27,20.02,12154500,19.04133
"790",20,20.049999,19.299999,19.65,7708600,18.689417
"791",19.559999,19.780001,19.27,19.51,5778700,18.556261
"792",19.76,19.85,19.4,19.74,5801100,18.775017
"793",19.700001,20.66,19.4,20.58,9983400,19.573954
"794",20.75,21.77,20.700001,21,8952000,19.973423
"795",20.85,21.299999,20.32,20.549999,6516600,19.54542
"796",20.379999,20.639999,19.91,20.209999,5611500,19.222041
"797",20.790001,22.17,20.790001,22.01,10666700,20.93405
"798",22.450001,24.75,22.34,24.35,19097200,23.15966
"799",24.9,25.950001,24.33,24.469999,16929900,23.273792
"800",25.09,25.09,23.780001,23.92,9210700,22.891001
"801",23.709999,24.969999,23.379999,24.540001,9699700,23.484331
"802",23.84,24.030001,23.049999,23.75,11021500,22.728314
"803",23.620001,23.639999,22.540001,22.83,9471300,21.847891
"804",22.41,22.59,21.559999,21.74,10483600,20.804781
"805",21.290001,22.1,21,21.68,6843600,20.747363
"806",21.4,21.620001,21.059999,21.209999,6179100,20.29758
"807",21.67,23.1,21.629999,22.440001,8032700,21.474669
"808",22.65,22.889999,22.23,22.370001,5601700,21.407681
"809",22.450001,23.389999,22.389999,22.469999,6034500,21.503377
"810",21.91,22.200001,21.280001,21.379999,5883900,20.460267
"811",21.35,22.33,21.200001,21.639999,6087500,20.709083
"812",21.450001,21.67,20.82,20.969999,7689200,20.067905
"813",21.24,21.4,20.76,20.870001,5560500,19.972208
"814",21.709999,21.9,20.969999,21.32,7188300,20.402849
"815",21.290001,21.780001,21.200001,21.540001,5360800,20.613386
"816",21.35,22.23,21.33,21.93,5713200,20.986608
"817",22.02,22.360001,21.77,21.85,5639800,20.91005
"818",22.120001,23.290001,22.120001,23.18,7857300,22.182835
"819",23.6,23.889999,23.26,23.790001,9577700,22.766595
"820",23.65,24.1,23.17,23.639999,7900400,22.623046
"821",23.200001,23.209999,22.23,22.42,7083900,21.455529
"822",22.27,22.32,21.700001,22.07,5689900,21.120585
"823",22.58,22.629999,22,22.030001,3879900,21.082307
"824",22.030001,22.83,22.030001,22.440001,6475600,21.474669
"825",22.530001,23.75,22.51,23.49,11378000,22.479499
"826",23.76,24.049999,22.52,22.73,11575800,21.752193
"827",22.66,22.83,21.879999,21.98,8180800,21.034456
"828",22.120001,22.530001,21.809999,21.889999,5810400,20.948328
"829",21.870001,22.299999,21.530001,21.85,5014100,20.91005
"830",21.91,22.34,21.780001,21.799999,6286300,20.862199
"831",22.25,22.26,21.700001,21.83,4071400,20.89091
"832",21.57,21.57,20.799999,21,8231900,20.096615
"833",20.09,20.950001,19.99,20.5,7055500,19.618124
"834",20.299999,21.16,20.26,20.809999,5271200,19.914788
"835",20.629999,21.459999,20.540001,21.450001,6449700,20.527257
"836",21.450001,21.84,20.85,21.030001,5361600,20.125325
"837",21,21.549999,20.74,21.450001,5502200,20.527257
"838",21.059999,21.469999,20.85,20.889999,5134800,19.991346
"839",21.08,21.34,20.32,20.4,6006200,19.522425
"840",20.52,20.68,19.879999,20.09,8266700,19.225762
"841",20.49,20.98,20.360001,20.67,5398000,19.780811
"842",20.709999,21.66,20.68,21.43,7051800,20.508117
"843",21.299999,22.02,21.17,21.75,4640800,20.814351
"844",21.93,23.4,21.93,22.639999,10695700,21.666064
"845",22.790001,22.85,22.27,22.48,6273000,21.512947
"846",22.98,23.5,22.860001,22.889999,7935200,21.90531
"847",23.18,23.25,22.719999,23.02,5579100,22.029718
"848",23.559999,24.24,23.5,23.73,10021600,22.709174
"849",23.959999,24.32,23.82,24.110001,7617000,23.072828
"850",23.549999,23.9,23.030001,23.42,8185600,22.412511
"851",23.549999,23.75,23.280001,23.58,9087200,22.565627
"852",24.57,25.629999,23.809999,24.99,18960200,23.914971
"853",24.940001,25.110001,24.139999,24.42,10634100,23.369492
"854",24.469999,25.5,24.379999,25.42,10068000,24.326474
"855",25.219999,25.42,24.84,25.190001,6674100,24.106368
"856",25.08,25.76,25.049999,25.68,6983600,24.575289
"857",25.809999,27.77,25.809999,27.34,17246600,26.163879
"858",27.6,28.98,27.59,28.700001,12722800,27.465374
"859",28.280001,28.959999,27.870001,28.190001,9196300,26.977313
"860",28.540001,28.610001,27.35,27.98,7097700,26.776346
"861",28.040001,28.07,26.57,26.77,10055600,25.618399
"862",26.83,27.49,26.41,27.34,7398300,26.163879
"863",27.280001,27.629999,26.85,27.370001,4506000,26.192589
"864",27.120001,27.15,25.9,26.27,8373100,25.139909
"865",26.41,27.49,25.950001,27.360001,8864700,26.183019
"866",27.4,27.49,26.620001,27.08,5616400,25.915063
"867",27.190001,27.860001,27.190001,27.51,6982300,26.326566
"868",27.77,27.84,27.299999,27.5,5887100,26.316996
"869",27.610001,28.23,27.459999,27.57,7650500,26.383984
"870",27.389999,28.120001,27.01,27.23,6965200,26.201163
"871",27.18,27.459999,26.26,26.43,8790000,25.43139
"872",25.84,26.200001,25.4,26.040001,8482700,25.056126
"873",25.799999,26.18,25.129999,25.389999,5087800,24.430684
"874",25.219999,25.360001,24.540001,24.98,7785200,24.036175
"875",25.09,25.549999,24.9,25.030001,4439300,24.084287
"876",24.9,25.389999,24.200001,25.01,3884700,24.065042
"877",25.08,25.129999,24.4,24.459999,5663200,23.535822
"878",24.4,25.690001,24.299999,25.09,7413700,24.14202
"879",25.08,25.629999,25.01,25.450001,6228600,24.488418
"880",25.24,25.469999,24.969999,25,4668500,24.05542
"881",25.41,25.610001,24.43,24.57,6591800,23.641666
"882",24.51,25.200001,24.43,25,4147700,24.05542
"883",24.92,25.459999,24.91,25.040001,4603300,24.093909
"884",24.93,25.049999,23.85,24.01,7597400,23.102825
"885",24,24.01,23.27,23.790001,6164500,22.891138
"886",23.700001,24.040001,23.379999,23.51,6301800,22.621717
"887",23.59,24.190001,23.209999,23.76,6690100,22.862271
"888",23.59,24.129999,23.32,23.9,5386300,22.996981
"889",23.9,24.190001,23.5,24,7216800,23.093203
"890",24.08,25.17,23.950001,24.870001,6799100,23.930332
"891",24.860001,24.879999,24.129999,24.209999,10821800,23.295268
"892",24.26,24.799999,24.02,24.34,5212900,23.420357
"893",24.309999,24.99,24.309999,24.76,3689600,23.824488
"894",24.76,25.32,24.76,25.01,3838600,24.065042
"895",25.219999,26.620001,25.18,26.530001,10228900,25.527612
"896",26.719999,27.129999,26.469999,26.6,8762800,25.594967
"897",26.610001,26.629999,25.799999,26.209999,6179000,25.219701
"898",26.030001,26.629999,25.809999,25.83,7074000,24.85406
"899",26.059999,26.07,24.93,25.049999,7650800,24.10353
"900",24.83,24.98,24.309999,24.65,8034200,23.718644
"901",24.450001,24.639999,24.15,24.450001,8223900,23.526201
"902",24.57,25.129999,24.139999,24.559999,6701300,23.632044
"903",24.559999,24.559999,22.73,22.959999,14825500,22.092497
"904",23,23.4,22.75,22.83,8163600,21.967409
"905",22.83,23,22.08,22.360001,7761000,21.515168
"906",23.040001,23.32,22.799999,22.940001,9445200,22.073254
"907",23.01,23.26,22.799999,23.02,6957100,22.150231
"908",23.18,23.629999,22.65,22.950001,6813200,22.082876
"909",23.030001,23.299999,22.309999,22.43,6803300,21.582523
"910",22.040001,22.07,20.790001,21.299999,15112100,20.495217
"911",21.379999,21.459999,20.959999,21.190001,5497900,20.389374
"912",20.59,20.860001,20.120001,20.290001,10266700,19.52338
"913",20,20,19.18,19.33,12149200,18.599651
"914",19.48,19.700001,18.719999,19.4,8719100,18.667005
"915",21.860001,21.9,19.629999,19.809999,32586200,19.061514
"916",19.549999,20.82,19.33,20.07,13212400,19.311691
"917",20.360001,20.360001,19.030001,19.26,15725200,18.532296
"918",18.950001,19.629999,18.879999,19.32,7089600,18.590028
"919",19.4,19.5,18.809999,18.860001,7627700,18.147409
"920",18.950001,19.07,18.57,18.82,8567600,18.10892
"921",18.780001,19.690001,18.42,19.23,8772400,18.503429
"922",19.41,20.84,19.370001,20.809999,11859500,20.023731
"923",20.889999,21,20.35,20.82,8404000,20.033353
"924",21.030001,21.059999,20.4,20.58,5725700,19.802422
"925",20.629999,21.690001,20.6,21.5,8972700,20.687661
"926",22.870001,22.950001,21.700001,21.99,13028300,21.159147
"927",21.83,22.1,21.530001,21.9,6621800,21.072547
"928",23.07,23.530001,22.75,23.16,13712100,22.284941
"929",23.440001,23.49,22.77,22.879999,5981600,22.015519
"930",22.629999,22.65,21.92,21.959999,7568100,21.269723
"931",21.790001,21.9,21.360001,21.440001,7241800,20.76607
"932",21.41,21.98,21.08,21.969999,9412800,21.279409
"933",21.889999,21.91,21.16,21.34,8634700,20.669213
"934",20.950001,20.950001,20.25,20.32,10707900,19.681274
"935",20.280001,20.5,19.59,19.809999,10245900,19.187305
"936",20.15,20.6,19.9,20.360001,6984200,19.720018
"937",20.66,20.66,19.98,20.030001,6671200,19.400391
"938",19.75,19.780001,19.5,19.549999,6527300,18.935477
"939",19.370001,19.440001,18.99,19.15,12294800,18.548051
"940",19.190001,19.379999,18.93,19.1,6561700,18.499624
"941",19.27,19.48,19.07,19.1,8221300,18.499624
"942",19.18,19.18,18.5,18.65,10678900,18.063768
"943",18.1,18.280001,17.4,17.950001,12232100,17.385772
"944",18.139999,18.549999,17.940001,17.98,9232900,17.414828
"945",18.08,18.93,17.950001,18.41,7325900,17.831312
"946",18.6,18.9,18.01,18.24,4976500,17.666656
"947",18.43,18.559999,18.17,18.379999,4295300,17.802254
"948",18.629999,18.870001,18.450001,18.799999,3607300,18.209052
"949",18.809999,19.389999,18.57,19.35,4903000,18.741765
"950",19.23,19.32,18.9,19.01,3506300,18.412452
"951",18.65,18.969999,18.370001,18.629999,5412200,18.044396
"952",19.16,19.690001,18.83,19.690001,7069200,19.071078
"953",19.65,19.959999,19.34,19.6,4193100,18.983907
"954",19.950001,19.98,19.6,19.66,4356200,19.04202
"955",19.870001,19.870001,19.120001,19.26,3809600,18.654594
"956",18.85,19.780001,18.85,19.719999,5466100,19.100134
"957",19.799999,20.49,19.68,20,5209400,19.371333
"958",20.469999,20.860001,20.389999,20.459999,5102100,19.816873
"959",20.629999,20.700001,19.77,20.040001,39772500,19.410077
"960",19.870001,20.700001,19.719999,20.440001,7209300,19.797503
"961",20.34,20.83,20.07,20.27,9593900,19.632847
"962",20.5,21.15,20.370001,20.530001,5650900,19.884674
"963",20.5,20.85,19.84,19.969999,5693300,19.342275
"964",20.26,21.25,20.24,20.870001,7504200,20.213987
"965",21,21.049999,20.24,20.43,4758400,19.787817
"966",20.49,20.52,19.860001,20.23,5054300,19.594103
"967",20.200001,20.27,19.370001,19.58,4965300,18.964535
"968",19.59,19.85,19.309999,19.389999,4652900,18.780507
"969",19.16,19.42,18.67,19.15,6381600,18.548051
"970",19.370001,19.4,18.540001,18.700001,5378200,18.112197
"971",18.65,18.879999,18.469999,18.65,4751700,18.063768
"972",18.620001,18.65,18.030001,18.459999,6267300,17.87974
"973",18.57,18.700001,18.26,18.459999,4712300,17.87974
"974",18.139999,18.5,18.059999,18.290001,4503900,17.715085
"975",18.5,18.84,18.129999,18.76,5920900,18.170311
"976",18.52,18.52,17.459999,18,11206300,17.4342
"977",17.559999,17.620001,17.120001,17.309999,7650300,16.765888
"978",17.379999,17.639999,17.33,17.559999,4007700,17.00803
"979",17.459999,17.75,17.299999,17.719999,3307800,17.163
"980",17.68,18,17.549999,17.65,3017400,17.095201
"981",17.75,18.35,17.690001,18.27,4464900,17.695713
"982",18.129999,18.25,17.82,18.139999,3823200,17.569799
"983",18.16,18.370001,18,18.08,2456500,17.511685
"984",18.049999,18.219999,17.74,17.860001,2638200,17.298601
"985",17.58,17.860001,17.23,17.34,3805000,16.794946
"986",17.24,17.450001,17.01,17.07,3558100,16.533433
"987",17.360001,17.75,17.200001,17.540001,2833900,16.98866
"988",17.58,18.129999,17.549999,17.66,2838400,17.104887
"989",17.879999,18.1,17.75,17.809999,2537900,17.250172
"990",17.809999,17.950001,17.24,17.440001,3342700,16.891803
"991",17.07,17.200001,16.43,16.860001,7901800,16.330034
"992",16.85,16.959999,16.360001,16.5,4197000,15.98135
"993",16.43,16.549999,15.91,16.059999,3866700,15.55518
"994",16.07,16.27,15.88,16.23,3979100,15.868043
"995",16.35,16.629999,16.110001,16.52,3615300,16.151577
"996",16.440001,16.629999,16.299999,16.34,2572700,15.975591
"997",16.299999,16.52,16.290001,16.370001,2181000,16.004922
"998",16.41,16.48,15.62,16.059999,5350800,15.701835
"999",15.96,16.629999,15.69,16.6,5001700,16.229793
"1000",16,16.290001,15.65,15.68,6736500,15.33031
"1001",15.75,16.01,15.25,15.61,5338000,15.261871
"1002",15.5,15.55,14.89,14.94,6970300,14.606813
"1003",14.9,15.12,14.5,14.6,7894500,14.274396
"1004",14.64,14.87,14.29,14.8,7523000,14.469935
"1005",14.86,14.98,14.46,14.48,4756600,14.157071
"1006",14.4,14.8,14.3,14.53,4260600,14.205956
"1007",14.5,14.64,14.34,14.42,2734000,14.09841
"1008",14.35,14.68,14.23,14.38,3664400,14.059302
"1009",13.97,14.17,13.65,13.76,9961400,13.453129
"1010",13.76,14.19,13.6,14.14,5833100,13.824655
"1011",14.02,14.14,13.79,14.01,5503800,13.697554
"1012",13.97,14.57,13.93,14.18,6244900,13.863763
"1013",14.2,14.87,14.01,14.77,6442000,14.440605
"1014",14.88,15.23,14.75,14.76,5529400,14.430828
"1015",14.8,14.92,14.45,14.54,4258100,14.215734
"1016",14.7,15.26,14.57,14.83,5766500,14.499266
"1017",14.72,14.83,14.1,14.2,6339700,13.883316
"1018",14.12,14.38,13.9,14.36,5107800,14.039748
"1019",14.63,15.14,14.4,15.02,5751800,14.685029
"1020",14.96,14.96,14.61,14.67,4809200,14.342835
"1021",14.54,15.21,14.4,15.05,4696700,14.71436
"1022",15.11,15.5,14.97,15,4963400,14.665475
"1023",15.01,15.99,15,15.72,7677500,15.369418
"1024",15.8,16.5,15.73,16.42,7050700,16.053807
"1025",16.280001,16.280001,15.81,15.83,4851000,15.476964
"1026",15.87,16.030001,15.43,15.47,5526500,15.124993
"1027",15.56,15.77,15.44,15.55,3020300,15.203209
"1028",15.26,15.32,14.75,14.81,5734500,14.479713
"1029",14.82,14.96,14.65,14.73,4301000,14.401496
"1030",14.82,14.87,14.45,14.59,3028300,14.264619
"1031",14.59,15,14.58,14.97,5097300,14.636144
"1032",15.11,16.450001,15.07,15.72,11753000,15.369418
"1033",15.66,15.98,15.26,15.5,5275000,15.154324
"1034",15.33,15.94,15.25,15.84,4624000,15.486742
"1035",15.85,16,14.95,15.09,6285600,14.753468
"1036",15.25,15.38,15.01,15.15,3226400,14.812129
"1037",15.15,15.56,14.88,15.48,5490800,15.13477
"1038",15.5,15.82,15.01,15.03,6962200,14.694806
"1039",15.08,16.18,15.05,16.09,7208800,15.731166
"1040",16.23,16.690001,16.18,16.59,6627900,16.220015
"1041",16.959999,18.33,16.33,17.620001,17589900,17.227045
"1042",17.66,17.75,17.030001,17.23,6598600,16.845742
"1043",17.200001,17.85,16.950001,17.450001,7262700,17.060837
"1044",17.290001,17.629999,16.879999,17.35,5901900,16.963066
"1045",17.84,17.940001,17.139999,17.35,4190200,16.963066
"1046",17.530001,17.6,16.940001,17.08,4224800,16.699087
"1047",17.049999,17.33,16.93,17.15,2125700,16.767526
"1048",17.530001,17.59,16.84,17.09,3049600,16.708865
"1049",16.940001,17.77,16.91,17.51,4617000,17.119498
"1050",17.799999,18.41,17.719999,18.18,6169500,17.774556
"1051",18.1,18.18,17.57,17.690001,4457200,17.295484
"1052",17.75,17.799999,17,17.41,4372300,17.167296
"1053",17.32,17.42,16.700001,16.879999,4912200,16.644683
"1054",16.98,17.059999,16.33,16.77,4656200,16.536218
"1055",16.799999,16.940001,16.530001,16.84,2909100,16.605242
"1056",16.77,16.92,16.450001,16.66,3513000,16.427751
"1057",16.65,16.870001,16.48,16.73,3437400,16.496775
"1058",16.709999,16.709999,15.95,16.209999,6788000,15.984023
"1059",16.23,16.24,15.61,15.81,5442900,15.589601
"1060",15.81,16.370001,15.46,15.94,8898100,15.717788
"1061",15.92,16.450001,15.73,16.35,5477600,16.122073
"1062",16.290001,16.379999,15.92,16.030001,4592700,15.806534
"1063",15.76,15.81,15.03,15.06,12600900,14.850056
"1064",15.06,15.15,14.68,15.07,6642800,14.859916
"1065",15.06,15.08,14.52,14.55,7483500,14.347166
"1066",14.6,15.27,14.32,14.43,12796000,14.228839
"1067",14.4,14.57,14.1,14.14,6217800,13.942881
"1068",14.11,14.16,13.83,14.06,4889800,13.863997
"1069",13.96,14,13.68,13.75,5990400,13.558318
"1070",13.88,14.22,13.71,13.86,6279000,13.666784
"1071",14.05,14.05,13.77,13.82,4235400,13.627342
"1072",13.7,13.95,13.64,13.94,4467000,13.745669
"1073",13.91,14.35,13.82,14.14,7363700,13.942881
"1074",14.21,15.01,14.21,14.98,9280600,14.771171
"1075",14.92,15.33,14.32,15.12,8134300,14.909219
"1076",15.39,15.4,14.7,15.1,9931100,14.889499
"1077",15.03,15.15,14.75,14.87,5145300,14.662704
"1078",14.76,14.83,13.95,14,9192300,13.804833
"1079",13.76,13.77,12.73,12.82,13264700,12.641282
"1080",12.98,13.23,12.58,12.65,6616800,12.473652
"1081",12.84,12.88,12.33,12.53,8796700,12.355325
"1082",12.44,12.45,11.31,11.44,14650300,11.28052
"1083",11.44,11.64,10.87,10.94,13944300,10.78749
"1084",10.74,10.84,10.26,10.33,11585800,10.185994
"1085",10.32,10.73,10.19,10.38,15380100,10.235298
"1086",10.32,10.62,9.57,9.77,17789000,9.633802
"1087",9.8,10.09,9.24,10,18498600,9.860595
"1088",9.65,9.77,8.22,8.32,33580300,8.204015
"1089",8.4,8.79,7.84,8.25,18063500,8.134991
"1090",8.17,8.67,7.76,7.77,15854500,7.661682
"1091",7.75,8.07,7.17,7.97,21283900,7.858894
"1092",7.9,7.9,7,7.39,15668800,7.286979
"1093",7.33,7.71,7.06,7.32,16724900,7.217956
"1094",7.6,8.57,7.51,8.25,24917800,8.134991
"1095",8.39,9.96,8.35,9.07,26084300,8.943559
"1096",8.67,9.32,8.16,9.32,16865900,9.190074
"1097",8.99,9.55,8.57,9.5,12941700,9.367565
"1098",9,9.34,8.55,8.74,12195200,8.61816
"1099",8.45,9,8.44,8.94,5692300,8.815371
"1100",8.97,9.05,8.16,8.54,9499000,8.420948
"1101",9.08,9.73,8.83,9.15,15382700,9.022444
"1102",9.11,9.24,8.65,8.79,10165200,8.667463
"1103",8.77,9.65,8.77,9.63,10559000,9.495753
"1104",9.22,9.73,9.06,9.24,12596200,9.111189
"1105",9.51,11.61,8.87,11.29,37653700,11.132612
"1106",11.25,11.34,9.96,10.22,18053500,10.077528
"1107",10.05,10.85,10,10.5,7718600,10.353625
"1108",10.69,11.7,10.25,11.23,14355200,11.073448
"1109",11.33,11.36,10.77,10.98,7328300,10.826933
"1110",10.87,11.34,10.41,11.33,8156500,11.172054
"1111",11.36,11.49,10.68,11.15,9120300,10.994563
"1112",11.1,11.16,10.51,10.54,5462300,10.393067
"1113",10.65,11.34,10.53,11.17,6877400,11.014285
"1114",11.2,11.69,11.04,11.04,5931100,10.886097
"1115",10.7,11.38,10.59,10.76,7099400,10.61
"1116",10.71,11.3,10.47,10.71,6354300,10.71
"1117",10.7,11,10.3,10.36,5238700,10.36
"1118",10.26,10.78,10.25,10.69,5626900,10.69
"1119",10.58,10.9,10.29,10.85,5513700,10.85
"1120",10.45,10.5,9.91,10.21,12852600,10.21
"1121",8.6,9.18,8.05,8.17,29482000,8.17
"1122",8,8.94,7.91,8.76,14778500,8.76
"1123",9.55,9.99,9.29,9.91,18642600,9.91
"1124",9.9,9.91,9.26,9.77,7955600,9.77
"1125",9.62,9.69,9.16,9.2,9851200,9.2
"1126",9.25,9.39,9.12,9.15,4599500,9.15
"1127",9.1,9.2,8.7,9.12,4186000,9.12
"1128",8.9,9,8.22,8.36,7843200,8.36
"1129",8.31,8.57,8.06,8.16,5779500,8.16
"1130",8.43,8.67,8.38,8.6,6453200,8.6
"1131",8.01,8.25,7.82,8.03,8318000,8.03
"1132",7.95,8.44,7.9,7.97,6531200,7.97
"1133",7.91,8,7.28,7.36,7656800,7.36
"1134",7.19,7.91,7.12,7.47,7201300,7.47
"1135",7.34,7.41,7,7.01,6160500,7.01
"1136",7,7.15,6.82,6.94,7848500,6.94
"1137",6.83,7.04,6.66,6.74,7296600,6.74
"1138",6.75,6.9,6.59,6.66,7433900,6.66
"1139",6.6,7.26,6.6,6.8,8632300,6.8
"1140",6.04,6.6,5.63,6.41,19640800,6.41
"1141",6.65,6.94,6.06,6.19,11030600,6.19
"1142",6.22,6.72,6.07,6.69,11148800,6.69
"1143",6.61,6.69,6.11,6.16,8049100,6.16
"1144",6.18,6.5,6.1,6.15,7099100,6.15
"1145",6.14,6.23,5.92,6.06,3156100,6.06
"1146",6.15,6.41,6.02,6.31,5363600,6.31
"1147",6.35,6.88,6.32,6.62,7504800,6.62
"1148",6.6,7.19,6.6,6.9,10025100,6.9
"1149",6.9,7.35,6.89,7.14,11664000,7.14
"1150",7.35,7.37,6.85,7.03,7350500,7.03
"1151",6.75,6.83,6.31,6.52,9190200,6.52
"1152",6.56,6.64,6.24,6.31,6500800,6.31
"1153",6.44,6.97,6.36,6.84,7722800,6.84
"1154",7.08,7.39,6.85,7.33,11109600,7.33
"1155",7.28,7.32,6.77,7.15,9977100,7.15
"1156",6.98,7.73,6.71,7.7,14435400,7.7
"1157",7.77,7.91,7.36,7.85,12581500,7.85
"1158",7.53,7.9,7.23,7.79,9039200,7.79
"1159",7.79,9,7.79,8.72,19525300,8.72
"1160",8.74,8.93,8.33,8.9,10725000,8.9
"1161",8.9,8.9,8.12,8.46,10597300,8.46
"1162",8.42,9.39,8.35,9.07,7477600,9.07
"1163",9.05,9.1,8.54,8.59,7228100,8.59
"1164",8.4,8.43,7.48,7.49,10565700,7.49
"1165",7.93,7.93,7.16,7.22,8721800,7.22
"1166",7.08,7.96,6.75,6.8,15135400,6.8
"1167",6.81,6.96,6.56,6.62,8331800,6.62
"1168",6.64,6.64,6.02,6.11,11480400,6.11
"1169",6.07,6.46,6.04,6.42,8574200,6.42
"1170",6.4,7.23,6.4,6.97,13253700,6.97
"1171",7.37,7.41,6.52,6.8,27440100,6.8
"1172",6.65,6.92,6.29,6.31,14041500,6.31
"1173",6.31,6.75,6.27,6.43,16071400,6.43
"1174",6.39,6.52,6.15,6.27,10562200,6.27
"1175",6.24,6.83,6.24,6.57,11494900,6.57
"1176",6.52,6.78,6.43,6.67,6418700,6.67
"1177",6.54,6.71,6.45,6.47,5344700,6.47
"1178",6.64,6.83,6.59,6.65,4705400,6.65
"1179",6.81,7.05,6.74,7,7518800,7
"1180",7,7.08,6.82,6.89,5950700,6.89
"1181",6.84,7.28,6.8,6.92,6258900,6.92
"1182",6.89,7.1,6.76,6.91,3423400,6.91
"1183",6.92,7.13,6.82,6.96,4516900,6.96
"1184",6.83,6.9,6.57,6.65,4416700,6.65
"1185",6.67,6.89,6.61,6.79,3618700,6.79
"1186",6.73,6.92,6.66,6.76,3511600,6.76
"1187",6.82,6.88,6.65,6.78,2692200,6.78
"1188",6.77,6.98,6.76,6.84,4024000,6.84
"1189",6.8,6.86,6.68,6.76,3981500,6.76
"1190",6.73,6.93,6.6,6.72,4656900,6.72
"1191",6.62,6.89,6.39,6.72,8434700,6.72
"1192",6.69,6.93,6.43,6.63,8511700,6.63
"1193",6.51,6.7,6.21,6.27,7632100,6.27
"1194",6.12,6.18,5.64,5.79,12083600,5.79
"1195",5.69,5.97,5.45,5.46,6944300,5.46
"1196",5.42,5.45,5.02,5.21,10439100,5.21
"1197",5.3,5.45,5.1,5.13,6119400,5.13
"1198",5.1,5.14,4.8,4.94,8006900,4.94
"1199",4.94,4.94,4.53,4.87,8414400,4.87
"1200",4.85,4.88,4.52,4.54,10843600,4.54
"1201",4.49,4.59,4.12,4.58,17409500,4.58
"1202",4.47,4.53,4.21,4.31,7689600,4.31
"1203",4.35,4.4,4.15,4.3,11885000,4.3
"1204",4.4,4.84,4.32,4.81,10819600,4.81
"1205",4.77,5.07,4.77,4.99,7119300,4.99
"1206",5.05,5.48,5,5.07,12472600,5.07
"1207",5.09,5.22,4.68,4.79,8510500,4.79
"1208",4.7,4.9,4.63,4.73,5589300,4.73
"1209",4.71,5.13,4.66,5.06,7917900,5.06
"1210",4.99,4.99,4.65,4.81,9288400,4.81
"1211",4.69,4.81,4.46,4.55,8214600,4.55
"1212",4.45,4.69,4.35,4.59,8874500,4.59
"1213",4.6,4.76,4.59,4.71,7049600,4.71
"1214",4.77,5.01,4.73,4.93,8821600,4.93
"1215",5.03,5.08,4.79,4.81,6591300,4.81
"1216",4.64,5.04,4.54,5,7804100,5
"1217",4.95,5.09,4.84,4.87,5692300,4.87
"1218",4.8,4.85,4.64,4.75,5928100,4.75
"1219",4.93,5.45,4.93,5.32,14137100,5.32
"1220",5.3,5.72,5.17,5.61,10884100,5.61
"1221",5.53,5.79,5.35,5.51,8817400,5.51
"1222",5.4,5.57,5.17,5.29,6863400,5.29
"1223",5.33,5.5,5.23,5.28,7147900,5.28
"1224",5.26,5.35,4.93,5.05,7963300,5.05
"1225",5.05,5.33,4.95,5.08,11551100,5.08
"1226",5.09,5.57,5.08,5.56,18162900,5.56
"1227",5.77,6.35,5.7,6.03,41274600,6.03
"1228",6.12,6.35,5.9,6.13,12948200,6.13
"1229",6.2,6.38,5.81,5.87,15485000,5.87
"1230",5.92,6.18,5.3,5.41,20222400,5.41
"1231",5.42,5.98,5.29,5.94,13899100,5.94
"1232",6.05,6.24,5.68,5.7,9651000,5.7
"1233",5.78,6.07,5.76,5.86,7153600,5.86
"1234",5.98,6.59,5.88,6.58,15991900,6.58
"1235",6.65,6.87,6.54,6.57,16245100,6.57
"1236",6.52,6.52,6.21,6.32,9650600,6.32
"1237",6.41,6.44,6.03,6.09,8107700,6.09
"1238",6.14,6.39,6.13,6.14,6286100,6.14
"1239",6.16,6.34,5.91,5.92,9046600,5.92
"1240",5.95,6.17,5.81,5.86,7961500,5.86
"1241",5.9,5.98,5.57,5.61,9402000,5.61
"1242",5.62,5.75,5.54,5.71,6915000,5.71
"1243",5.62,5.79,5.28,5.3,9613000,5.3
"1244",5.28,5.32,4.93,5.05,9984900,5.05
"1245",5.05,5.09,4.7,5.03,11173300,5.03
"1246",5.04,5.1,4.91,5.03,4821600,5.03
"1247",5.03,5.22,4.97,5.17,6978300,5.17
"1248",5.23,5.49,5.02,5.1,8906500,5.1
"1249",5.16,5.38,5.07,5.36,6806300,5.36
"1250",5.31,5.66,5.31,5.65,8473700,5.65
"1251",5.61,5.65,5.3,5.31,8355100,5.31
"1252",5.36,5.39,5.08,5.11,7643000,5.11
"1253",5.1,5.56,5.1,5.42,8206000,5.42
"1254",5.39,5.54,5.22,5.27,8145800,5.27
"1255",5.27,5.39,5.15,5.34,5004900,5.34
"1256",5.35,5.36,5.2,5.29,3335600,5.29
"1257",5.21,5.3,5.01,5.12,6867800,5.12
"1258",5.17,5.32,5.01,5.04,7258900,5.04
"1259",5.23,5.33,5.08,5.25,7626200,5.25
