"","HBAN.Open","HBAN.High","HBAN.Low","HBAN.Close","HBAN.Volume","HBAN.Adjusted"
"1",5.84,5.92,5.76,5.91,18081800,5.32475
"2",5.8,6.12,5.73,6.11,15897600,5.504945
"3",6.21,6.25,6.05,6.08,13577000,5.477915
"4",6.15,6.3,6.05,6.29,13169800,5.676456
"5",6.2,6.24,6.09,6.14,11437300,5.541087
"6",6.16,6.19,5.94,6.03,12376800,5.441817
"7",6.04,6.09,5.97,6.05,9631900,5.459866
"8",6.12,6.17,6,6.05,10427600,5.459866
"9",6.05,6.12,5.95,5.96,14987900,5.378645
"10",5.98,6.04,5.83,5.85,12883700,5.279374
"11",5.79,5.9,5.73,5.74,10764100,5.180104
"12",5.86,6.01,5.74,6,13915100,5.414743
"13",6,6.01,5.86,5.93,9919200,5.351571
"14",5.82,5.82,5.6,5.63,20768900,5.080834
"15",5.64,5.79,5.53,5.54,13381100,4.999613
"16",5.45,5.64,5.2,5.43,23668500,4.900342
"17",5.47,5.54,5.26,5.34,12859500,4.819121
"18",5.5,5.51,5.25,5.32,12537500,4.801072
"19",5.36,5.81,5.36,5.76,16188200,5.198154
"20",5.9,5.97,5.58,5.67,20838100,5.116932
"21",5.67,5.95,5.61,5.91,9543200,5.333522
"22",5.89,5.99,5.81,5.93,11026800,5.351571
"23",6.02,6.19,6.02,6.16,13404100,5.559136
"24",6.15,6.17,5.94,6.04,15680900,5.450841
"25",6.05,6.19,5.91,6.13,15875300,5.532063
"26",6.09,6.11,5.7,5.73,21951700,5.17108
"27",5.78,5.86,5.57,5.77,15870400,5.207178
"28",5.57,5.83,5.51,5.82,19932600,5.252301
"29",5.92,6.05,5.65,5.67,23191900,5.116932
"30",5.9,5.97,5.79,5.85,20907600,5.279374
"31",5.84,6.06,5.75,6.06,21301000,5.46889
"32",6.05,6.35,5.98,6.31,17988500,5.694505
"33",6.32,6.45,6.15,6.36,21655900,5.739628
"34",6.31,6.36,6.12,6.19,11909500,5.58621
"35",6.22,6.3,6.04,6.06,14894700,5.46889
"36",5.95,6.14,5.91,6.06,12296200,5.46889
"37",6.18,6.34,6.15,6.29,21543700,5.676456
"38",6.3,6.4,6.26,6.28,11340300,5.667431
"39",6.33,6.38,6.23,6.28,8707300,5.667431
"40",6.2,6.29,6.16,6.28,8914700,5.667431
"41",6.2,6.27,6.1,6.25,10801100,5.640357
"42",6.27,6.35,6.18,6.33,13908500,5.712554
"43",6.24,6.29,6.08,6.12,16218400,5.523038
"44",5.98,6.05,5.74,5.74,20166500,5.180104
"45",5.69,5.74,5.62,5.65,14959100,5.098883
"46",5.65,5.74,5.62,5.66,9625600,5.107907
"47",5.63,5.69,5.5,5.55,12644700,5.008638
"48",5.64,5.67,5.5,5.51,11775800,4.972539
"49",5.53,5.61,5.43,5.5,12591300,4.963514
"50",5.48,5.56,5.36,5.39,13762500,4.864244
"51",5.38,5.44,5.27,5.39,11129700,4.864244
"52",5.43,5.47,5.31,5.37,16993900,4.846195
"53",5.18,5.27,5.14,5.2,16991700,4.692777
"54",5.11,5.2,5.04,5.19,14750400,4.683753
"55",5.24,5.34,5.18,5.18,10933000,4.674728
"56",5.24,5.46,5.21,5.44,13479100,4.909367
"57",5.41,5.42,5.21,5.24,10033700,4.728875
"58",5.21,5.4,5.21,5.3,11586800,4.783023
"59",5.43,5.52,5.36,5.47,13098100,4.936441
"60",5.5,5.68,5.45,5.68,12620000,5.125957
"61",5.83,5.84,5.61,5.72,10087400,5.162055
"62",5.63,5.65,5.46,5.48,10282200,4.945465
"63",5.65,5.84,5.6,5.77,20518400,5.207178
"64",5.87,5.98,5.77,5.86,18302400,5.288399
"65",5.86,5.98,5.83,5.85,11190500,5.279374
"66",6.06,6.13,6,6.08,16229100,5.48694
"67",6.06,6.15,5.97,6.07,13017800,5.477915
"68",5.98,6.13,5.94,6.07,13766300,5.486955
"69",6.02,6.09,5.79,5.89,34740400,5.324244
"70",5.97,5.98,5.8,5.8,12751500,5.242889
"71",5.85,6.05,5.82,6,20366400,5.423678
"72",6.01,6.06,5.89,5.92,15099800,5.351363
"73",5.9,5.95,5.75,5.78,12855800,5.22481
"74",5.7,5.86,5.61,5.63,13092400,5.089218
"75",5.75,5.85,5.73,5.84,11225500,5.279047
"76",5.89,5.89,5.71,5.74,9814700,5.188652
"77",5.76,5.79,5.59,5.72,15220400,5.170573
"78",5.69,5.74,5.62,5.64,10832200,5.098258
"79",5.67,5.82,5.65,5.69,9614600,5.143455
"80",5.73,5.81,5.66,5.71,11581400,5.161534
"81",5.7,5.82,5.69,5.7,11350400,5.152494
"82",5.75,5.98,5.74,5.94,20134400,5.369442
"83",5.97,6.03,5.87,5.89,12453300,5.324244
"84",5.95,5.96,5.82,5.9,10269600,5.333284
"85",5.9,5.94,5.8,5.86,7599700,5.297126
"86",5.86,5.9,5.79,5.82,8717300,5.260968
"87",5.78,5.96,5.75,5.94,8221500,5.369442
"88",6,6.05,5.88,5.88,14289900,5.315205
"89",5.83,5.84,5.65,5.73,20604100,5.179613
"90",5.79,5.79,5.54,5.69,21973400,5.143455
"91",5.67,5.77,5.61,5.74,8987200,5.188652
"92",5.68,5.86,5.63,5.73,16961000,5.179613
"93",5.7,5.71,5.43,5.6,27209900,5.0621
"94",5.8,5.88,5.62,5.62,37946100,5.080179
"95",5.66,5.76,5.65,5.69,14831900,5.143455
"96",5.75,5.76,5.64,5.65,14655200,5.107297
"97",5.61,5.65,5.53,5.62,14718200,5.080179
"98",5.57,5.71,5.57,5.7,10891400,5.152494
"99",5.74,5.74,5.62,5.66,8836900,5.116336
"100",5.64,5.68,5.6,5.66,8625400,5.116336
"101",5.66,5.68,5.5,5.6,15263200,5.0621
"102",5.62,5.64,5.51,5.56,15711000,5.025942
"103",5.56,5.64,5.53,5.64,9912200,5.098258
"104",5.69,5.92,5.65,5.87,21447200,5.306165
"105",5.8,6.1,5.76,5.94,19343100,5.369442
"106",5.93,6.03,5.91,5.96,12013200,5.387521
"107",5.97,6.08,5.85,5.85,14111400,5.288086
"108",5.94,6.12,5.83,6.11,14085700,5.523113
"109",6.05,6.23,6.02,6.16,15817600,5.56831
"110",6.08,6.13,5.9,5.9,11854600,5.333284
"111",5.97,6.01,5.91,5.94,8817700,5.369442
"112",5.89,5.92,5.7,5.78,12529900,5.22481
"113",5.77,5.81,5.67,5.68,7691400,5.134415
"114",5.79,5.94,5.72,5.76,12749000,5.206731
"115",5.68,5.77,5.67,5.72,6310500,5.170573
"116",5.68,5.76,5.66,5.74,7769000,5.188652
"117",5.65,5.72,5.56,5.57,11210600,5.034982
"118",5.7,5.7,5.55,5.62,7774700,5.080179
"119",5.55,5.63,5.55,5.55,2175000,5.016903
"120",5.54,5.81,5.53,5.79,15097500,5.23385
"121",5.72,5.9,5.68,5.84,12972300,5.279047
"122",5.98,6.03,5.9,6.03,16067900,5.450797
"123",6.05,6.31,6.04,6.25,24356100,5.649665
"124",6.15,6.42,6.09,6.41,17137600,5.794296
"125",6.36,6.5,6.23,6.46,16941700,5.839494
"126",6.52,6.59,6.34,6.41,15059700,5.794296
"127",6.39,6.62,6.37,6.49,17825800,5.866612
"128",6.55,6.76,6.55,6.72,22278000,6.07452
"129",6.74,6.86,6.64,6.84,15283700,6.182994
"130",6.51,6.72,6.38,6.66,74638200,6.020283
"131",6.58,6.61,6.25,6.3,161746100,5.694862
"132",6.37,6.47,6.26,6.27,53046800,5.667744
"133",6.35,6.36,6.2,6.25,40036000,5.65869
"134",6.39,6.4,6.23,6.23,35637900,5.640582
"135",6.4,6.57,6.39,6.53,42711800,5.912199
"136",6.6,6.77,6.53,6.7,34433400,6.066115
"137",6.82,6.89,6.75,6.85,52057400,6.201924
"138",6.85,6.89,6.71,6.88,28012200,6.229086
"139",6.85,6.97,6.8,6.96,16869700,6.301517
"140",6.97,7,6.95,6.96,11671600,6.301517
"141",6.98,6.98,6.89,6.96,14410000,6.301517
"142",6.96,6.96,6.85,6.89,7763200,6.23814
"143",6.87,6.93,6.86,6.87,7805200,6.220032
"144",6.96,7.12,6.96,7.11,23817500,6.437326
"145",7.26,7.26,6.99,7.19,33345300,6.509757
"146",7.11,7.24,7.07,7.18,27155900,6.500703
"147",7.26,7.32,7.1,7.15,24483300,6.473541
"148",7.22,7.23,6.97,7.09,29418500,6.419218
"149",7.05,7.25,7.01,7.2,26212500,6.518811
"150",7.26,7.34,7.11,7.12,22115500,6.446379
"151",7.24,7.3,7.18,7.22,20455700,6.536918
"152",7.21,7.23,7.06,7.12,24320100,6.446379
"153",7.1,7.3,7.1,7.25,22712700,6.56408
"154",7.24,7.29,7.16,7.19,15225500,6.509757
"155",7.12,7.21,6.95,7,35861900,6.337733
"156",6.83,6.93,6.66,6.85,35920300,6.201924
"157",6.97,7.09,6.95,7.02,19156400,6.35584
"158",7.03,7.05,6.85,6.91,18623800,6.256247
"159",6.88,6.98,6.83,6.9,23638300,6.247194
"160",6.9,7.12,6.9,7.07,24677500,6.40111
"161",7.08,7.3,7.06,7.3,24710200,6.60935
"162",7.3,7.44,7.06,7.07,25089200,6.40111
"163",7.17,7.26,7.11,7.24,25003500,6.555026
"164",7.29,7.39,7.2,7.22,31967100,6.536918
"165",7.19,7.32,7.18,7.21,16968200,6.527865
"166",7.18,7.37,7.17,7.36,12743900,6.663673
"167",7.37,7.46,7.33,7.46,17081000,6.754212
"168",7.49,7.56,7.39,7.56,16592500,6.844751
"169",7.56,7.59,7.38,7.4,19530000,6.699889
"170",7.44,7.47,7.21,7.37,23201100,6.672727
"171",7.35,7.43,7.3,7.38,11114600,6.681781
"172",7.35,7.54,7.31,7.53,16086000,6.81759
"173",7.52,7.64,7.47,7.58,11228000,6.862859
"174",7.56,7.7,7.54,7.6,11214200,6.880967
"175",7.64,7.66,7.52,7.54,11691600,6.826643
"176",7.5,7.5,7.26,7.35,31405500,6.654619
"177",7.34,7.35,7.2,7.22,21354700,6.536918
"178",7.13,7.13,6.83,6.86,26782500,6.210978
"179",6.86,7.01,6.68,6.83,23374200,6.183816
"180",6.81,6.93,6.68,6.82,19125900,6.174763
"181",6.93,6.99,6.86,6.94,17206300,6.283409
"182",6.97,6.98,6.76,6.84,19964500,6.19287
"183",6.87,6.88,6.56,6.56,21278000,5.939361
"184",6.57,6.67,6.51,6.59,14398500,5.966523
"185",6.69,6.78,6.64,6.7,18084300,6.066115
"186",6.69,6.7,6.5,6.65,14638000,6.020846
"187",6.66,6.69,6.5,6.53,14017400,5.912199
"188",6.56,6.85,6.55,6.85,15775000,6.201924
"189",6.81,6.86,6.7,6.77,11787100,6.129493
"190",6.67,6.7,6.58,6.62,13717900,5.993684
"191",6.56,6.81,6.55,6.77,9381700,6.129493
"192",6.72,6.75,6.58,6.68,15010300,6.048008
"193",6.51,6.7,6.51,6.64,15286200,6.011792
"194",6.66,6.68,6.49,6.51,15299000,5.902982
"195",6.6,6.67,6.55,6.63,11639900,6.011792
"196",6.76,6.83,6.65,6.69,19761400,6.066198
"197",6.78,6.8,6.53,6.65,17222700,6.029927
"198",6.63,6.68,6.51,6.57,11205300,5.957387
"199",6.55,6.55,6.43,6.46,9656800,5.857644
"200",6.49,6.52,6.38,6.5,9937800,5.893914
"201",6.53,6.68,6.52,6.59,10762800,5.975522
"202",6.64,6.69,6.57,6.57,11883200,5.957387
"203",6.58,6.66,6.56,6.64,7330200,6.02086
"204",6.7,6.78,6.66,6.75,8318600,6.120603
"205",6.74,6.76,6.63,6.64,9343500,6.02086
"206",6.81,6.92,6.76,6.81,18718500,6.175008
"207",6.86,6.91,6.72,6.74,10098800,6.111535
"208",6.7,6.82,6.7,6.73,8986400,6.102468
"209",6.75,6.86,6.72,6.86,9367800,6.220346
"210",6.84,6.9,6.74,6.8,11230600,6.165941
"211",6.87,6.9,6.7,6.73,8682000,6.102468
"212",6.77,6.78,6.63,6.63,9176700,6.011792
"213",6.58,6.75,6.56,6.66,12048000,6.038995
"214",6.74,6.75,6.52,6.54,17004100,5.930184
"215",6.53,6.53,6.44,6.5,10585400,5.893914
"216",6.53,6.58,6.47,6.52,9889800,5.912049
"217",6.46,6.49,6.38,6.42,8984500,5.821373
"218",6.46,6.52,6.37,6.44,14874900,5.839509
"219",6.57,6.59,6.34,6.4,28271400,5.803238
"220",6.48,6.68,6.38,6.68,25924900,6.05713
"221",6.65,6.68,6.53,6.57,11103600,5.957387
"222",6.6,6.65,6.51,6.65,15600000,6.029927
"223",6.65,6.79,6.62,6.77,15351600,6.138738
"224",6.73,6.88,6.71,6.85,1.5e+07,6.211278
"225",6.87,6.87,6.75,6.79,10537800,6.156873
"226",6.81,6.83,6.72,6.77,9381100,6.138738
"227",6.77,6.88,6.7,6.85,13900000,6.211278
"228",6.85,6.87,6.7,6.76,14790400,6.129671
"229",6.72,6.77,6.61,6.65,13100000,6.029927
"230",6.73,6.74,6.57,6.64,10767200,6.02086
"231",6.64,6.74,6.59,6.71,8280900,6.084333
"232",6.71,6.8,6.68,6.71,10884600,6.084333
"233",6.7,6.84,6.67,6.7,12100000,6.075265
"234",6.67,6.74,6.62,6.65,10900000,6.029927
"235",6.64,6.65,6.52,6.58,13361000,5.966454
"236",6.54,6.7,6.48,6.49,13630000,5.884846
"237",6.47,6.58,6.43,6.57,15699300,5.957387
"238",6.57,6.58,6.5,6.54,9697000,5.930184
"239",6.59,6.63,6.54,6.57,16035700,5.957387
"240",6.54,6.6,6.37,6.37,11616900,5.776036
"241",6.28,6.39,6.27,6.35,10800000,5.7579
"242",6.37,6.41,6.34,6.36,7388500,5.766968
"243",6.35,6.5,6.34,6.42,10321900,5.821373
"244",6.41,6.45,6.37,6.42,6545800,5.821373
"245",6.45,6.56,6.44,6.53,6496600,5.921117
"246",6.59,6.6,6.52,6.6,7591000,5.984589
"247",6.55,6.58,6.33,6.35,16570100,5.7579
"248",6.35,6.37,6.19,6.24,19057500,5.658157
"249",6.11,6.31,6.1,6.18,12163100,5.603752
"250",6.11,6.18,6,6.06,21833300,5.494941
"251",6.1,6.33,6.07,6.21,22912200,5.630955
"252",6.16,6.35,6.16,6.3,24451400,5.712563
"253",6.3,6.41,6.22,6.31,13953900,5.72163
"254",6.27,6.32,6.09,6.2,16914600,5.621887
"255",6.23,6.24,6.14,6.21,11131300,5.630955
"256",6.28,6.39,6.23,6.29,12288700,5.703495
"257",6.23,6.41,6.16,6.33,29330200,5.748905
"258",6.32,6.39,6.25,6.32,8019900,5.739823
"259",6.38,6.47,6.35,6.41,9604600,5.821561
"260",6.37,6.4,6.28,6.32,9368400,5.739823
"261",6.35,6.4,6.28,6.4,11144900,5.812479
"262",6.36,6.43,6.3,6.3,6383400,5.721659
"263",6.22,6.23,6.15,6.21,12895100,5.639921
"264",6.21,6.23,6.1,6.1,10523800,5.540019
"265",6.12,6.34,6.1,6.32,14333000,5.739823
"266",6.35,6.42,6.26,6.39,13487400,5.803397
"267",6.46,6.54,6.3,6.54,12445000,5.939627
"268",6.54,6.6,6.48,6.56,8950700,5.957791
"269",6.56,6.63,6.52,6.63,6871200,6.021365
"270",6.6,6.63,6.49,6.58,10673000,5.975955
"271",6.56,6.64,6.51,6.54,8404700,5.939627
"272",6.62,6.74,6.59,6.74,13287600,6.121267
"273",6.65,6.66,6.52,6.53,12470800,5.930545
"274",6.43,6.45,6.28,6.33,13482200,5.748905
"275",6.34,6.4,6.17,6.19,20959200,5.621757
"276",6.25,6.35,6.18,6.19,17655300,5.621757
"277",6.22,6.25,6.15,6.19,14527700,5.621757
"278",6.23,6.23,6.11,6.14,11005700,5.576347
"279",6.14,6.18,6.05,6.09,12346700,5.530937
"280",6.12,6.26,6.06,6.26,19687000,5.685331
"281",6.27,6.4,6.21,6.31,19025800,5.730741
"282",6.3,6.33,5.95,6.09,53767800,5.530937
"283",6.04,6.17,6.01,6.14,16213500,5.576347
"284",6.07,6.11,5.99,6.02,24792000,5.467363
"285",6.03,6.09,6,6.06,15007300,5.503691
"286",6.02,6.1,5.92,6,21117900,5.449199
"287",6.01,6.17,6.01,6.03,18768200,5.476445
"288",5.97,6.08,5.94,6.05,24825200,5.494609
"289",6.15,6.16,5.97,6,15104400,5.449199
"290",5.95,5.99,5.71,5.73,36555200,5.203985
"291",5.8,5.9,5.61,5.86,24106200,5.322051
"292",5.77,5.84,5.44,5.45,30924200,4.949689
"293",5.55,5.67,5.27,5.39,24419400,4.895197
"294",5.15,5.39,4.83,4.93,34700500,4.477425
"295",5.21,5.29,4.87,5.23,20320000,4.749885
"296",5.1,5.11,4.71,4.71,29184800,4.277621
"297",4.81,5.2,4.77,5.13,23754200,4.659065
"298",5.2,5.25,4.95,4.96,16850000,4.504671
"299",5.04,5.17,5.03,5.17,13489500,4.695393
"300",5.09,5.16,5.04,5.05,14485600,4.586409
"301",5.12,5.26,5.05,5.1,14725300,4.631819
"302",4.97,4.97,4.7,4.74,23616600,4.304867
"303",4.66,4.77,4.56,4.56,18851200,4.141391
"304",4.7,4.74,4.51,4.53,11549200,4.114145
"305",4.57,4.75,4.47,4.75,12102400,4.313949
"306",4.7,4.92,4.69,4.92,10932400,4.468343
"307",5.02,5.18,4.75,4.83,18880000,4.386605
"308",4.81,4.99,4.71,4.9,12321800,4.450179
"309",5,5.12,4.98,5.12,10939300,4.649983
"310",5.07,5.11,4.92,4.93,15781300,4.477425
"311",4.99,5.08,4.95,5.02,17848400,4.559163
"312",5.02,5.07,4.82,4.84,14538900,4.395687
"313",4.79,4.8,4.61,4.65,11629200,4.223129
"314",4.49,4.65,4.46,4.57,10036300,4.150473
"315",4.69,4.98,4.67,4.97,12112000,4.513753
"316",4.89,4.96,4.76,4.81,12283500,4.368441
"317",4.75,4.82,4.6,4.6,12506000,4.177719
"318",4.54,4.75,4.52,4.68,23880400,4.250375
"319",4.71,4.86,4.64,4.82,11235000,4.377523
"320",4.87,5.09,4.83,5.03,17684300,4.568245
"321",5.09,5.14,4.97,5.13,11488700,4.696413
"322",5.13,5.17,4.98,5.1,13089300,4.668948
"323",4.93,5.02,4.88,4.96,12152100,4.540781
"324",4.98,5.17,4.95,5.03,14120400,4.604865
"325",5.02,5.05,4.66,4.66,16296200,4.266137
"326",4.56,4.66,4.51,4.58,19999400,4.192898
"327",4.57,4.69,4.54,4.6,13719800,4.211208
"328",4.67,4.99,4.66,4.98,17416500,4.559091
"329",5.1,5.17,4.89,4.95,12647700,4.531626
"330",4.96,5.01,4.82,4.84,13463100,4.430923
"331",5.02,5.03,4.84,4.99,16340600,4.568245
"332",4.91,4.97,4.8,4.8,12893700,4.394304
"333",4.77,4.92,4.65,4.67,15165300,4.275292
"334",4.6,4.91,4.52,4.91,18827100,4.495007
"335",4.87,4.99,4.81,4.97,12074000,4.549935
"336",4.97,5.28,4.85,5.26,22349800,4.815425
"337",5.3,5.3,4.93,4.96,15803700,4.540781
"338",5.06,5.25,5.06,5.25,13870700,4.80627
"339",5.19,5.31,5.13,5.24,9623500,4.797115
"340",5.32,5.59,5.3,5.42,13068600,4.961902
"341",5.35,5.39,5.13,5.24,16525000,4.797115
"342",5.33,5.35,5.11,5.23,11873500,4.787961
"343",5.19,5.19,5.01,5.02,11081100,4.59571
"344",5.09,5.43,4.99,5.32,17258900,4.870354
"345",5.31,5.4,5.2,5.24,27282000,4.797115
"346",4.99,5.01,4.82,4.88,46766800,4.467543
"347",4.95,4.97,4.81,4.9,42481600,4.485852
"348",4.91,5.19,4.89,5.17,22116100,4.733032
"349",5.18,5.19,5,5.01,17219600,4.586555
"350",5.13,5.22,5.03,5.18,17948200,4.742186
"351",5.47,5.47,5.3,5.4,37282300,4.943592
"352",5.38,5.51,5.32,5.47,19361400,5.007676
"353",5.36,5.4,5.17,5.18,15516900,4.742186
"354",4.99,5.12,4.9,4.97,21761500,4.549935
"355",5.07,5.33,5.07,5.27,17768300,4.82458
"356",5.35,5.38,5.17,5.3,13877200,4.852044
"357",5.24,5.32,5.16,5.25,14308000,4.80627
"358",5.24,5.36,5.22,5.34,8938400,4.888663
"359",5.39,5.52,5.3,5.49,13011800,5.025985
"360",5.36,5.36,5.1,5.12,19790600,4.687258
"361",5.25,5.27,5.13,5.17,14263500,4.733032
"362",5.26,5.33,5.22,5.31,11016100,4.861199
"363",5.28,5.32,5.16,5.21,12551100,4.769651
"364",5.17,5.25,5.11,5.21,10206900,4.769651
"365",5.15,5.3,5.13,5.17,13979500,4.733032
"366",5.18,5.31,5.06,5.08,17508900,4.650638
"367",5.15,5.18,5.07,5.16,10551900,4.723877
"368",5.05,5.1,4.93,4.96,20161500,4.540781
"369",4.96,5.01,4.81,4.83,14060900,4.421768
"370",4.79,4.81,4.66,4.69,16630300,4.293601
"371",4.73,4.82,4.66,4.72,2656800,4.321065
"372",4.9,4.95,4.77,4.84,10562600,4.430923
"373",4.81,4.92,4.77,4.86,11360000,4.449233
"374",5.05,5.25,5,5.25,24972300,4.80627
"375",5.21,5.25,5.11,5.18,8379500,4.742186
"376",5.25,5.33,5.2,5.21,13117800,4.769651
"377",5.33,5.35,5.25,5.32,9163000,4.870354
"378",5.32,5.33,5.24,5.26,7801900,4.815425
"379",5.22,5.32,5.13,5.3,8698900,4.852044
"380",5.24,5.26,5.1,5.1,9624500,4.668948
"381",5.16,5.26,5.16,5.26,8451900,4.815425
"382",5.17,5.2,5.11,5.14,11144100,4.705567
"383",5.18,5.2,5,5.05,10881500,4.623174
"384",5.02,5.09,4.97,5.03,11392800,4.604865
"385",5.1,5.22,5.07,5.12,14996500,4.687258
"386",5.14,5.19,5.03,5.09,16730900,4.696485
"387",5.1,5.12,4.97,5.01,11282900,4.62267
"388",5.1,5.29,5.1,5.27,15342500,4.862569
"389",5.2,5.43,5.19,5.41,16219000,4.991745
"390",5.45,5.69,5.41,5.61,17405600,5.176283
"391",5.66,5.67,5.53,5.65,10072300,5.21319
"392",5.62,5.64,5.52,5.55,8925900,5.120922
"393",5.6,5.61,5.42,5.47,11612200,5.047106
"394",5.36,5.65,5.36,5.61,11807100,5.176283
"395",5.6,5.61,5.49,5.49,7551600,5.06556
"396",5.63,5.76,5.61,5.63,12481800,5.194737
"397",5.6,5.74,5.56,5.68,10223300,5.240871
"398",5.65,5.83,5.56,5.79,12469200,5.342367
"399",5.81,5.85,5.73,5.8,10175000,5.351594
"400",5.78,5.88,5.74,5.86,14953500,5.406955
"401",5.95,5.97,5.85,5.9,12244700,5.443862
"402",5.84,5.94,5.79,5.94,13863100,5.48077
"403",5.97,5.97,5.88,5.97,12156200,5.50845
"404",5.89,5.98,5.82,5.97,11434300,5.50845
"405",6,6.11,5.92,5.99,23837000,5.526904
"406",5.98,6.04,5.95,6.03,18767800,5.563812
"407",6,6.01,5.72,5.79,31401100,5.342367
"408",5.69,5.95,5.63,5.92,27785200,5.462316
"409",5.97,5.97,5.8,5.82,20288100,5.370047
"410",5.76,5.89,5.72,5.82,21263600,5.370047
"411",5.81,5.97,5.77,5.94,17878500,5.48077
"412",5.96,5.97,5.62,5.64,24180400,5.203963
"413",5.64,5.76,5.63,5.7,13106900,5.259325
"414",5.71,5.71,5.59,5.66,9927700,5.222417
"415",5.68,5.77,5.64,5.72,19457000,5.277778
"416",5.74,5.82,5.71,5.77,16582600,5.323913
"417",5.76,5.83,5.72,5.78,9719200,5.33314
"418",5.83,5.9,5.83,5.89,15160000,5.434635
"419",5.85,5.94,5.84,5.84,7172100,5.388501
"420",5.86,5.99,5.82,5.93,16279400,5.471543
"421",5.94,6.05,5.91,6.05,16231800,5.582266
"422",6.08,6.09,5.95,6.03,11384600,5.563812
"423",5.94,5.94,5.87,5.91,9091800,5.453089
"424",5.95,5.98,5.85,5.9,8560400,5.443862
"425",5.86,5.94,5.75,5.79,19762700,5.342367
"426",5.8,5.89,5.79,5.8,10211900,5.351594
"427",5.82,5.93,5.79,5.93,12049600,5.471543
"428",5.97,6.1,5.9,6.09,18568900,5.619173
"429",6.14,6.15,5.98,6.01,16512400,5.545358
"430",6.02,6.04,5.92,5.95,13886600,5.489997
"431",5.95,6.01,5.91,6.01,7476000,5.545358
"432",6.02,6.02,5.9,5.91,9088500,5.453089
"433",5.87,5.94,5.82,5.88,12081200,5.425409
"434",5.89,6.01,5.84,5.99,13058400,5.526904
"435",6,6.05,5.83,5.85,15823800,5.397728
"436",5.89,5.98,5.86,5.9,11564000,5.443862
"437",5.9,5.94,5.85,5.88,9625900,5.425409
"438",5.85,5.86,5.7,5.72,14110100,5.277778
"439",5.66,5.67,5.49,5.56,17454500,5.130148
"440",5.6,5.74,5.59,5.7,8219500,5.259325
"441",5.77,5.8,5.71,5.8,6278600,5.351594
"442",5.8,5.89,5.77,5.86,6817100,5.406955
"443",5.83,5.9,5.79,5.81,6039500,5.36082
"444",5.89,6.11,5.87,6.09,15125600,5.619173
"445",6.17,6.27,6.06,6.24,22067800,5.757576
"446",6.26,6.5,6.17,6.45,21273000,5.989737
"447",6.54,6.55,6.35,6.43,13825600,5.971164
"448",6.48,6.58,6.37,6.49,17208100,6.026882
"449",6.46,6.53,6.39,6.49,16473200,6.026882
"450",6.55,6.56,6.41,6.41,15736200,5.952591
"451",6.37,6.43,6.31,6.35,12163500,5.896873
"452",6.41,6.43,6.27,6.3,15195100,5.850441
"453",6.42,6.45,6.35,6.41,11093100,5.952591
"454",6.42,6.44,6.33,6.35,10423500,5.896873
"455",6.38,6.46,6.33,6.46,9597200,5.999023
"456",6.4,6.43,6.31,6.4,10089500,5.943305
"457",6.46,6.46,6.32,6.45,9037000,5.989737
"458",6.45,6.57,6.37,6.56,14636400,6.091887
"459",6.57,6.58,6.43,6.5,11279700,6.036169
"460",6.42,6.55,6.36,6.5,14042500,6.036169
"461",6.48,6.51,6.41,6.42,7911800,5.961878
"462",6.32,6.36,6.29,6.34,8829700,5.887586
"463",6.32,6.35,6.15,6.16,10153800,5.720431
"464",6.25,6.35,6.24,6.33,9749600,5.8783
"465",6.35,6.45,6.31,6.43,5650600,5.971164
"466",6.4,6.4,6.21,6.22,9723400,5.776149
"467",6.32,6.35,6.19,6.33,10390000,5.8783
"468",6.41,6.44,6.35,6.35,11089400,5.896873
"469",6.46,6.62,6.32,6.4,27550700,5.943305
"470",6.43,6.55,6.37,6.45,21040900,5.989737
"471",6.51,6.62,6.44,6.55,18976400,6.082601
"472",6.4,6.5,6.35,6.43,17306300,5.971164
"473",6.46,6.57,6.44,6.54,19299300,6.073315
"474",6.59,6.68,6.55,6.66,17091300,6.184751
"475",6.65,6.7,6.57,6.69,15341500,6.212611
"476",6.72,6.74,6.64,6.73,11778200,6.249756
"477",6.73,6.74,6.6,6.69,10643000,6.212611
"478",6.69,6.83,6.68,6.77,11390600,6.286902
"479",6.7,6.74,6.63,6.72,9939800,6.24047
"480",6.72,6.78,6.63,6.65,10693700,6.175465
"481",6.62,6.65,6.46,6.49,13440000,6.026882
"482",6.5,6.64,6.44,6.6,7937200,6.129033
"483",6.54,6.57,6.46,6.56,8938300,6.091887
"484",6.47,6.5,6.38,6.42,14520000,5.961878
"485",6.58,6.58,6.47,6.5,10836100,6.036169
"486",6.4,6.58,6.38,6.54,8219900,6.073315
"487",6.43,6.49,6.36,6.38,9021100,5.924732
"488",6.41,6.5,6.38,6.4,14249100,5.943305
"489",6.42,6.49,6.3,6.37,15200500,5.915445
"490",6.36,6.37,6.21,6.22,14548700,5.776149
"491",6.22,6.3,6.12,6.16,9416900,5.720431
"492",6.17,6.3,6.16,6.23,8662100,5.785436
"493",6.21,6.33,6.2,6.26,9993700,5.813295
"494",6.23,6.38,6.11,6.35,12728500,5.896873
"495",6.39,6.49,6.31,6.49,16978200,6.026882
"496",6.48,6.55,6.44,6.46,12328200,5.999023
"497",6.55,6.62,6.52,6.61,10486500,6.13832
"498",6.54,6.55,6.38,6.43,12716700,5.971164
"499",6.46,6.6,6.33,6.54,14550300,6.073315
"500",6.38,6.4,6.01,6.11,25631600,5.673999
"501",6.06,6.12,5.83,5.84,22884000,5.423266
"502",5.89,6.05,5.86,5.9,16483600,5.478984
"503",5.97,6.1,5.93,6.1,10776800,5.664712
"504",6.17,6.2,6.01,6.1,16479000,5.664712
"505",6.09,6.23,6.02,6.23,9572300,5.785436
"506",6.32,6.33,6.06,6.07,9827400,5.636853
"507",6.08,6.25,6.01,6.22,11139600,5.776149
"508",6.18,6.27,6.1,6.13,10876200,5.692572
"509",6.12,6.25,6.08,6.21,12038600,5.80474
"510",6.23,6.33,6.2,6.3,13293100,5.888867
"511",6.27,6.35,6.24,6.28,7568800,5.870172
"512",6.33,6.45,6.3,6.33,16257600,5.916909
"513",6.32,6.37,6.19,6.31,12987700,5.898214
"514",6.3,6.35,6.2,6.22,10595100,5.814087
"515",6.24,6.33,6.22,6.28,6820400,5.870172
"516",6.2,6.23,6.11,6.15,6550300,5.748656
"517",6.15,6.28,6.13,6.19,9130200,5.786045
"518",6.21,6.24,6.15,6.16,11117600,5.758003
"519",6.13,6.2,6.09,6.19,16335500,5.786045
"520",6.32,6.4,6.31,6.4,10338400,5.982341
"521",6.4,6.5,6.33,6.48,8644100,6.05712
"522",6.48,6.55,6.45,6.51,4217600,6.085163
"523",6.49,6.54,6.41,6.42,9590900,6.001036
"524",6.35,6.45,6.34,6.38,9436900,5.963646
"525",6.37,6.43,6.35,6.4,8711400,5.982341
"526",6.44,6.5,6.29,6.35,8011200,5.935604
"527",6.35,6.48,6.33,6.46,9186400,6.038425
"528",6.39,6.41,6.28,6.28,13607700,5.870172
"529",6.29,6.5,6.29,6.48,8784000,6.05712
"530",6.45,6.55,6.44,6.52,7208300,6.09451
"531",6.57,6.63,6.45,6.62,8574400,6.187984
"532",6.6,6.71,6.56,6.6,12763900,6.169289
"533",6.65,6.79,6.47,6.55,19656700,6.122552
"534",6.49,6.53,6.32,6.33,13790600,5.916909
"535",6.27,6.28,6.16,6.2,15148000,5.795393
"536",6.33,6.34,6.19,6.3,18579900,5.888867
"537",6.32,6.33,6.24,6.28,12594800,5.870172
"538",6.38,6.44,6.3,6.41,11128800,5.991688
"539",6.45,6.5,6.37,6.4,11461900,5.982341
"540",6.36,6.41,6.29,6.31,5866700,5.898214
"541",6.28,6.32,6.2,6.22,10471200,5.814087
"542",6.23,6.29,6.2,6.23,10898900,5.823435
"543",6.18,6.22,6.11,6.16,14832200,5.758003
"544",6.25,6.38,6.23,6.32,10078600,5.907562
"545",6.38,6.43,6.34,6.35,9034400,5.935604
"546",6.36,6.43,6.35,6.36,6048900,5.944951
"547",6.32,6.43,6.3,6.37,5115500,5.954299
"548",6.35,6.43,6.34,6.4,5310500,5.982341
"549",6.38,6.46,6.37,6.45,6013900,6.029078
"550",6.41,6.45,6.36,6.45,4434700,6.029078
"551",6.49,6.52,6.41,6.44,6626700,6.019731
"552",6.41,6.5,6.41,6.47,7874200,6.047773
"553",6.47,6.52,6.43,6.47,11767500,6.047773
"554",6.5,6.53,6.46,6.52,4224300,6.09451
"555",6.49,6.55,6.47,6.48,6674900,6.05712
"556",6.48,6.57,6.45,6.46,15032800,6.038425
"557",6.45,6.57,6.45,6.51,8630500,6.085163
"558",6.49,6.54,6.48,6.54,9326600,6.113205
"559",6.49,6.58,6.49,6.55,6291300,6.122552
"560",6.59,6.6,6.52,6.52,4577800,6.09451
"561",6.5,6.59,6.5,6.55,6617800,6.122552
"562",6.55,6.65,6.55,6.62,7200100,6.187984
"563",6.57,6.63,6.51,6.54,6015900,6.113205
"564",6.57,6.61,6.53,6.59,7857500,6.159942
"565",6.58,6.61,6.53,6.57,5849300,6.141247
"566",6.55,6.58,6.48,6.49,6158100,6.066467
"567",6.54,6.64,6.54,6.61,10403700,6.178637
"568",6.63,6.72,6.63,6.7,6390000,6.262763
"569",6.67,6.77,6.67,6.69,8124600,6.253416
"570",6.68,6.83,6.68,6.81,12599200,6.365585
"571",6.88,7.03,6.86,6.95,19815700,6.496448
"572",6.94,7.09,6.87,7.05,16675300,6.62807
"573",7.06,7.23,7.06,7.2,16837100,6.769092
"574",7.23,7.24,7.05,7.07,7704300,6.646873
"575",7.05,7.12,6.92,7.05,8785600,6.62807
"576",6.96,7.11,6.93,7.04,13542100,6.618668
"577",6.99,7,6.91,6.98,7965300,6.562259
"578",7.09,7.09,6.93,6.94,6878900,6.524653
"579",6.91,7.02,6.86,6.97,8338700,6.552858
"580",6.97,7.01,6.81,6.82,6894700,6.411835
"581",6.82,6.87,6.77,6.81,6861600,6.402433
"582",6.82,6.92,6.8,6.9,6586900,6.487047
"583",6.86,6.93,6.82,6.9,6687100,6.487047
"584",6.95,7.01,6.9,6.93,8564800,6.515251
"585",6.98,7,6.88,6.91,5794400,6.496448
"586",6.95,7.04,6.92,7.02,6662800,6.599865
"587",7.05,7.21,7.03,7.2,13121100,6.769092
"588",7.21,7.25,7.15,7.19,8385400,6.759691
"589",7.16,7.19,7.12,7.15,4403600,6.722085
"590",7.16,7.2,7.09,7.1,11664700,6.675077
"591",7.12,7.15,7.05,7.08,6653500,6.656274
"592",7.13,7.19,7.1,7.15,6977600,6.722085
"593",7.06,7.08,6.88,6.93,14467500,6.515251
"594",6.99,7.05,6.93,6.99,8273300,6.571661
"595",7.01,7.06,6.87,6.9,9169100,6.487047
"596",6.91,7.07,6.88,7.05,12299100,6.62807
"597",6.97,6.99,6.53,6.61,40617500,6.214403
"598",6.63,6.68,6.42,6.45,22917600,6.063979
"599",6.53,6.58,6.41,6.46,13001600,6.07338
"600",6.35,6.39,6.28,6.35,25569000,5.969964
"601",6.44,6.45,6.27,6.28,17166000,5.904153
"602",6.34,6.39,6.28,6.32,12056200,5.941759
"603",6.41,6.41,6.28,6.33,15965900,5.951161
"604",6.35,6.45,6.35,6.4,14098000,6.016971
"605",6.39,6.42,6.34,6.37,14524700,5.988767
"606",6.42,6.44,6.3,6.35,16601500,5.969964
"607",6.31,6.4,6.28,6.37,9027900,5.988767
"608",6.4,6.57,6.4,6.57,12993700,6.176797
"609",6.45,6.45,6.21,6.21,15572300,5.838342
"610",6.23,6.35,6.15,6.15,11774500,5.781933
"611",6.14,6.25,6.1,6.16,8207700,5.791335
"612",6.18,6.21,6.12,6.17,6226900,5.800736
"613",6.13,6.23,6.06,6.09,9024800,5.725524
"614",6.1,6.15,5.91,5.93,13083600,5.5751
"615",5.9,5.97,5.81,5.9,17465900,5.546895
"616",5.93,6.03,5.9,6.01,14063500,5.650312
"617",6.1,6.17,6.08,6.11,11448000,5.744327
"618",6.1,6.17,6.05,6.14,14332300,5.772532
"619",6.14,6.16,6.05,6.11,6008900,5.744327
"620",6.17,6.23,6.14,6.23,2794600,5.857145
"621",6.17,6.32,6.13,6.31,20392200,5.932357
"622",6.3,6.33,6.17,6.17,13773100,5.800736
"623",6.18,6.23,6.13,6.16,10926300,5.791335
"624",6.2,6.23,6.13,6.16,10295500,5.791335
"625",6.18,6.19,6.13,6.17,9844500,5.800736
"626",6.18,6.2,6.1,6.12,11172200,5.753729
"627",6.11,6.16,5.99,6.01,17964700,5.650312
"628",6.04,6.17,6.04,6.1,11408500,5.734926
"629",6.09,6.16,6.05,6.16,7706600,5.791335
"630",6.16,6.18,6.08,6.18,10350900,5.810138
"631",6.17,6.3,6.14,6.24,9893800,5.866547
"632",6.25,6.31,6.24,6.26,12646000,5.88535
"633",6.28,6.35,6.22,6.25,15484500,5.875948
"634",6.19,6.23,6.11,6.17,16847700,5.800736
"635",6.13,6.21,6.12,6.16,11223100,5.829125
"636",6.16,6.31,6.16,6.31,9162500,5.971068
"637",6.33,6.42,6.3,6.4,12474200,6.056234
"638",6.51,6.51,6.35,6.4,12364500,6.056234
"639",6.39,6.44,6.33,6.39,9774200,6.046771
"640",6.27,6.37,6.19,6.37,15105100,6.027845
"641",6.38,6.38,6.29,6.33,2289100,5.989993
"642",6.34,6.39,6.29,6.34,5133800,5.999457
"643",6.34,6.36,6.24,6.34,6252000,5.999457
"644",6.27,6.34,6.27,6.28,4408100,5.942679
"645",6.25,6.4,6.25,6.39,6685600,6.046771
"646",6.59,6.6,6.48,6.57,9507900,6.217102
"647",6.58,6.67,6.53,6.65,10460000,6.292805
"648",6.65,6.73,6.63,6.69,11162200,6.330657
"649",6.7,6.71,6.63,6.7,9202200,6.340119
"650",6.69,6.71,6.59,6.65,10895100,6.292805
"651",6.64,6.73,6.56,6.58,10451100,6.226565
"652",6.67,6.7,6.62,6.67,11404300,6.311731
"653",6.68,6.7,6.56,6.59,10120400,6.236028
"654",6.59,6.61,6.54,6.59,3947500,6.236028
"655",6.54,6.66,6.54,6.64,10025900,6.283342
"656",6.62,6.72,6.61,6.72,11739600,6.359045
"657",6.86,7.03,6.8,7,35543800,6.624005
"658",7.07,7.1,6.91,7,11525900,6.624005
"659",7.05,7.09,7.03,7.08,13144800,6.699708
"660",7.1,7.1,7,7.03,12819200,6.652394
"661",7.05,7.08,6.95,6.99,8350500,6.614542
"662",7,7.04,6.92,6.93,7989400,6.557765
"663",6.96,6.98,6.9,6.94,8029600,6.567228
"664",6.91,6.97,6.86,6.89,15664800,6.519914
"665",6.9,7,6.86,6.97,10290700,6.595617
"666",6.94,6.98,6.88,6.96,7149300,6.586154
"667",7.02,7.11,6.96,7.08,9893900,6.699708
"668",7.05,7.1,7.01,7.02,12837700,6.642931
"669",7.08,7.15,7.05,7.12,10672500,6.73756
"670",7.08,7.14,7.07,7.11,5287100,6.728097
"671",7.13,7.15,7.05,7.14,8097500,6.756485
"672",7.15,7.2,7.09,7.2,10740500,6.813263
"673",7.19,7.19,7.11,7.12,6325900,6.73756
"674",7.12,7.22,7.12,7.22,13159900,6.832188
"675",7.23,7.24,7.1,7.13,9643200,6.747023
"676",7.1,7.18,7.08,7.17,11092500,6.784874
"677",7.12,7.18,7.09,7.1,12188700,6.718634
"678",7.12,7.17,7.09,7.14,11956700,6.756485
"679",7.13,7.17,7,7.01,14155900,6.633469
"680",7.01,7.02,6.83,6.86,19455500,6.491526
"681",6.92,6.98,6.9,6.98,12689100,6.60508
"682",7.04,7.07,6.8,6.8,9527800,6.434748
"683",6.81,6.89,6.75,6.8,12172000,6.434748
"684",6.82,7.06,6.81,7.03,15476000,6.652394
"685",7.02,7.09,6.99,7.03,11466100,6.652394
"686",7,7.1,6.94,7.07,6962600,6.690246
"687",7.03,7.23,7.02,7.21,10125000,6.822726
"688",7.23,7.25,7.11,7.18,16411800,6.794337
"689",7.22,7.25,7.19,7.22,8205300,6.832188
"690",7.23,7.36,7.2,7.34,11209000,6.945743
"691",7.42,7.46,7.32,7.36,8971800,6.964669
"692",7.33,7.43,7.29,7.4,8650000,7.00252
"693",7.38,7.43,7.34,7.38,8429700,6.983594
"694",7.37,7.47,7.36,7.47,7831100,7.06876
"695",7.46,7.5,7.43,7.5,12371000,7.135357
"696",7.5,7.55,7.45,7.51,14791900,7.144871
"697",7.38,7.49,7.29,7.43,7654200,7.06876
"698",7.48,7.51,7.41,7.48,11007400,7.116329
"699",7.5,7.53,7.46,7.5,8106800,7.135357
"700",7.46,7.53,7.42,7.45,7950800,7.087788
"701",7.45,7.48,7.34,7.38,22775200,7.021191
"702",7.41,7.42,7.32,7.35,9011100,6.99265
"703",7.41,7.48,7.36,7.47,9384400,7.106815
"704",7.4,7.44,7.36,7.41,5233500,7.049732
"705",7.42,7.46,7.36,7.37,6387300,7.011677
"706",7.4,7.44,7.31,7.33,6307300,6.973622
"707",7.33,7.36,7.26,7.27,6672300,6.916539
"708",7.27,7.32,7.14,7.19,8478500,6.840429
"709",7.19,7.26,7.15,7.25,6662600,6.897512
"710",7.14,7.24,7.1,7.21,10482500,6.859456
"711",7.23,7.38,7.18,7.35,8691800,6.99265
"712",7.38,7.43,7.33,7.39,6412800,7.030705
"713",7.43,7.5,7.43,7.45,8118900,7.087788
"714",7.46,7.51,7.41,7.47,12434300,7.106815
"715",7.43,7.47,7.35,7.39,8137100,7.030705
"716",7.33,7.38,7.15,7.15,11352000,6.802374
"717",7.26,7.27,7.15,7.22,13484200,6.86897
"718",7.14,7.19,6.93,7.01,18631200,6.66918
"719",6.95,6.99,6.82,6.86,15942300,6.526473
"720",6.91,7.02,6.84,7,10057600,6.659666
"721",7,7.03,6.93,6.98,7030700,6.640639
"722",7.01,7.08,6.97,7.06,13094400,6.716749
"723",7.07,7.1,7.02,7.1,12601400,6.754804
"724",7.14,7.19,7.1,7.11,7702000,6.764318
"725",7.12,7.15,7.05,7.11,5792700,6.764318
"726",7.15,7.16,7.11,7.13,4769700,6.783346
"727",7.14,7.18,7.1,7.17,7918100,6.821401
"728",7.15,7.19,7.06,7.06,7256800,6.716749
"729",7.07,7.17,7.05,7.12,5344200,6.773832
"730",7.2,7.28,7.17,7.27,8021700,6.916539
"731",7.29,7.35,7.26,7.33,7332400,6.973622
"732",7.34,7.47,7.32,7.46,9494700,7.097302
"733",7.45,7.48,7.38,7.46,6294400,7.097302
"734",7.48,7.5,7.42,7.43,7159400,7.06876
"735",7.49,7.5,7.43,7.49,6820300,7.125843
"736",7.49,7.52,7.43,7.49,6254000,7.125843
"737",7.48,7.7,7.48,7.69,10846300,7.316119
"738",7.68,7.81,7.66,7.7,10673300,7.325633
"739",7.68,7.69,7.57,7.59,12217500,7.220981
"740",7.68,7.75,7.65,7.74,6756800,7.363688
"741",7.7,7.78,7.69,7.73,6312900,7.354174
"742",7.7,7.75,7.65,7.69,8932300,7.316119
"743",7.69,7.81,7.52,7.56,12329900,7.19244
"744",7.5,7.55,7.43,7.52,8727300,7.154384
"745",7.44,7.55,7.44,7.54,5387900,7.173412
"746",7.62,7.68,7.6,7.62,10122400,7.249522
"747",7.53,7.74,7.53,7.71,11202200,7.335147
"748",7.7,7.95,7.7,7.89,15903100,7.506395
"749",7.88,7.91,7.75,7.75,9132800,7.373202
"750",7.75,7.79,7.61,7.72,9069400,7.34466
"751",7.74,7.78,7.6,7.62,8473300,7.249522
"752",7.58,7.67,7.47,7.51,11802900,7.144871
"753",7.48,7.58,7.44,7.55,8927200,7.182926
"754",7.61,7.69,7.56,7.68,7544400,7.306605
"755",7.7,7.82,7.69,7.81,7180100,7.430285
"756",7.72,7.77,7.66,7.68,6278800,7.306605
"757",7.73,7.77,7.59,7.59,12027900,7.220981
"758",7.54,7.75,7.52,7.73,11088100,7.402942
"759",7.72,7.74,7.53,7.53,9668000,7.211405
"760",7.56,7.68,7.5,7.56,9004700,7.240135
"761",7.55,7.64,7.53,7.62,6196600,7.297596
"762",7.62,7.62,7.47,7.47,10601200,7.153943
"763",7.4,7.65,7.38,7.51,17656900,7.192251
"764",7.61,7.72,7.52,7.66,15523400,7.335904
"765",7.63,7.7,7.56,7.61,12196300,7.28802
"766",7.69,7.82,7.63,7.78,11143300,7.450827
"767",7.93,7.96,7.81,7.86,12042500,7.527442
"768",7.91,7.92,7.84,7.88,12628000,7.546596
"769",7.85,7.91,7.8,7.87,8345700,7.537019
"770",7.95,8.12,7.9,8.03,11313700,7.690249
"771",8.06,8.25,8.05,8.22,19237800,7.872211
"772",8.16,8.24,8.15,8.2,5710300,7.853056
"773",8.31,8.5,8.28,8.5,11280400,8.140363
"774",8.6,8.66,8.45,8.48,11212500,8.121209
"775",8.52,8.55,8.34,8.46,9543800,8.102056
"776",8.47,8.49,8.16,8.27,18709000,7.920095
"777",8.38,8.4,8.11,8.18,11777100,7.833903
"778",8.19,8.33,8.16,8.33,8727000,7.977556
"779",8.38,8.43,8.32,8.37,7801000,8.015864
"780",8.38,8.41,8.17,8.26,11603100,7.910518
"781",8.31,8.35,8.24,8.24,8497500,7.891364
"782",8.17,8.49,8.12,8.4,17055500,8.044594
"783",8.4,8.42,8.32,8.38,9639400,8.025441
"784",8.44,8.53,8.39,8.53,7787700,8.169094
"785",8.56,8.56,8.45,8.46,9614900,8.102056
"786",8.49,8.62,8.42,8.59,14558200,8.226556
"787",8.56,8.62,8.51,8.56,11688000,8.197825
"788",8.49,8.6,8.48,8.6,6571300,8.236133
"789",8.54,8.59,8.4,8.47,13214100,8.111633
"790",8.46,8.54,8.42,8.44,10220500,8.082902
"791",8.45,8.62,8.43,8.55,15758100,8.188248
"792",8.6,8.78,8.58,8.71,10463600,8.341478
"793",8.66,8.75,8.62,8.71,7132000,8.341478
"794",8.71,8.77,8.65,8.73,7664400,8.360632
"795",8.72,8.73,8.59,8.64,7548100,8.27444
"796",8.6,8.63,8.46,8.52,6942800,8.159518
"797",8.62,8.66,8.5,8.6,8360000,8.236133
"798",8.59,8.63,8.52,8.55,8651600,8.188248
"799",8.51,8.63,8.5,8.59,6623000,8.226556
"800",8.58,8.61,8.47,8.59,5943000,8.226556
"801",8.56,8.66,8.56,8.61,7866800,8.245709
"802",8.53,8.6,8.41,8.47,7845200,8.111633
"803",8.49,8.6,8.46,8.56,8324500,8.197825
"804",8.49,8.56,8.41,8.45,8558000,8.092479
"805",8.43,8.6,8.42,8.57,6996000,8.207401
"806",8.56,8.59,8.45,8.48,7231800,8.121209
"807",8.49,8.7,8.49,8.62,6809400,8.255286
"808",8.68,8.68,8.55,8.6,4856100,8.236133
"809",8.58,8.61,8.45,8.45,6031700,8.092479
"810",8.36,8.4,8.14,8.18,12061900,7.833903
"811",8.21,8.3,8.15,8.21,10951800,7.862633
"812",8.2,8.31,8.18,8.26,8081500,7.910518
"813",8.3,8.3,8.2,8.24,6340600,7.891364
"814",8.33,8.45,8.19,8.24,8365500,7.891364
"815",8.25,8.39,8.19,8.39,9762500,8.035018
"816",8.37,8.5,8.37,8.47,10048500,8.111633
"817",8.54,8.54,8.33,8.52,21305200,8.159518
"818",8.5,8.58,8.41,8.57,13302200,8.207401
"819",8.65,8.72,8.57,8.71,15560600,8.341478
"820",8.69,8.74,8.54,8.61,12195000,8.245709
"821",8.62,8.67,8.48,8.51,7663600,8.149941
"822",8.46,8.54,8.45,8.52,8462800,8.207742
"823",8.6,8.61,8.52,8.54,7351900,8.227008
"824",8.57,8.67,8.52,8.66,9325200,8.34261
"825",8.67,8.73,8.56,8.56,13384700,8.246276
"826",8.57,8.6,8.32,8.33,16297500,8.024705
"827",8.32,8.42,8.3,8.38,13323200,8.072873
"828",8.38,8.38,8.21,8.23,8450100,7.92837
"829",8.22,8.33,8.19,8.26,8346400,7.957271
"830",8.26,8.38,8.2,8.36,8644600,8.053605
"831",8.35,8.4,8.24,8.27,6150100,7.966904
"832",8.23,8.32,8.2,8.23,6262400,7.92837
"833",8.13,8.29,8.1,8.26,7881900,7.957271
"834",8.3,8.39,8.27,8.35,7877800,8.043972
"835",8.3,8.38,8.26,8.35,8633400,8.043972
"836",8.3,8.35,8.26,8.31,10374500,8.005438
"837",8.31,8.47,8.31,8.45,5597000,8.140307
"838",8.35,8.42,8.26,8.26,7976400,7.957271
"839",8.28,8.31,8.08,8.09,9876500,7.793501
"840",8.08,8.15,8.04,8.12,16739400,7.822401
"841",8.23,8.4,8.22,8.38,12802600,8.072873
"842",8.38,8.49,8.27,8.48,8204800,8.169207
"843",8.43,8.55,8.4,8.54,5938300,8.227008
"844",8.53,8.56,8.4,8.41,7314500,8.101773
"845",8.48,8.66,8.42,8.6,14650400,8.28481
"846",8.67,8.9,8.5,8.88,19338900,8.554548
"847",8.94,9.05,8.77,8.9,25049200,8.573814
"848",8.92,8.97,8.84,8.88,9196700,8.554548
"849",8.88,8.95,8.83,8.9,7581700,8.573814
"850",8.87,8.93,8.82,8.83,6872800,8.50638
"851",8.87,8.97,8.83,8.95,8361700,8.621982
"852",8.96,9.05,8.92,8.93,12258300,8.602715
"853",8.93,9.04,8.91,8.99,8009600,8.660516
"854",9.06,9.06,8.95,8.99,5009100,8.660516
"855",9,9.02,8.9,8.92,8703800,8.593082
"856",8.93,8.95,8.8,8.8,9794400,8.47748
"857",8.88,8.88,8.79,8.85,10457400,8.525647
"858",8.84,8.88,8.77,8.78,8081600,8.458212
"859",8.75,8.83,8.7,8.75,8083800,8.429312
"860",8.78,8.9,8.74,8.85,10515600,8.525647
"861",8.88,8.93,8.71,8.71,7896700,8.390778
"862",8.65,9.02,8.64,9.02,14150300,8.689417
"863",9.02,9.02,8.85,8.9,9148400,8.573814
"864",8.91,8.94,8.73,8.81,9048700,8.487113
"865",8.78,8.94,8.69,8.93,10201200,8.602715
"866",8.97,9,8.89,9,6086200,8.670149
"867",9.04,9.04,8.93,8.96,8646400,8.631615
"868",9,9.03,8.89,8.9,6887200,8.573814
"869",8.87,8.94,8.83,8.87,12108900,8.544914
"870",8.91,8.93,8.76,8.82,13229200,8.496746
"871",8.86,9.01,8.84,8.98,6255900,8.650882
"872",8.98,9.14,8.93,9.14,8867200,8.805019
"873",9.17,9.24,9.12,9.16,6123400,8.824285
"874",9.15,9.18,9.11,9.13,4626800,8.795385
"875",9.14,9.25,9.11,9.24,9696600,8.901353
"876",9.2,9.24,9.12,9.17,3430800,8.833919
"877",9.17,9.27,9.1,9.11,7711600,8.776118
"878",9.1,9.13,8.92,9.01,12810400,8.679783
"879",8.96,9.14,8.93,9.12,13513600,8.785751
"880",9.12,9.17,9,9.01,8316600,8.679783
"881",9.12,9.24,9.1,9.24,10959200,8.901353
"882",9.26,9.33,9.24,9.3,11708200,8.959155
"883",9.3,9.48,9.25,9.44,18720800,9.094023
"884",9.48,9.49,9.29,9.3,10157300,8.959155
"885",9.28,9.46,9.27,9.43,12030000,9.08439
"886",9.43,9.44,9.29,9.36,6803500,9.016955
"887",9.43,9.56,9.4,9.51,7881800,9.161458
"888",9.48,9.48,9.32,9.39,7425200,9.093667
"889",9.44,9.54,9.26,9.52,10362700,9.219565
"890",9.5,9.58,9.45,9.55,6164100,9.248618
"891",9.63,9.63,9.51,9.56,10779200,9.258302
"892",9.62,9.65,9.55,9.63,5185500,9.326093
"893",9.59,9.7,9.59,9.66,2230600,9.355146
"894",9.7,9.73,9.64,9.65,5579100,9.345461
"895",9.65,9.66,9.6,9.61,3418400,9.306723
"896",9.61,9.64,9.56,9.58,3452100,9.277671
"897",9.58,9.68,9.58,9.65,4262600,9.345461
"898",9.6,9.66,9.53,9.54,7039100,9.238933
"899",9.59,9.68,9.58,9.6,6096500,9.29704
"900",9.65,9.8,9.58,9.58,9729600,9.277671
"901",9.62,9.8,9.62,9.72,11770300,9.413253
"902",9.75,9.79,9.68,9.75,9013700,9.442306
"903",9.8,9.87,9.73,9.77,10238300,9.461675
"904",9.74,9.81,9.68,9.79,9661800,9.481043
"905",9.8,9.83,9.64,9.67,6751200,9.36483
"906",9.68,9.78,9.63,9.77,8115700,9.461675
"907",9.8,9.91,9.73,9.9,13932200,9.587572
"908",9.64,9.7,9.43,9.63,23518000,9.326093
"909",9.68,9.72,9.52,9.63,11801900,9.326093
"910",9.69,9.87,9.66,9.87,10448400,9.558519
"911",9.86,9.91,9.78,9.89,7914700,9.577888
"912",9.85,9.85,9.67,9.75,9554600,9.442306
"913",9.67,9.69,9.42,9.42,9801100,9.12272
"914",9.43,9.51,9.28,9.34,10298100,9.045245
"915",9.37,9.44,9.32,9.35,9215600,9.054929
"916",9.29,9.43,9.18,9.2,16892500,8.909663
"917",9.27,9.31,9.13,9.26,14176400,8.967769
"918",9.14,9.2,9.07,9.07,11000500,8.783765
"919",9.02,9.07,8.66,8.72,31464000,8.444811
"920",8.74,8.96,8.73,8.86,16996400,8.580392
"921",8.78,8.92,8.75,8.84,13264600,8.561024
"922",8.85,9.05,8.83,9.03,11014100,8.745027
"923",9.09,9.16,8.96,9.03,10808400,8.745027
"924",9.01,9.08,8.94,9.03,7357100,8.745027
"925",9.04,9.15,9.01,9.13,5712100,8.841872
"926",9.14,9.27,9.09,9.12,7096700,8.832187
"927",9.08,9.12,9,9.09,6460600,8.803134
"928",9.09,9.2,9.07,9.12,4511500,8.832187
"929",9.12,9.15,9.05,9.06,9712800,8.774081
"930",9,9.05,8.82,8.85,11170500,8.570709
"931",8.85,8.99,8.77,8.95,12283500,8.667552
"932",8.97,9.15,8.97,9.11,10825300,8.822503
"933",9.1,9.33,9.09,9.27,11593200,8.977454
"934",9.26,9.32,9.2,9.29,8376800,8.996822
"935",9.34,9.4,9.24,9.35,9565200,9.054929
"936",9.36,9.48,9.31,9.42,10420500,9.12272
"937",9.42,9.59,9.42,9.53,10610400,9.229248
"938",9.5,9.57,9.44,9.52,11803100,9.219565
"939",9.63,9.7,9.59,9.69,8562100,9.384199
"940",9.69,9.73,9.6,9.65,9245800,9.345461
"941",9.68,9.76,9.65,9.7,10814400,9.393883
"942",9.71,9.91,9.67,9.8,13465600,9.490728
"943",9.79,9.85,9.72,9.8,7253000,9.490728
"944",9.82,9.84,9.66,9.71,6946800,9.403568
"945",9.69,9.69,9.58,9.69,8656600,9.384199
"946",9.73,9.76,9.56,9.61,8285300,9.306723
"947",9.55,9.69,9.54,9.57,8564600,9.316459
"948",9.66,9.71,9.61,9.65,6630000,9.394339
"949",9.68,9.78,9.65,9.75,5770400,9.49169
"950",9.71,9.86,9.67,9.8,7724300,9.540366
"951",9.73,10.08,9.73,10.01,13705300,9.744802
"952",10.01,10.11,9.86,9.89,14938600,9.627981
"953",9.94,9.97,9.82,9.9,7057200,9.637716
"954",9.93,9.98,9.84,9.96,9033100,9.696127
"955",10.02,10.07,9.86,9.88,12531400,9.618246
"956",9.91,10.02,9.68,9.71,11010300,9.45275
"957",9.73,9.9,9.71,9.86,9027100,9.598776
"958",9.9,10.01,9.88,9.97,5255000,9.705862
"959",10.02,10.19,9.97,10.16,11499600,9.890828
"960",10.21,10.24,10.07,10.13,8433100,9.861623
"961",10.16,10.21,10.08,10.2,5272700,9.929768
"962",10.25,10.29,10.02,10.06,9988000,9.793478
"963",10.02,10.04,9.8,9.88,8416100,9.618246
"964",9.87,9.97,9.81,9.9,7772200,9.637716
"965",9.92,9.96,9.79,9.87,8045700,9.608511
"966",9.84,9.89,9.39,9.42,23297200,9.170433
"967",9.31,9.52,9.1,9.41,18919100,9.160698
"968",9.53,9.57,9.27,9.37,9296300,9.121758
"969",9.41,9.56,9.26,9.47,13229900,9.219109
"970",9.51,9.55,9.17,9.31,20778600,9.063348
"971",9.1,9.26,9.02,9.21,27894000,8.965997
"972",9.23,9.32,9.15,9.24,7625300,8.995202
"973",9.22,9.42,9.17,9.37,9516800,9.121758
"974",9.35,9.46,9.3,9.45,7812800,9.199638
"975",9.47,9.47,9.3,9.33,10052800,9.082817
"976",9.34,9.34,9.16,9.16,11027800,8.917321
"977",9.24,9.24,9,9.07,18352100,8.829705
"978",9.15,9.16,8.99,9.05,22319900,8.810236
"979",9.01,9.2,9.01,9.16,11595500,8.917321
"980",9.18,9.21,9.05,9.08,9491700,8.839441
"981",9.1,9.3,9.08,9.14,8506200,8.897851
"982",9.16,9.18,9.01,9.11,6987900,8.868646
"983",9.04,9.11,9,9.02,9044900,8.781031
"984",9.05,9.16,9,9.15,10477100,8.907586
"985",9.11,9.29,9.1,9.2,13287000,8.956261
"986",9.19,9.25,9.09,9.24,10450200,8.995202
"987",9.26,9.42,9.24,9.42,8896600,9.170433
"988",9.44,9.47,9.36,9.37,7423600,9.121758
"989",9.34,9.37,9.16,9.16,6905600,8.917321
"990",9.1,9.12,8.89,9.04,11553300,8.8005
"991",9.04,9.07,8.92,9,9208000,8.76156
"992",8.93,9.12,8.92,9.12,6563600,8.878381
"993",9.09,9.1,8.94,9.02,9931500,8.781031
"994",9.09,9.15,9.04,9.1,5571300,8.858911
"995",9.13,9.14,9.02,9.06,8721900,8.819971
"996",9.04,9.13,9.03,9.1,5803800,8.858911
"997",9.15,9.25,9.11,9.17,8805300,8.927056
"998",9.17,9.35,9.11,9.21,9315300,8.965997
"999",9.24,9.25,9.14,9.24,9149100,8.995202
"1000",9.22,9.32,9.22,9.27,5962600,9.024407
"1001",9.28,9.37,9.21,9.36,5490800,9.112022
"1002",9.31,9.47,9.29,9.37,6359700,9.121758
"1003",9.35,9.45,9.34,9.42,7502600,9.170433
"1004",9.39,9.54,9.36,9.52,6084900,9.267784
"1005",9.55,9.6,9.51,9.56,5998700,9.306724
"1006",9.59,9.72,9.56,9.72,6237300,9.462485
"1007",9.71,9.72,9.61,9.71,5254100,9.45275
"1008",9.65,9.67,9.51,9.53,13722500,9.277518
"1009",9.56,9.59,9.43,9.48,7067100,9.228843
"1010",9.45,9.56,9.4,9.44,10214300,9.23863
"1011",9.42,9.45,9.35,9.38,7095700,9.17991
"1012",9.35,9.6,9.35,9.48,13582400,9.277776
"1013",9.52,9.6,9.48,9.55,8966900,9.346284
"1014",9.59,9.6,9.47,9.55,5535200,9.346284
"1015",9.57,9.68,9.57,9.62,8547200,9.41479
"1016",9.6,9.68,9.57,9.66,7891500,9.453937
"1017",9.6,9.72,9.53,9.55,5626000,9.346284
"1018",9.5,9.61,9.4,9.57,6702900,9.365857
"1019",9.55,9.61,9.42,9.58,5751400,9.375644
"1020",9.54,9.6,9.5,9.56,6577900,9.356071
"1021",9.57,9.6,9.51,9.54,4461600,9.336497
"1022",9.56,9.73,9.55,9.64,6796400,9.434364
"1023",9.64,9.72,9.57,9.59,5374500,9.385431
"1024",9.65,9.72,9.62,9.7,3903300,9.493084
"1025",9.68,9.73,9.64,9.66,5195500,9.453937
"1026",9.65,9.66,9.49,9.59,8333400,9.385431
"1027",9.63,9.71,9.59,9.67,7192800,9.463724
"1028",9.51,9.63,9.45,9.57,7788500,9.365857
"1029",9.54,9.67,9.5,9.62,7305600,9.41479
"1030",9.69,9.72,9.6,9.63,6105000,9.424577
"1031",9.63,9.79,9.63,9.76,8823600,9.551804
"1032",9.77,9.8,9.61,9.63,7633900,9.424577
"1033",9.58,9.63,9.29,9.3,12546900,9.101617
"1034",9.74,9.78,9.56,9.75,16464400,9.542017
"1035",9.86,9.86,9.69,9.74,10101400,9.53223
"1036",9.84,9.88,9.77,9.84,14017600,9.630098
"1037",9.9,9.93,9.82,9.86,7802200,9.649671
"1038",9.9,10.01,9.87,9.97,9856400,9.757325
"1039",9.95,10,9.91,9.98,7138300,9.767111
"1040",9.98,9.99,9.81,9.85,6131500,9.639885
"1041",9.88,9.96,9.83,9.84,8300900,9.630098
"1042",9.88,9.96,9.83,9.91,6110300,9.698604
"1043",9.94,9.95,9.81,9.82,10190600,9.610524
"1044",9.78,9.85,9.61,9.7,8765700,9.493084
"1045",9.69,9.77,9.58,9.7,7190300,9.493084
"1046",9.66,9.71,9.52,9.56,9536000,9.356071
"1047",9.55,9.64,9.5,9.56,4457700,9.356071
"1048",9.59,9.64,9.44,9.46,7384200,9.258204
"1049",9.49,9.53,9.41,9.51,7928500,9.307137
"1050",9.52,9.56,9.44,9.47,9993600,9.26799
"1051",9.49,9.61,9.43,9.59,11535700,9.385431
"1052",9.64,9.74,9.59,9.65,8781600,9.44415
"1053",9.66,9.72,9.65,9.67,4024200,9.463724
"1054",9.71,9.74,9.56,9.62,6699400,9.41479
"1055",9.68,9.77,9.65,9.74,6496300,9.53223
"1056",9.75,9.82,9.67,9.69,7956600,9.483297
"1057",9.69,9.74,9.64,9.72,6350800,9.512658
"1058",9.74,9.87,9.7,9.84,4988000,9.630098
"1059",9.81,9.87,9.78,9.84,5247900,9.630098
"1060",9.9,9.92,9.85,9.91,4679900,9.698604
"1061",9.93,9.95,9.88,9.9,3766800,9.688817
"1062",9.89,9.95,9.82,9.83,3620700,9.620311
"1063",9.76,9.85,9.74,9.81,3262900,9.600738
"1064",9.83,9.88,9.78,9.84,2920000,9.630098
"1065",9.89,9.94,9.82,9.91,5846000,9.698604
"1066",9.93,9.96,9.83,9.89,6216500,9.679031
"1067",9.92,9.97,9.88,9.92,7178300,9.708391
"1068",9.88,9.97,9.85,9.96,10500800,9.747538
"1069",9.95,9.99,9.89,9.96,5481300,9.747538
"1070",9.93,9.93,9.81,9.85,4908300,9.639885
"1071",9.87,9.99,9.83,9.93,4595500,9.718178
"1072",9.88,9.97,9.88,9.96,5927700,9.747538
"1073",9.97,10.14,9.96,10.13,12931000,9.913912
"1074",10.1,10.1,10,10.04,8293400,9.87457
"1075",10,10.13,9.99,10.02,6546800,9.8549
"1076",10.01,10.2,10.01,10.1,7918900,9.933582
"1077",10.14,10.26,10.11,10.21,11193600,10.041769
"1078",10.29,10.3,10.06,10.08,10708800,9.913911
"1079",10.08,10.14,10.01,10.04,7338700,9.87457
"1080",10.01,10.07,9.92,9.92,6963200,9.756548
"1081",9.95,9.98,9.85,9.95,6920100,9.786053
"1082",9.89,9.95,9.79,9.8,8530300,9.638525
"1083",9.8,9.88,9.77,9.86,6361000,9.697536
"1084",9.74,9.85,9.66,9.79,5074000,9.62869
"1085",9.77,9.84,9.72,9.73,7349200,9.569678
"1086",9.73,9.75,9.58,9.6,12751400,9.441821
"1087",9.6,9.73,9.5,9.68,10915300,9.520502
"1088",9.76,9.84,9.74,9.78,7523600,9.618854
"1089",9.8,9.87,9.7,9.74,7262800,9.579513
"1090",9.72,9.78,9.56,9.56,7837700,9.40248
"1091",9.56,9.77,9.55,9.76,7181800,9.599184
"1092",9.77,9.77,9.53,9.54,8154600,9.382809
"1093",9.53,9.63,9.44,9.45,8296200,9.294292
"1094",9.46,9.58,9.41,9.41,15613400,9.254951
"1095",9.48,9.58,9.42,9.51,10875200,9.353303
"1096",9.4,9.4,8.99,9.18,14901100,9.028741
"1097",8.96,9.26,8.8,9.19,16853400,9.038576
"1098",9.32,9.43,9.01,9.13,16722500,8.979565
"1099",9.06,9.18,9.06,9.12,11692500,8.969729
"1100",9.15,9.38,9.15,9.37,10025500,9.21561
"1101",9.34,9.47,9.3,9.32,8441300,9.166434
"1102",9.44,9.5,9.39,9.43,8480000,9.274622
"1103",9.4,9.5,9.39,9.49,5713100,9.333633
"1104",9.5,9.58,9.46,9.56,8101900,9.40248
"1105",9.56,9.72,9.55,9.72,5239200,9.559843
"1106",9.7,9.85,9.65,9.81,7985000,9.648361
"1107",9.75,9.87,9.71,9.76,6975500,9.599184
"1108",9.88,9.91,9.81,9.91,8530900,9.746712
"1109",9.95,9.95,9.82,9.86,6848600,9.697536
"1110",9.83,9.92,9.78,9.9,5703200,9.736877
"1111",9.95,10.04,9.89,10.04,7177200,9.87457
"1112",10.05,10.09,9.91,10.08,11691500,9.913911
"1113",10.1,10.2,10.05,10.09,13724000,9.923747
"1114",10.11,10.24,10.09,10.13,9506800,9.963088
"1115",10.12,10.19,10.05,10.12,6765300,9.953252
"1116",10.08,10.18,10.07,10.17,6458500,10.002428
"1117",10.17,10.17,10.07,10.1,5589600,9.933582
"1118",10.1,10.16,10.06,10.1,8045300,9.933582
"1119",10.06,10.1,9.94,10.09,9469500,9.923747
"1120",10.11,10.17,10.07,10.14,6613600,9.972923
"1121",10.15,10.17,10.03,10.12,6592600,9.953252
"1122",10.04,10.15,10.03,10.15,5925600,9.982758
"1123",10.23,10.25,10.06,10.13,6676700,9.963088
"1124",10.17,10.24,10.07,10.18,8122400,10.012264
"1125",10.2,10.28,10.1,10.11,38488800,9.943417
"1126",10.12,10.25,10.12,10.25,9314200,10.08111
"1127",10.3,10.34,10.09,10.11,5173900,9.943417
"1128",10.11,10.14,9.93,9.98,8511800,9.815559
"1129",10.01,10.14,10.01,10.04,8836800,9.87457
"1130",10.02,10.16,10.01,10.15,5684700,9.982758
"1131",10.1,10.2,10.1,10.18,5440500,10.012264
"1132",10.25,10.45,10.21,10.43,7985600,10.258145
"1133",10.43,10.5,10.33,10.41,6725800,10.238474
"1134",10.26,10.47,10.25,10.46,7124200,10.28765
"1135",10.41,10.46,10.21,10.23,9434800,10.061439
"1136",10.3,10.38,10.21,10.25,9904800,10.08111
"1137",10.17,10.24,10.06,10.06,8466200,9.894241
"1138",10.12,10.15,9.91,10.01,8783400,9.845065
"1139",9.94,10.16,9.92,10.06,12617700,9.894241
"1140",10.07,10.23,9.97,10.19,10158300,10.082231
"1141",10.34,10.47,10.27,10.47,11372200,10.359271
"1142",10.5,10.55,10.33,10.33,24380900,10.220751
"1143",10.35,10.46,10.34,10.44,5411200,10.329587
"1144",10.46,10.62,10.45,10.61,5879600,10.497789
"1145",10.63,10.64,10.52,10.56,5652100,10.448319
"1146",10.57,10.63,10.55,10.57,2920700,10.458213
"1147",10.56,10.74,10.55,10.7,4339400,10.586838
"1148",10.65,10.73,10.56,10.66,3905700,10.547261
"1149",10.72,10.73,10.51,10.52,5579000,10.408742
"1150",10.6,10.6,10.41,10.5,6410200,10.388953
"1151",10.46,10.48,10.19,10.19,7511800,10.082231
"1152",10.19,10.25,9.86,9.92,11543200,9.815087
"1153",10.03,10.14,9.94,10.05,13178300,9.943712
"1154",10.13,10.3,10.11,10.28,11257800,10.17128
"1155",10.18,10.29,9.95,9.99,10312700,9.884347
"1156",10,10.04,9.89,10.01,11017200,9.904136
"1157",10.1,10.26,9.89,9.98,15076700,9.874452
"1158",9.88,9.89,9.65,9.85,14271100,9.745828
"1159",9.8,9.86,9.65,9.71,10945200,9.607308
"1160",9.66,9.93,9.63,9.92,10062200,9.815087
"1161",9.94,9.95,9.71,9.77,8346700,9.666674
"1162",9.77,9.88,9.7,9.76,13969700,9.65678
"1163",9.81,10.18,9.72,10.15,12438800,10.042654
"1164",10.14,10.2,9.97,10.04,10773900,9.933818
"1165",10.06,10.19,10.03,10.17,7661500,10.062443
"1166",10.04,10.14,9.96,10.03,11043900,9.923924
"1167",10.11,10.15,9.76,9.77,10053000,9.666674
"1168",9.82,10.08,9.77,10.08,15199600,9.973395
"1169",9.93,10.11,9.89,10.02,12693500,9.91403
"1170",10.09,10.3,9.98,10.27,12822900,10.161386
"1171",10.3,10.48,10.28,10.37,13757400,10.260328
"1172",10.35,10.35,10.16,10.22,15902300,10.111915
"1173",10.25,10.35,10.23,10.31,13630700,10.200963
"1174",10.42,10.55,10.37,10.41,12515000,10.299905
"1175",10.34,10.46,10.27,10.37,6814800,10.260328
"1176",10.46,10.61,10.44,10.6,9093900,10.487896
"1177",10.57,10.59,10.46,10.5,7197900,10.388953
"1178",10.57,10.71,10.49,10.71,8227900,10.596732
"1179",10.71,10.75,10.61,10.69,4351400,10.576943
"1180",10.64,10.75,10.6,10.7,4669100,10.586838
"1181",10.68,10.75,10.62,10.63,5515000,10.517578
"1182",10.62,10.72,10.5,10.64,6359100,10.527473
"1183",10.59,10.73,10.51,10.72,6921200,10.606627
"1184",10.66,10.72,10.59,10.67,6212600,10.557155
"1185",10.7,10.97,10.69,10.96,12725900,10.844088
"1186",10.94,11.02,10.92,10.98,12424800,10.863876
"1187",10.93,10.98,10.88,10.97,8900300,10.853983
"1188",10.94,11,10.89,10.94,5375800,10.824299
"1189",10.91,10.99,10.87,10.96,7315500,10.844088
"1190",10.89,10.98,10.83,10.92,7149800,10.804511
"1191",10.86,10.87,10.71,10.82,9579900,10.705569
"1192",10.82,10.88,10.69,10.87,7668300,10.75504
"1193",10.88,11.18,10.8,11.01,17018800,10.89356
"1194",11.03,11.14,11.01,11.09,8463100,10.972714
"1195",10.93,10.94,10.75,10.76,12554900,10.646204
"1196",10.76,10.86,10.75,10.86,6029300,10.745145
"1197",10.97,11.21,10.96,11.2,8441900,11.08155
"1198",11.17,11.18,11.02,11.12,10300300,11.002396
"1199",11.12,11.17,11.05,11.14,6507600,11.08198
"1200",11.12,11.24,10.98,11.22,10065400,11.161563
"1201",11.2,11.3,11.05,11.17,8961300,11.111823
"1202",11.16,11.22,10.99,11.1,8434100,11.042188
"1203",11.2,11.3,11.07,11.27,10078200,11.211303
"1204",11.27,11.3,11.15,11.15,4899100,11.091927
"1205",11.11,11.11,10.99,11.02,10379300,10.962605
"1206",11.03,11.09,10.82,10.82,7805200,10.763646
"1207",10.82,10.91,10.68,10.88,8535300,10.823334
"1208",10.85,10.88,10.76,10.83,4486100,10.773594
"1209",10.92,11.02,10.89,11.01,4342800,10.952657
"1210",10.92,11.12,10.89,11.05,8764400,10.992448
"1211",11.03,11.06,10.9,11,7324700,10.942709
"1212",11,11.08,10.97,11.04,5585400,10.9825
"1213",10.91,11.12,10.84,11.06,6547100,11.002396
"1214",11.07,11.18,11.04,11.1,6852700,11.042188
"1215",11.14,11.18,11.03,11.06,10078500,11.002396
"1216",11.09,11.13,10.98,11.09,10253800,11.03224
"1217",11.13,11.15,11.01,11.05,8593000,10.992448
"1218",11.05,11.3,11.05,11.28,8117500,11.22125
"1219",11.27,11.29,11.11,11.15,10587500,11.091927
"1220",11.15,11.32,11.15,11.27,9684900,11.211303
"1221",11.26,11.32,11.16,11.27,5137300,11.211303
"1222",11.19,11.25,11.06,11.11,7235500,11.052135
"1223",11.15,11.2,11.06,11.15,6826300,11.091927
"1224",11.2,11.26,11.14,11.17,7263200,11.111823
"1225",10.97,11.12,10.89,11.03,17110200,10.972552
"1226",11,11.01,10.91,10.94,8657500,10.883021
"1227",10.81,10.89,10.75,10.79,10552700,10.733802
"1228",10.86,10.94,10.69,10.71,12057300,10.654219
"1229",10.73,10.84,10.67,10.79,13316500,10.733802
"1230",10.71,10.96,10.71,10.89,11457300,10.833282
"1231",10.89,11.01,10.84,10.86,11572800,10.803437
"1232",10.96,10.97,10.81,10.89,4677500,10.833282
"1233",10.92,11.06,10.89,11.05,7564200,10.992448
"1234",10.97,11.07,10.95,10.98,10847900,10.922812
"1235",11.01,11.04,10.81,10.88,8042900,10.823334
"1236",10.87,10.95,10.83,10.91,7402200,10.853177
"1237",10.91,11,10.88,11,4963800,10.942709
"1238",11,11.15,10.95,11.09,7250800,11.03224
"1239",11.04,11.13,10.95,11.1,6730300,11.042188
"1240",11.07,11.24,11.03,11.2,8314600,11.141667
"1241",11.25,11.25,11.13,11.23,6011800,11.17151
"1242",11.26,11.27,11,11.08,5403500,11.022292
"1243",11.08,11.3,11.07,11.26,6830100,11.201355
"1244",11.28,11.49,11.28,11.45,10554000,11.390365
"1245",11.44,11.45,11.33,11.35,5443200,11.290886
"1246",11.31,11.41,11.29,11.34,6637800,11.280938
"1247",11.34,11.4,11.26,11.26,4964200,11.201355
"1248",11.17,11.23,11.13,11.13,14093200,11.072032
"1249",11.14,11.3,11.12,11.27,10991400,11.211303
"1250",11.24,11.32,11.21,11.28,9811400,11.22125
"1251",11.3,11.31,11.12,11.13,12263500,11.072032
"1252",11.15,11.21,10.94,11.04,12028800,10.9825
"1253",11.04,11.2,11.02,11.17,7446100,11.111823
"1254",11.18,11.27,11.15,11.27,9604800,11.211303
"1255",11.24,11.29,11.14,11.16,8946000,11.101875
"1256",11.27,11.34,11.18,11.34,9324600,11.280938
"1257",11.32,11.4,11.26,11.27,13668100,11.211303
"1258",11.29,11.45,11.24,11.39,11778600,11.330678
"1259",11.43,11.55,11.41,11.44,12088000,11.380416
