"","PBCT.Open","PBCT.High","PBCT.Low","PBCT.Close","PBCT.Volume","PBCT.Adjusted"
"1",14.28,14.29,14,14.24,6328200,11.211083
"2",14.1,14.2,14.02,14.18,4984400,11.163846
"3",14.23,14.31,14.07,14.08,3723600,11.085116
"4",14.12,14.23,14.05,14.19,5620700,11.171718
"5",14.18,14.7,14.1,14.58,12052000,11.478763
"6",14.67,14.67,14.39,14.58,4904700,11.478763
"7",14.61,14.69,14.47,14.54,5542200,11.447272
"8",14.59,14.66,14.52,14.66,5502700,11.541747
"9",14.65,14.67,14.16,14.2,7229800,11.179591
"10",14.18,14.31,14.05,14.12,4269600,11.116608
"11",14.05,14.13,13.83,13.87,5518600,10.919784
"12",13.93,14.02,13.79,14.01,5471900,11.030005
"13",13.98,14.03,13.74,13.78,6873200,10.848927
"14",13.68,13.75,13.5,13.53,7713700,10.652103
"15",13.59,13.8,13.49,13.5,7137500,10.628485
"16",13.48,13.69,13.27,13.52,5699000,10.644231
"17",13.65,13.66,13.27,13.36,3984300,10.518263
"18",13.64,13.67,13.34,13.42,11870300,10.565501
"19",13.41,13.83,13.4,13.81,3922000,10.872547
"20",13.78,13.94,13.52,13.72,5613700,10.80169
"21",13.74,13.89,13.68,13.88,2873900,10.927657
"22",13.8,14.25,13.8,14.11,6131500,11.108734
"23",14.25,14.34,14.05,14.11,7569800,11.108734
"24",14.08,14.13,13.99,14.09,3031800,11.092989
"25",14.08,14.23,13.84,14.15,5881600,11.140226
"26",14,14.05,13.47,13.63,8585500,10.730833
"27",13.64,13.89,13.56,13.78,4741500,10.848927
"28",13.69,14.09,13.65,14.08,3644300,11.085116
"29",14.15,14.15,13.6,13.63,5038200,10.730833
"30",13.79,13.98,13.71,13.93,3532500,10.967022
"31",13.93,14.06,13.69,14.05,4556300,11.061497
"32",14.14,14.24,14.01,14.18,3072200,11.163846
"33",14.22,14.35,14.02,14.2,5113400,11.179591
"34",14,14.2,13.87,13.96,2788300,11.111932
"35",14.01,14.12,13.77,13.84,6237000,11.016414
"36",13.8,13.9,13.77,13.84,3187300,11.016414
"37",13.96,13.99,13.73,13.9,3924500,11.064173
"38",13.88,13.92,13.69,13.75,4412400,10.944775
"39",13.79,13.82,13.63,13.67,2473800,10.881097
"40",13.62,13.71,13.61,13.68,3015200,10.889057
"41",13.64,13.71,13.42,13.57,3241900,10.801498
"42",13.68,13.7,13.51,13.68,2346800,10.889057
"43",13.62,13.89,13.57,13.75,5012100,10.944775
"44",13.64,13.65,13.38,13.4,3489900,10.666181
"45",13.25,13.41,13.2,13.25,3588600,10.546784
"46",13.21,13.36,13.15,13.22,2285600,10.522904
"47",13.22,13.36,13.12,13.36,2779100,10.634342
"48",13.42,13.58,13.35,13.48,2640800,10.72986
"49",13.46,13.5,13.35,13.43,3072700,10.690061
"50",13.35,13.49,13.12,13.13,2951100,10.451266
"51",13.1,13.25,13.07,13.24,4029300,10.538824
"52",13.27,13.33,13.13,13.14,8716900,10.459226
"53",13.05,13.05,12.83,12.84,3763000,10.22043
"54",12.8,12.89,12.68,12.78,3367800,10.172671
"55",12.84,12.91,12.67,12.67,2056100,10.085113
"56",12.83,12.83,12.62,12.79,2715500,10.180631
"57",12.78,12.79,12.62,12.63,1855000,10.053274
"58",12.57,12.75,12.57,12.7,2719200,10.108992
"59",12.81,12.85,12.56,12.73,4243700,10.132872
"60",12.73,12.81,12.62,12.72,3871900,10.124913
"61",12.83,13,12.76,12.88,2417200,10.25227
"62",12.88,13.06,12.82,12.95,3336400,10.307988
"63",12.95,13.11,12.94,13.06,2694900,10.395547
"64",13.24,13.26,13.01,13.16,4091000,10.475145
"65",13.22,13.23,13.07,13.1,2128200,10.427386
"66",13.22,13.28,13.16,13.26,1977100,10.554744
"67",13.31,13.32,13.11,13.11,4019500,10.435346
"68",13.11,13.2,13.04,13.14,2994300,10.459226
"69",13.1,13.16,12.93,13.03,2559000,10.371667
"70",13.1,13.11,12.93,12.96,3361900,10.315948
"71",13.01,13.2,12.98,13.1,2836700,10.427386
"72",13.12,13.2,13,13,4566000,10.347788
"73",13.03,13.05,12.83,12.85,2295000,10.22839
"74",12.83,13.03,12.76,12.79,2748200,10.180631
"75",12.89,13.18,12.85,13.16,2723300,10.475145
"76",13.1,13.14,12.89,12.9,4210000,10.268189
"77",12.91,13.07,12.82,13.05,2948900,10.387587
"78",13,13.19,12.96,13.04,3053400,10.379627
"79",13.1,13.29,13.04,13.09,2949900,10.419426
"80",13.12,13.23,12.96,13.04,2986200,10.379627
"81",13.07,13.15,12.99,13.11,2415300,10.435346
"82",13.23,13.33,13.14,13.29,4254000,10.578623
"83",13.38,13.45,13.3,13.43,2287200,10.690061
"84",13.45,13.51,13.3,13.39,2672200,10.658222
"85",13.42,13.44,13.26,13.32,2360600,10.602502
"86",13.31,13.37,13.24,13.28,1651400,10.570663
"87",13.23,13.36,13.16,13.33,1829600,10.610462
"88",13.4,13.4,13.26,13.27,1973300,10.562704
"89",13.22,13.28,13.08,13.19,3494700,10.499024
"90",13.22,13.3,13.11,13.15,3534000,10.467185
"91",13.16,13.22,13.1,13.16,6364700,10.475145
"92",13.06,13.26,13.06,13.18,7066600,10.491065
"93",13.23,13.24,13.13,13.19,3803400,10.499024
"94",13.25,13.28,13.03,13.05,2634900,10.387587
"95",13,13.09,12.56,12.61,6650500,10.037354
"96",12.7,12.76,12.61,12.66,7368200,10.077153
"97",12.6,12.63,12.43,12.57,5333400,10.005515
"98",12.5,12.58,12.47,12.55,4869100,9.989595
"99",12.5,12.52,12.23,12.23,4018800,9.856616
"100",12.23,12.43,12.2,12.3,5420200,9.913032
"101",12.35,12.45,12.22,12.41,4970200,10.001685
"102",12.59,12.59,12.34,12.47,4345000,10.050041
"103",12.5,12.53,12.35,12.46,6663600,10.041982
"104",12.46,12.6,12.35,12.59,10966300,10.146754
"105",12.54,12.75,12.5,12.69,6036100,10.227347
"106",12.65,12.68,12.47,12.52,3890600,10.090338
"107",12.52,12.67,12.51,12.56,4694200,10.122576
"108",12.58,12.7,12.55,12.67,4216700,10.211229
"109",12.62,12.67,12.55,12.61,3091200,10.162872
"110",12.55,12.61,12.47,12.5,2700800,10.074219
"111",12.7,12.75,12.62,12.66,3842000,10.203169
"112",12.62,12.65,12.43,12.49,4845400,10.06616
"113",12.54,12.73,12.45,12.54,4305900,10.106457
"114",12.64,12.68,12.51,12.55,2977800,10.114516
"115",12.52,12.62,12.44,12.54,3753600,10.106457
"116",12.51,12.55,12.36,12.47,4559700,10.050041
"117",12.42,12.49,12.29,12.29,4344400,9.904972
"118",12.38,12.43,12.28,12.36,3639300,9.961388
"119",12.25,12.36,12.25,12.36,1589000,9.961388
"120",12.31,12.39,12.25,12.36,2725100,9.961388
"121",12.27,12.5,12.27,12.39,3916500,9.985566
"122",12.52,12.59,12.46,12.56,5439500,10.122576
"123",12.57,12.95,12.57,12.91,6845400,10.404653
"124",12.83,13.01,12.76,12.96,10095100,10.44495
"125",12.99,13.06,12.86,13.03,4826400,10.501366
"126",13.17,13.24,13,13.06,4708100,10.525544
"127",13.08,13.47,13.07,13.47,7674800,10.855979
"128",13.52,13.58,13.26,13.45,6566600,10.83986
"129",13.5,13.62,13.31,13.6,5352100,10.960751
"130",13.68,13.69,13.42,13.43,3891500,10.823741
"131",13.47,13.53,13.35,13.39,4303700,10.791504
"132",13.4,13.61,13.34,13.45,4534300,10.83986
"133",13.5,13.6,13.38,13.49,2885100,10.872097
"134",13.49,13.61,13.46,13.61,6311800,10.968809
"135",13.61,13.73,13.61,13.66,2016900,11.009107
"136",13.71,13.75,13.62,13.67,2842600,11.017166
"137",13.69,13.99,13.68,13.95,3374900,11.242828
"138",13.95,14.03,13.83,13.92,2780800,11.21865
"139",13.9,14.06,13.9,14.01,1320400,11.291185
"140",14.04,14.09,13.98,14.06,1238200,11.331482
"141",14.07,14.14,14.04,14.04,2076300,11.315363
"142",13.99,14.17,13.98,14.1,2102500,11.363719
"143",14.11,14.15,13.98,14.01,1702900,11.291185
"144",14.09,14.17,14.03,14.09,3057900,11.35566
"145",14.15,14.19,13.87,14.05,3307200,11.323422
"146",14.05,14.2,14.03,14.15,3690800,11.404016
"147",14.19,14.21,14.12,14.16,4269800,11.412075
"148",14.2,14.24,13.96,14.24,6019900,11.47655
"149",14.2,14.22,13.88,14.03,6332100,11.307303
"150",14.08,14.18,13.99,14.04,2347800,11.315363
"151",14.06,14.23,14.06,14.14,2335400,11.395957
"152",14.16,14.28,14.09,14.21,3314700,11.452372
"153",14.25,14.44,14.21,14.42,2562500,11.621619
"154",14.48,14.49,14.19,14.24,4695000,11.47655
"155",14.24,14.25,13.86,13.95,6298000,11.242828
"156",14.06,14.08,13.49,13.69,9099100,11.033284
"157",13.26,13.35,12.94,13.2,23484900,10.638375
"158",13.2,13.36,13.12,13.2,11742500,10.638375
"159",13.09,13.4,13.09,13.36,5914500,10.767325
"160",13.44,13.44,13.27,13.32,3342000,10.735088
"161",13.31,13.47,13.31,13.33,3317700,10.743147
"162",13.25,13.31,12.93,12.96,6593000,10.567832
"163",13.03,13.08,12.84,12.91,4315400,10.527061
"164",13.03,13.22,12.95,13.2,4642500,10.763532
"165",13.18,13.25,13.12,13.18,4036400,10.747224
"166",13.11,13.22,13.09,13.21,4572200,10.771687
"167",13.19,13.24,13.15,13.19,2416500,10.755378
"168",13.29,13.35,13.04,13.15,4515600,10.722761
"169",13.2,13.39,13.07,13.36,4121900,10.893999
"170",13.32,13.36,13.22,13.28,3331600,10.828766
"171",13.2,13.25,13.09,13.1,3921700,10.681991
"172",13.1,13.21,13.1,13.13,5528200,10.706453
"173",13.19,13.33,13.08,13.31,4332600,10.853229
"174",13.32,13.48,13.22,13.41,4096800,10.934771
"175",13.48,13.54,13.39,13.52,3489600,11.024467
"176",13.47,13.55,13.28,13.36,2737900,10.893999
"177",13.38,13.43,13.29,13.39,2635400,10.918463
"178",13.29,13.41,13.23,13.24,3371100,10.796149
"179",13.23,13.31,13.03,13.1,4029100,10.681991
"180",13.11,13.14,12.89,12.91,3700200,10.527061
"181",12.96,13.19,12.92,13.11,3239900,10.690145
"182",13.12,13.19,13.01,13.18,5271300,10.747224
"183",13.14,13.18,12.84,12.86,6098000,10.48629
"184",12.85,12.88,12.57,12.72,8140200,10.372132
"185",12.83,12.92,12.7,12.8,5735800,10.437365
"186",12.74,12.77,12.51,12.67,4136000,10.331361
"187",12.73,12.74,12.42,12.43,3977500,10.13566
"188",12.51,12.72,12.5,12.7,4173800,10.355823
"189",12.7,12.74,12.58,12.69,2913000,10.347669
"190",12.58,12.63,12.51,12.56,3009700,10.241665
"191",12.55,12.64,12.48,12.55,2986000,10.23351
"192",12.5,12.52,12.38,12.43,7525300,10.13566
"193",12.25,12.46,12.17,12.3,9539600,10.029656
"194",12.29,12.43,12.2,12.22,6392400,9.964422
"195",12.38,12.38,12.22,12.35,2757000,10.070427
"196",12.45,12.53,12.33,12.46,5740700,10.160122
"197",12.52,12.53,12.24,12.36,5639800,10.07858
"198",12.37,12.44,12.32,12.43,2439200,10.13566
"199",12.4,12.42,12.18,12.2,5338000,9.948113
"200",12.27,12.51,12.17,12.37,14721000,10.086735
"201",12.42,12.81,12.4,12.64,10146900,10.306898
"202",12.69,12.71,12.56,12.56,3456100,10.241665
"203",12.57,12.72,12.56,12.6,3225300,10.274281
"204",12.62,12.66,12.51,12.57,7366700,10.249818
"205",12.59,12.7,12.56,12.58,4878600,10.257973
"206",12.6,12.72,12.59,12.69,4337400,10.347669
"207",12.68,12.72,12.64,12.67,1850300,10.331361
"208",12.68,12.99,12.62,12.85,5395400,10.478136
"209",12.9,13.26,12.88,13.1,7522700,10.681991
"210",13.1,13.21,13.02,13.09,3505100,10.673837
"211",13.1,13.16,12.8,12.88,3610800,10.502599
"212",12.89,13.16,12.88,13.08,3636200,10.665682
"213",13.03,13.07,12.83,12.85,4321300,10.478136
"214",12.88,12.97,12.84,12.86,4193800,10.48629
"215",12.87,12.88,12.75,12.81,2802100,10.445519
"216",12.85,12.97,12.83,12.95,2453600,10.559678
"217",12.82,12.94,12.75,12.82,3394900,10.453673
"218",12.88,12.92,12.7,12.74,2673100,10.38844
"219",12.84,12.94,12.74,12.84,3559600,10.469982
"220",13.2,13.48,13.12,13.2,6579000,10.763532
"221",13.26,13.4,13.18,13.3,4048200,10.845075
"222",13.39,13.49,13.36,13.48,4400000,10.99185
"223",13.38,13.53,13.34,13.49,4175800,11.130465
"224",13.48,13.64,13.41,13.64,4600000,11.254229
"225",13.64,13.7,13.51,13.7,4577400,11.303734
"226",13.73,13.75,13.48,13.56,3621100,11.188221
"227",13.57,13.81,13.51,13.69,9300000,11.295482
"228",13.71,13.81,13.56,13.79,4681500,11.377992
"229",13.74,13.74,13.45,13.5,3809600,11.138716
"230",13.6,13.67,13.47,13.51,2415300,11.146967
"231",13.55,13.58,13.42,13.48,2919300,11.122214
"232",13.49,13.61,13.43,13.56,4336300,11.188221
"233",13.56,13.61,13.41,13.43,3800000,11.08096
"234",13.39,13.43,13.23,13.26,7200000,10.940694
"235",13.28,13.3,13.1,13.16,5117100,10.858185
"236",13.16,13.39,13.1,13.3,4023900,10.973698
"237",13.29,13.4,13.26,13.4,2580100,11.056206
"238",13.39,13.45,13.3,13.37,4126300,11.031454
"239",13.44,13.53,13.38,13.5,3463100,11.138716
"240",13.51,13.58,13.41,13.41,2160600,11.064457
"241",13.22,13.42,13.2,13.31,3e+06,10.981949
"242",13.36,13.36,13.21,13.29,3026900,10.965447
"243",13.23,13.32,13.15,13.29,3297800,10.965447
"244",13.27,13.29,12.98,13.06,11621400,10.775676
"245",13.14,13.24,13.08,13.21,3166000,10.89944
"246",13.29,13.36,13.16,13.35,4403000,11.014952
"247",13.33,13.33,12.95,12.99,5368400,10.71792
"248",13.03,13.1,12.87,13.03,4156400,10.750923
"249",12.89,13,12.81,12.83,6584800,10.585905
"250",12.82,12.83,12.75,12.77,5175000,10.5364
"251",12.84,12.96,12.76,12.78,5023700,10.544651
"252",12.77,12.83,12.62,12.68,3667200,10.462142
"253",12.69,12.82,12.55,12.69,7711300,10.470392
"254",12.64,12.82,12.62,12.74,5729400,10.511647
"255",12.75,12.95,12.68,12.91,4385200,10.651912
"256",12.97,13.01,12.79,12.84,6939300,10.594156
"257",12.78,12.84,12.66,12.77,5073300,10.5364
"258",12.75,12.94,12.75,12.89,3784900,10.635411
"259",13.01,13.09,12.89,13.07,4519900,10.783927
"260",13.05,13.17,13,13.11,2650900,10.81693
"261",13.16,13.19,13.04,13.11,10499900,10.81693
"262",13.09,13.12,13.01,13.02,3149100,10.742673
"263",12.9,13,12.82,12.95,4651500,10.684916
"264",12.9,12.98,12.82,12.86,5138800,10.610658
"265",12.86,12.96,12.85,12.86,2934000,10.610658
"266",12.91,13.16,12.91,13.16,7384500,10.858185
"267",13.3,13.33,13.11,13.26,6267400,10.940694
"268",13.32,13.55,13.23,13.44,8245200,11.08921
"269",13.35,13.6,13.32,13.58,4569200,11.204723
"270",13.6,13.66,13.45,13.66,3985800,11.27073
"271",13.62,13.75,13.59,13.71,3414300,11.311985
"272",13.82,13.83,13.69,13.77,5181800,11.36149
"273",13.67,13.7,13.57,13.66,3245400,11.27073
"274",13.55,13.6,13.41,13.46,2624900,11.105712
"275",13.48,13.71,13.42,13.61,4111200,11.229475
"276",13.66,13.96,13.65,13.78,9767000,11.369741
"277",13.85,13.86,13.48,13.55,9827900,11.17997
"278",13.64,13.65,13.46,13.56,8638200,11.188221
"279",13.5,13.54,13.34,13.4,7663900,11.056206
"280",13.36,13.49,13.24,13.47,5492900,11.113963
"281",13.47,13.62,13.36,13.5,4436500,11.138716
"282",13.6,13.65,13.45,13.6,5681500,11.221225
"283",13.72,13.72,13.25,13.28,6194900,10.957196
"284",13.27,13.31,13.1,13.18,4968800,10.874687
"285",13.23,13.3,13.1,13.12,3445400,10.825181
"286",13.1,13.15,12.91,13.01,6838500,10.734422
"287",12.78,12.85,12.68,12.69,4208800,10.599114
"288",12.65,12.74,12.56,12.68,4748500,10.590762
"289",12.82,12.85,12.47,12.49,5732900,10.432067
"290",12.44,12.5,12.31,12.38,6796400,10.340192
"291",12.42,12.51,12.25,12.45,7561000,10.398658
"292",12.39,12.45,11.93,11.94,9202400,9.972688
"293",12.04,12.11,11.65,11.79,7163700,9.847404
"294",11.29,11.58,10.75,10.76,16290900,8.987113
"295",10.84,11.39,10.68,11.38,9439800,9.504958
"296",11.04,11.19,10.72,10.74,10711700,8.970408
"297",10.83,11.36,10.8,11.26,7854600,9.40473
"298",11.34,11.47,11.05,11.05,4916200,9.229331
"299",11.2,11.52,11.17,11.52,4341300,9.621891
"300",11.44,11.5,11.26,11.37,4798600,9.496606
"301",11.44,11.49,11.19,11.25,5521300,9.396378
"302",11.02,11.03,10.69,10.73,6262800,8.962056
"303",10.63,10.91,10.54,10.56,5473700,8.820067
"304",10.86,10.86,10.5,10.57,5631700,8.828419
"305",10.62,10.89,10.5,10.89,5323800,9.095694
"306",10.88,11.13,10.82,11.11,6248500,9.279445
"307",11.41,11.48,10.77,10.89,5913100,9.095694
"308",10.85,11.04,10.63,10.98,4211000,9.170864
"309",11.15,11.47,11.08,11.45,4081900,9.563424
"310",11.36,11.63,11.29,11.53,6489700,9.630243
"311",11.65,11.8,11.57,11.75,5971300,9.813994
"312",11.75,11.93,11.6,11.6,7397200,9.68871
"313",11.35,11.52,11.31,11.4,6884900,9.521662
"314",11.04,11.26,10.85,11.23,5922900,9.379673
"315",11.32,11.81,11.32,11.81,6566500,9.864109
"316",11.77,11.97,11.7,11.75,7559500,9.813994
"317",11.64,11.81,11.55,11.65,8722600,9.730471
"318",11.5,12.01,11.49,12,7795000,10.022803
"319",12.03,12.26,11.97,12.21,7637200,10.198202
"320",12.25,12.54,12.19,12.43,6861300,10.381954
"321",12.4,12.46,12.18,12.42,10426200,10.373601
"322",12.36,12.39,12.07,12.39,6081600,10.348544
"323",12.28,12.32,12.05,12.19,4228500,10.181497
"324",12.23,12.43,12.12,12.17,4885400,10.164793
"325",12.17,12.25,11.57,11.58,6379800,9.672005
"326",11.3,11.48,11.26,11.38,6969400,9.504958
"327",11.31,11.59,11.28,11.56,5193200,9.6553
"328",11.56,11.72,11.4,11.71,6988400,9.780585
"329",11.91,11.99,11.69,11.79,4598300,9.847404
"330",11.86,11.89,11.49,11.51,5155100,9.613539
"331",11.74,11.83,11.44,11.74,6336100,9.805642
"332",11.61,11.69,11.4,11.4,3827500,9.521662
"333",11.37,11.74,11.13,11.14,5461900,9.304502
"334",11.11,11.55,10.91,11.53,6888600,9.630243
"335",11.56,11.6,11.25,11.56,4941300,9.6553
"336",11.54,11.9,11.47,11.88,6028500,9.922575
"337",11.93,11.96,11.58,11.6,5800100,9.68871
"338",11.8,12.01,11.72,12.01,3677200,10.031155
"339",11.94,12.15,11.77,12.1,4071700,10.106327
"340",12.18,12.41,12.1,12.25,7977200,10.231611
"341",12.18,12.26,11.87,12.19,5357500,10.181497
"342",12.3,12.3,11.82,12.02,11012100,10.039508
"343",12.01,12.05,11.75,11.81,5075800,9.864109
"344",11.86,12.43,11.77,12.3,6839700,10.273373
"345",12.23,12.44,12.14,12.16,7531900,10.15644
"346",12.19,12.34,11.94,12.34,13466000,10.306782
"347",12.44,12.45,11.98,12.24,18049200,10.223259
"348",12.25,12.4,12.16,12.36,13241600,10.323487
"349",12.32,12.36,12.08,12.13,6258300,10.131383
"350",12.22,12.39,12.07,12.38,6107500,10.340192
"351",12.6,13.03,12.6,12.91,8098900,10.782865
"352",12.65,13.07,12.55,13.02,9142800,11.009482
"353",12.87,12.99,12.73,12.75,6479900,10.781174
"354",12.41,12.56,12.11,12.12,8600500,10.248457
"355",12.35,12.45,12.23,12.37,5147300,10.459853
"356",12.52,12.59,12.26,12.53,4764800,10.595146
"357",12.44,12.46,12.23,12.4,3707700,10.48522
"358",12.41,12.56,12.31,12.55,4112600,10.612058
"359",12.63,12.89,12.47,12.85,4989100,10.865733
"360",12.53,12.7,12.41,12.49,7498900,10.561323
"361",12.64,12.71,12.44,12.64,4879900,10.688161
"362",12.74,12.88,12.69,12.79,3077400,10.814998
"363",12.74,12.76,12.44,12.51,3656400,10.578235
"364",12.55,12.72,12.49,12.67,3977300,10.713528
"365",12.57,12.76,12.5,12.52,4904000,10.586691
"366",12.52,12.63,12.26,12.32,3571600,10.417574
"367",12.45,12.49,12.17,12.18,4905400,10.299193
"368",12.07,12.16,11.96,11.99,3564700,10.138532
"369",12.03,12.1,11.81,11.97,3996900,10.12162
"370",11.83,11.91,11.58,11.58,2668500,9.791843
"371",11.58,11.88,11.58,11.82,2940100,9.994783
"372",12.23,12.23,11.81,11.92,4081700,10.079341
"373",11.99,12,11.73,11.79,4733100,9.969415
"374",12.12,12.48,12.01,12.45,4771700,10.5275
"375",12.44,12.54,12.27,12.51,3376300,10.578235
"376",12.6,12.64,12.42,12.49,3281700,10.561323
"377",12.64,12.8,12.55,12.64,3458400,10.688161
"378",12.63,12.67,12.51,12.61,2752200,10.662793
"379",12.55,12.72,12.43,12.66,4401200,10.705072
"380",12.61,12.63,12.19,12.21,6605800,10.32456
"381",12.34,12.57,12.26,12.5,4285100,10.569779
"382",12.4,12.6,12.3,12.59,4621000,10.645881
"383",12.63,12.66,12.25,12.34,4455800,10.434486
"384",12.31,12.41,12.24,12.29,3823400,10.392207
"385",12.49,12.51,12.31,12.32,3270800,10.417574
"386",12.41,12.66,12.36,12.42,6671200,10.502132
"387",12.43,12.48,12.14,12.18,2676100,10.299193
"388",12.34,12.5,12.29,12.46,4750500,10.535956
"389",12.45,12.54,12.34,12.48,4086300,10.552867
"390",12.51,12.83,12.44,12.8,3061200,10.823454
"391",12.85,12.86,12.67,12.74,1637200,10.772718
"392",12.7,12.86,12.64,12.84,1978900,10.857277
"393",12.83,12.87,12.67,12.71,1837700,10.747351
"394",12.79,12.93,12.75,12.91,1956600,10.916467
"395",12.84,12.96,12.82,12.85,2104900,10.865733
"396",13.1,13.2,12.9,12.95,4919200,10.950291
"397",12.94,13.17,12.87,13.16,3031500,11.127863
"398",13.09,13.35,12.96,13.21,3956200,11.170142
"399",13.21,13.46,13.19,13.42,4521700,11.347715
"400",13.5,13.66,13.36,13.41,6461500,11.339259
"401",13.38,13.52,13.28,13.44,6300400,11.364626
"402",13.43,13.44,13.2,13.41,3498600,11.339259
"403",13.46,13.58,13.22,13.53,8453900,11.440728
"404",13.44,13.71,13.37,13.66,9275000,11.550654
"405",13.77,13.79,13.53,13.57,8087300,11.474552
"406",13.47,13.5,13.24,13.4,3510900,11.330803
"407",13.4,13.47,13.31,13.39,4404600,11.322347
"408",13.2,13.3,12.75,12.9,10854400,10.908011
"409",12.96,13.02,12.77,12.9,3440200,10.908011
"410",12.8,12.85,12.75,12.77,3300900,10.798086
"411",12.77,12.92,12.73,12.74,3498300,10.772718
"412",12.8,12.84,12.6,12.63,4597200,10.679705
"413",12.6,12.77,12.58,12.72,4470100,10.755807
"414",12.55,12.55,12.34,12.48,4471800,10.685596
"415",12.58,12.62,12.29,12.33,6039500,10.557164
"416",12.39,12.44,12.22,12.25,6172600,10.488667
"417",12.34,12.41,12.2,12.28,4620700,10.514353
"418",12.42,12.59,12.39,12.59,4608100,10.779781
"419",12.56,12.58,12.44,12.5,3913900,10.702721
"420",12.42,12.57,12.4,12.49,2286100,10.694159
"421",12.46,12.61,12.46,12.54,3662700,10.73697
"422",12.58,12.66,12.49,12.52,3674600,10.719846
"423",12.44,12.56,12.41,12.5,3867500,10.702721
"424",12.6,12.67,12.5,12.56,3396700,10.754094
"425",12.51,12.65,12.48,12.58,5534000,10.771218
"426",12.68,12.72,12.55,12.61,3954000,10.796905
"427",12.64,12.71,12.59,12.7,2717100,10.873964
"428",12.75,12.89,12.69,12.78,2925700,10.942462
"429",12.79,12.88,12.68,12.76,2502800,10.925338
"430",12.72,12.85,12.38,12.39,5515400,10.608537
"431",12.37,12.53,12.35,12.53,2974200,10.728407
"432",12.55,12.56,12.43,12.46,3521000,10.668472
"433",12.45,12.64,12.4,12.6,3755300,10.788343
"434",12.63,12.76,12.58,12.62,3631200,10.805467
"435",12.64,12.74,12.57,12.59,3768400,10.779781
"436",12.56,12.78,12.56,12.72,3946500,10.891089
"437",12.75,12.78,12.65,12.72,3167200,10.891089
"438",12.67,12.7,12.51,12.54,2913600,10.73697
"439",12.47,12.52,12.31,12.34,2386600,10.565726
"440",12.38,12.49,12.29,12.46,2928200,10.668472
"441",12.54,12.58,12.43,12.45,1838200,10.65991
"442",12.45,12.6,12.4,12.54,2213700,10.73697
"443",12.57,12.6,12.47,12.56,1968200,10.754094
"444",12.62,12.91,12.62,12.85,3884900,11.002398
"445",12.92,13.01,12.72,12.96,4277800,11.096581
"446",13,13.32,12.97,13.28,4486500,11.370571
"447",13.3,13.43,13.18,13.3,6783800,11.387695
"448",13.3,13.51,13.22,13.46,3314300,11.52469
"449",13.36,13.58,13.35,13.41,3138000,11.481879
"450",13.43,13.44,13.18,13.25,2569700,11.344884
"451",13.17,13.25,13.07,13.2,3019000,11.302073
"452",13.22,13.3,13.08,13.29,3513300,11.379133
"453",13.37,13.42,13.28,13.39,3760600,11.464755
"454",13.42,13.42,13.29,13.32,3576700,11.404819
"455",13.3,13.4,13.22,13.35,4343300,11.430506
"456",13.28,13.34,13.07,13.16,2767800,11.267825
"457",13.24,13.25,13.13,13.23,1765200,11.32776
"458",13.14,13.38,13.1,13.3,3138000,11.387695
"459",13.34,13.5,13.26,13.48,3325400,11.541814
"460",13.36,13.4,13.2,13.21,2550000,11.310636
"461",13.18,13.24,13.04,13.11,2289500,11.225014
"462",12.9,12.97,12.78,12.84,2096800,10.993835
"463",12.78,12.84,12.47,12.5,6005100,10.702721
"464",12.59,12.64,12.46,12.59,6180600,10.779781
"465",12.65,12.75,12.53,12.74,5268700,10.908213
"466",12.73,12.76,12.48,12.49,2558100,10.694159
"467",12.6,12.75,12.51,12.73,4928800,10.899651
"468",12.78,12.91,12.7,12.86,2608000,11.010959
"469",12.8,12.91,12.7,12.79,3700800,10.951024
"470",12.89,12.95,12.41,12.43,5147800,10.642786
"471",12.43,12.66,12.37,12.41,3855400,10.625661
"472",12.33,12.42,12.26,12.3,3415600,10.531478
"473",12.35,12.49,12.32,12.4,3519700,10.617099
"474",12.52,12.54,12.4,12.45,2977900,10.65991
"475",12.39,12.52,12.38,12.52,5082200,10.719846
"476",12.42,12.44,12.35,12.36,4036500,10.719845
"477",12.38,12.42,12.3,12.33,5695200,10.693826
"478",12.36,12.4,12.32,12.36,6768600,10.719845
"479",12.34,12.46,12.27,12.39,6582100,10.745865
"480",12.37,12.42,12.3,12.3,6286000,10.667807
"481",12.29,12.36,12.16,12.19,4650400,10.572404
"482",12.19,12.3,12.15,12.24,8803600,10.615769
"483",12.2,12.27,12.1,12.19,4959200,10.572404
"484",12.11,12.12,11.97,12.01,2958600,10.41629
"485",12.13,12.16,12.03,12.07,2738000,10.468328
"486",11.94,12.12,11.85,12.03,3274600,10.433636
"487",11.91,12,11.89,11.92,2940300,10.338233
"488",11.89,11.98,11.84,11.88,3909800,10.303541
"489",11.97,12,11.79,11.81,3359500,10.24283
"490",11.81,11.86,11.69,11.7,2238400,10.147426
"491",11.74,11.82,11.62,11.65,2919200,10.104061
"492",11.71,11.79,11.63,11.78,2436000,10.21681
"493",11.79,12,11.77,11.9,3447600,10.320886
"494",11.82,11.97,11.7,11.96,3714000,10.372925
"495",11.97,11.99,11.83,11.93,2051000,10.346906
"496",11.94,12.03,11.91,11.93,2146400,10.346906
"497",11.95,11.99,11.83,11.95,3178700,10.364252
"498",11.88,11.89,11.61,11.61,5842200,10.069369
"499",11.64,11.75,11.61,11.63,5955500,10.086715
"500",11.56,11.56,11.37,11.39,4013600,9.878563
"501",11.36,11.4,11.25,11.36,3082500,9.852544
"502",11.36,11.49,11.33,11.35,4060700,9.843871
"503",11.45,11.51,11.32,11.4,5715700,9.887236
"504",11.54,11.6,11.47,11.55,3340800,10.017331
"505",11.54,11.71,11.47,11.71,2600200,10.156099
"506",11.76,11.79,11.41,11.41,3514400,9.895909
"507",11.47,11.52,11.4,11.48,2186100,9.95662
"508",11.44,11.7,11.44,11.5,6223200,9.973966
"509",11.51,11.61,11.5,11.6,2284300,10.060697
"510",11.57,11.74,11.52,11.73,3155600,10.173445
"511",11.7,11.78,11.65,11.7,1904900,10.147426
"512",11.76,11.86,11.73,11.82,1969600,10.251502
"513",11.82,11.86,11.67,11.76,3240900,10.199465
"514",11.81,11.87,11.58,11.6,2515900,10.060697
"515",11.69,11.81,11.6,11.73,2246600,10.173445
"516",11.62,11.65,11.4,11.41,2326300,9.895909
"517",11.42,11.48,11.33,11.34,2184000,9.835198
"518",11.41,11.5,11.33,11.47,2403500,9.947947
"519",11.41,11.47,11.29,11.46,2306400,9.939274
"520",11.62,11.63,11.54,11.61,3739100,10.069369
"521",11.65,11.82,11.57,11.82,3892400,10.251502
"522",11.82,11.88,11.78,11.86,2147100,10.286194
"523",11.86,11.88,11.75,11.83,3246800,10.260176
"524",11.74,11.92,11.69,11.89,3746900,10.312214
"525",11.85,11.89,11.69,11.75,3187500,10.190792
"526",11.8,11.85,11.61,11.64,3032600,10.095389
"527",11.7,11.88,11.67,11.84,4389200,10.268849
"528",11.78,11.84,11.7,11.77,3119700,10.208138
"529",11.78,12.06,11.78,12.05,2980900,10.450982
"530",12.07,12.15,11.96,12.09,2364400,10.485674
"531",12.16,12.23,12.02,12.21,2695200,10.58975
"532",12.19,12.24,11.99,12.04,3017900,10.442309
"533",12.09,12.13,11.97,11.98,7503000,10.39027
"534",11.7,11.74,11.25,11.51,15525900,9.982639
"535",11.42,11.43,11.2,11.37,11379200,9.861217
"536",11.4,11.51,11.37,11.51,4959200,9.982639
"537",11.51,11.6,11.45,11.47,3066300,9.947947
"538",11.59,11.67,11.46,11.5,3255200,9.973966
"539",11.59,11.68,11.47,11.62,3022400,10.078042
"540",11.44,11.55,11.42,11.47,3504400,10.086837
"541",11.44,11.5,11.4,11.46,3725700,10.078042
"542",11.51,11.51,11.36,11.37,3142900,9.998895
"543",11.34,11.38,11.2,11.35,4982700,9.981308
"544",11.52,11.58,11.42,11.55,3425000,10.157189
"545",11.58,11.68,11.54,11.65,2690200,10.24513
"546",11.69,11.96,11.66,11.86,4336300,10.429806
"547",11.82,11.97,11.82,11.94,2892200,10.500159
"548",11.96,11.99,11.87,11.96,1911100,10.517748
"549",11.91,11.98,11.87,11.94,2141200,10.500159
"550",11.98,11.98,11.81,11.95,2833500,10.508953
"551",11.99,11.99,11.86,11.91,2620000,10.473777
"552",11.96,12.05,11.89,12.04,2161600,10.5881
"553",12.03,12.19,12,12.14,2668500,10.676042
"554",12.15,12.2,12.08,12.16,1923100,10.693629
"555",12.15,12.2,12.11,12.16,2776300,10.693629
"556",12.22,12.27,12.01,12.05,3581300,10.596895
"557",12.06,12.15,12.01,12.07,4022300,10.614482
"558",12.08,12.08,11.98,12,2005000,10.552924
"559",11.94,12.12,11.94,12.07,1591900,10.614482
"560",12.08,12.11,11.96,11.97,2115700,10.526542
"561",11.99,12.04,11.92,11.94,3105700,10.500159
"562",11.89,12.11,11.89,12.05,2281900,10.596895
"563",12.01,12.04,11.96,11.98,1525900,10.535335
"564",12.06,12.12,11.96,11.97,3065200,10.526542
"565",12.01,12.03,11.92,11.97,2371600,10.526542
"566",11.94,12.07,11.94,11.97,3929400,10.526542
"567",12.02,12.24,12.02,12.16,3512100,10.693629
"568",12.18,12.24,12.14,12.19,2094300,10.720012
"569",12.16,12.2,12.04,12.04,2427400,10.5881
"570",12.03,12.1,11.97,12.04,2609200,10.5881
"571",12.08,12.16,12.06,12.14,1783700,10.676042
"572",12.14,12.45,12.1,12.44,3787100,10.939864
"573",12.46,12.55,12.26,12.45,5126300,10.948658
"574",12.44,12.47,12.15,12.17,7055400,10.702424
"575",12.21,12.22,12.05,12.08,3504600,10.623277
"576",12.1,12.2,12.04,12.13,2992600,10.667247
"577",12.09,12.12,11.98,12.09,3036300,10.632071
"578",12.14,12.18,11.98,12,4229500,10.552924
"579",11.96,12.17,11.91,12.16,2334300,10.693629
"580",12.19,12.25,12.09,12.11,3165400,10.649659
"581",12.11,12.16,11.95,12.06,3759700,10.605689
"582",12.09,12.24,12.04,12.16,3584000,10.693629
"583",12.15,12.19,12.06,12.14,3302900,10.676042
"584",12.13,12.21,12,12.04,3095800,10.5881
"585",12.11,12.14,11.94,12.12,3408400,10.658453
"586",12.18,12.32,12.1,12.24,2579400,10.763982
"587",12.28,12.44,12.22,12.44,2387900,10.939864
"588",12.48,12.5,12.39,12.48,2788200,10.97504
"589",12.38,12.5,12.38,12.39,2142900,10.895894
"590",12.38,12.45,12.26,12.28,3087000,10.799159
"591",12.3,12.3,12.16,12.18,2628900,10.711218
"592",12.28,12.31,12.14,12.22,3257000,10.746394
"593",12.26,12.4,11.96,12.04,3314400,10.5881
"594",11.96,12.19,11.96,12.08,2655700,10.623277
"595",12.08,12.17,11.91,11.95,2485000,10.508953
"596",11.97,12,11.88,11.98,3874400,10.535335
"597",12,12.1,11.95,12.04,2952100,10.5881
"598",12.45,12.46,12.09,12.29,10075700,10.807953
"599",12.25,12.44,12.18,12.42,6070700,10.922276
"600",12.3,12.34,12.23,12.23,4223900,10.755188
"601",12.26,12.31,12.14,12.14,3234100,10.676042
"602",12.25,12.28,12.15,12.24,8686300,10.763982
"603",12.27,12.28,12.12,12.15,9238700,10.684835
"604",12.12,12.12,11.91,12.03,3566200,10.720481
"605",12.13,12.21,12.07,12.17,2899200,10.845242
"606",12.24,12.24,11.99,12.02,5766100,10.71157
"607",11.98,12.13,11.86,11.94,2581000,10.640278
"608",11.99,12.15,11.91,12.12,3832400,10.800684
"609",11.99,12.04,11.87,11.9,4679700,10.604632
"610",11.9,12.02,11.71,11.72,5504900,10.444227
"611",11.73,11.78,11.58,11.6,5175500,10.337289
"612",11.66,11.74,11.55,11.63,4679700,10.364023
"613",11.62,11.67,11.45,11.49,3756400,10.239263
"614",11.51,11.57,11.36,11.39,3103500,10.150149
"615",11.37,11.69,11.37,11.63,5463400,10.364023
"616",11.61,11.77,11.5,11.67,2875700,10.399669
"617",11.79,11.9,11.73,11.79,2146200,10.506606
"618",11.76,11.91,11.68,11.75,4018200,10.470961
"619",11.79,11.8,11.64,11.69,1905700,10.417492
"620",11.71,11.9,11.68,11.9,836600,10.604632
"621",12.05,12.1,11.88,12.03,4280900,10.720481
"622",12.06,12.27,12.01,12.11,6523100,10.791773
"623",12.06,12.1,11.92,12.06,3841100,10.747216
"624",12.08,12.15,12.01,12.08,2241600,10.765039
"625",12.07,12.2,12.06,12.19,3797500,10.863064
"626",12.2,12.26,12.05,12.1,4541200,10.782862
"627",12.06,12.17,12.03,12.1,2247000,10.782862
"628",12.11,12.23,12.1,12.19,3476000,10.863064
"629",12.21,12.27,12.08,12.14,2889700,10.818508
"630",12.14,12.2,11.99,12.06,4821600,10.747216
"631",12.02,12.23,12.01,12.16,2567800,10.83633
"632",12.16,12.28,12.1,12.28,3573700,10.943268
"633",12.3,12.35,12.23,12.26,2970700,10.925445
"634",12.24,12.27,12.12,12.17,2589600,10.845242
"635",12.2,12.23,12.09,12.16,1671200,10.83633
"636",12.17,12.31,12.12,12.31,2020000,10.970003
"637",12.33,12.4,12.24,12.4,4814600,11.050205
"638",12.38,12.44,12.31,12.32,1918400,10.978913
"639",12.28,12.36,12.25,12.34,2457500,10.996737
"640",12.23,12.26,12.05,12.14,5218700,10.818508
"641",12.16,12.16,12.08,12.13,1135400,10.809596
"642",12.17,12.17,12.01,12.07,1636500,10.756127
"643",12.09,12.12,11.91,12.07,2828500,10.756127
"644",11.99,12.07,11.94,11.97,1924000,10.667013
"645",11.93,12.1,11.91,12.09,2486900,10.77395
"646",12.22,12.44,12.22,12.44,3251500,11.085851
"647",12.45,12.53,12.35,12.48,2626800,11.121497
"648",12.53,12.68,12.5,12.6,1792500,11.228435
"649",12.53,12.61,12.45,12.56,1593600,11.192789
"650",12.57,12.6,12.46,12.56,2121400,11.192789
"651",12.58,12.65,12.53,12.57,1660100,11.2017
"652",12.6,12.66,12.51,12.61,2219800,11.237346
"653",12.67,12.67,12.48,12.59,1651900,11.219523
"654",12.61,12.7,12.55,12.66,1970300,11.281903
"655",12.65,12.71,12.6,12.66,1495600,11.281903
"656",12.58,12.7,12.51,12.64,1775900,11.264081
"657",12.64,12.75,12.61,12.71,1839700,11.32646
"658",12.72,12.72,12.22,12.39,7390300,11.041294
"659",12.36,12.54,12.3,12.54,4244400,11.174966
"660",12.56,12.66,12.47,12.49,7177600,11.130408
"661",12.53,12.55,12.4,12.51,3334900,11.148231
"662",12.56,12.6,12.38,12.47,9001000,11.112586
"663",12.53,12.59,12.48,12.51,7124700,11.148231
"664",12.55,12.62,12.5,12.56,7606000,11.192789
"665",12.42,12.46,12.32,12.35,3953600,11.147656
"666",12.32,12.4,12.28,12.32,5043800,11.120576
"667",12.38,12.52,12.35,12.51,2566600,11.292079
"668",12.49,12.53,12.39,12.4,3214100,11.192788
"669",12.46,12.59,12.42,12.53,3213300,11.310132
"670",12.46,12.58,12.44,12.56,4900900,11.337212
"671",12.59,12.63,12.48,12.52,2695800,11.301106
"672",12.51,12.58,12.51,12.55,1624000,11.328185
"673",12.54,12.63,12.54,12.59,2543200,11.364291
"674",12.62,12.82,12.57,12.78,2615500,11.535793
"675",12.83,12.9,12.82,12.86,2166300,11.608004
"676",12.84,12.91,12.79,12.91,2743000,11.653137
"677",12.96,12.99,12.87,12.95,4768300,11.689242
"678",13,13.12,12.95,13.07,2513000,11.79756
"679",13.08,13.1,12.99,12.99,2265900,11.725348
"680",12.96,13.01,12.87,12.9,2485500,11.64411
"681",12.93,12.98,12.9,12.94,1967700,11.680216
"682",13,13.03,12.85,12.85,3988200,11.598979
"683",12.85,12.92,12.8,12.87,2215600,11.617031
"684",12.88,13.03,12.81,13.01,1854200,11.743401
"685",12.98,13.15,12.94,13.1,3992600,11.82464
"686",13.07,13.24,12.99,13.24,4113000,11.951009
"687",13.26,13.26,13.16,13.21,3741700,11.92393
"688",13.24,13.3,13.18,13.21,3110300,11.92393
"689",13.22,13.28,13.17,13.23,2566900,11.941983
"690",13.22,13.28,13.2,13.24,2032500,11.951009
"691",13.27,13.3,13.2,13.29,1978000,11.996142
"692",13.29,13.32,13.24,13.31,2418000,12.014195
"693",13.3,13.34,13.25,13.27,2702100,11.978089
"694",13.31,13.35,13.23,13.3,3236700,12.005168
"695",13.3,13.46,13.3,13.43,2625000,12.122512
"696",13.43,13.56,13.43,13.55,4445500,12.230829
"697",13.45,13.58,13.41,13.52,2754400,12.20375
"698",13.57,13.61,13.44,13.47,5211000,12.158618
"699",13.5,13.54,13.46,13.49,1962500,12.17667
"700",13.42,13.53,13.41,13.5,2439600,12.185697
"701",13.38,13.42,13.19,13.39,3438500,12.086406
"702",13.44,13.45,13.3,13.33,3338000,12.032247
"703",13.36,13.43,13.3,13.43,1327100,12.122512
"704",13.35,13.42,13.28,13.41,1719900,12.104459
"705",13.44,13.48,13.29,13.42,3939100,12.113485
"706",13.39,13.47,13.28,13.31,2767600,12.014195
"707",13.32,13.35,13.07,13.11,3924600,11.833665
"708",13.09,13.15,12.95,13.02,5103900,11.752428
"709",13.09,13.15,13,13.1,2695200,11.82464
"710",12.96,13.07,12.92,13.04,3191700,11.770481
"711",13.02,13.18,12.98,13.17,2344800,11.887824
"712",13.23,13.26,13.08,13.19,2110200,11.905877
"713",13.24,13.41,13.18,13.4,2264800,12.095432
"714",13.44,13.46,13.3,13.39,2083700,12.086406
"715",13.3,13.39,13.24,13.3,2604600,12.005168
"716",13.2,13.3,12.97,12.97,3319100,11.707296
"717",13.02,13.11,12.97,13.07,3122900,11.79756
"718",12.98,13.03,12.78,12.8,5099800,11.553846
"719",12.71,12.9,12.62,12.76,6340400,11.51774
"720",12.82,12.95,12.71,12.88,2394000,11.626058
"721",12.93,13.06,12.88,12.98,2411800,11.716322
"722",13.08,13.13,12.99,13.08,2272500,11.806586
"723",13.08,13.14,13.05,13.11,1488000,11.833665
"724",13.16,13.2,13.11,13.15,9530900,11.869771
"725",13.2,13.2,13.11,13.13,9600100,11.851719
"726",13.04,13.18,13.03,13.1,2910200,11.97328
"727",13.11,13.16,13.05,13.16,2863700,12.028119
"728",13.15,13.39,13.06,13.08,2812600,11.955
"729",13.09,13.27,13.09,13.23,3071000,12.092098
"730",13.28,13.4,13.28,13.35,2622100,12.201777
"731",13.3,13.59,13.3,13.57,3151400,12.402855
"732",13.57,13.73,13.57,13.68,2584800,12.503394
"733",13.62,13.64,13.43,13.52,5059100,12.357156
"734",13.53,13.54,13.4,13.43,4312300,12.274897
"735",13.41,13.53,13.4,13.51,2848600,12.348016
"736",13.51,13.66,13.47,13.54,3202100,12.375435
"737",13.57,13.66,13.56,13.6,4506000,12.430275
"738",13.63,13.85,13.6,13.84,2752200,12.649633
"739",13.76,13.86,13.71,13.8,2091100,12.613073
"740",13.84,14.08,13.84,13.91,8140900,12.713612
"741",13.86,14.17,13.86,14.14,3139700,12.92383
"742",14.13,14.3,14.07,14.24,6006300,13.015229
"743",14.25,14.31,13.95,14.02,5285900,12.814151
"744",13.87,13.91,13.69,13.8,6285900,12.613073
"745",13.72,13.81,13.69,13.81,2677300,12.622213
"746",13.98,14,13.84,13.87,3071100,12.677052
"747",13.8,13.89,13.75,13.87,3791300,12.677052
"748",13.86,13.97,13.83,13.89,3333800,12.695332
"749",13.86,13.95,13.76,13.78,3377300,12.594793
"750",13.81,13.88,13.65,13.87,3436400,12.677052
"751",13.86,13.93,13.7,13.77,2683400,12.585654
"752",13.78,13.79,13.65,13.65,2442200,12.475974
"753",13.68,13.8,13.52,13.79,2151100,12.603933
"754",13.84,13.94,13.78,13.92,1507700,12.722752
"755",13.96,14.04,13.91,13.98,2431400,12.777591
"756",13.9,13.93,13.81,13.86,2231000,12.667912
"757",13.99,13.99,13.53,13.64,4914700,12.466835
"758",13.63,13.87,13.58,13.86,1890000,12.667912
"759",13.89,13.89,13.68,13.76,1960600,12.576514
"760",13.89,13.95,13.81,13.91,2513400,12.713612
"761",14.14,14.33,13.95,14.29,6976800,13.060928
"762",14.32,14.35,14.11,14.14,4150400,12.92383
"763",14.06,14.38,14,14.25,6663600,13.024369
"764",14.38,14.55,14.16,14.44,12114100,13.198027
"765",14.32,14.61,14.3,14.55,5971700,13.298566
"766",14.62,14.75,14.53,14.71,4926100,13.444805
"767",14.86,14.88,14.67,14.82,3395800,13.545343
"768",14.9,14.95,14.78,14.95,2230500,13.664162
"769",14.96,15,14.85,14.9,6486600,13.618463
"770",14.96,15.11,14.89,14.96,3370800,13.673302
"771",14.89,15.1,14.89,14.99,4120900,13.700722
"772",14.95,15.01,14.87,14.99,1235200,13.700722
"773",15.05,15.2,14.93,15.2,5218300,13.89266
"774",15.28,15.32,15.19,15.3,2728600,13.984059
"775",15.43,15.5,15.24,15.3,4437400,13.984059
"776",15.3,15.37,14.99,15.15,5712300,13.84696
"777",15.3,15.38,14.98,15,4757900,13.709862
"778",15.06,15.26,14.96,15.2,5836600,13.89266
"779",15.18,15.32,15.17,15.3,2782500,13.984059
"780",15.3,15.3,15.02,15.18,3490700,13.874381
"781",15.22,15.32,15.15,15.3,3233900,13.984059
"782",15.25,15.58,15.18,15.57,7198100,14.230836
"783",15.53,15.56,15.21,15.48,4793100,14.148577
"784",15.46,15.67,15.4,15.61,3311500,14.267396
"785",15.65,15.65,15.46,15.55,4013200,14.212557
"786",15.61,15.62,15.39,15.4,3229700,14.075458
"787",15.4,15.46,15.29,15.38,3039600,14.057179
"788",15.34,15.38,15.19,15.23,3560300,13.920079
"789",15.27,15.3,15.06,15.17,2965900,13.86524
"790",15.06,15.14,14.93,14.94,4240800,13.803337
"791",15.04,15.14,14.94,15,4944700,13.858773
"792",15.12,15.35,15.02,15.35,3587400,14.182145
"793",15.37,15.41,15.25,15.38,3211800,14.209862
"794",15.33,15.37,15.16,15.18,2890000,14.025078
"795",15.16,15.21,14.95,15.02,3686200,13.877252
"796",15.02,15.02,14.79,14.92,3135300,13.784859
"797",14.98,15.05,14.87,14.9,1628900,13.766381
"798",14.84,14.95,14.8,14.89,6514000,13.757142
"799",14.83,15.03,14.82,14.92,2883700,13.784859
"800",15.02,15.02,14.79,14.94,2052900,13.803337
"801",14.93,15.01,14.82,14.92,1834200,13.784859
"802",14.87,14.9,14.73,14.78,2667700,13.655511
"803",14.76,15,14.76,14.93,2794900,13.794099
"804",14.85,14.87,14.64,14.65,2203800,13.535401
"805",14.68,14.87,14.64,14.82,2020800,13.692467
"806",14.77,14.83,14.62,14.65,2296300,13.535401
"807",14.61,14.97,14.61,14.91,1734500,13.77562
"808",14.94,14.94,14.75,14.87,2595100,13.738663
"809",14.84,14.89,14.72,14.73,2036100,13.609314
"810",14.66,14.68,14.26,14.27,3442900,13.184313
"811",14.29,14.5,14.21,14.28,2882100,13.193551
"812",14.26,14.44,14.24,14.29,2266100,13.202791
"813",14.4,14.4,14.18,14.22,2483800,13.138117
"814",14.42,14.52,14.2,14.27,2718200,13.184313
"815",14.25,14.45,14.24,14.4,2233300,13.304422
"816",14.34,14.5,14.3,14.48,2044900,13.378335
"817",14.55,14.56,14.25,14.27,3053100,13.184313
"818",14.31,14.41,14.24,14.38,2084200,13.285944
"819",14.42,14.44,14.3,14.37,3819000,13.276704
"820",14.37,14.51,14.29,14.48,2448400,13.378335
"821",14.5,14.53,14.41,14.48,2256500,13.378335
"822",14.46,14.53,14.41,14.48,1691300,13.378335
"823",14.57,14.63,14.51,14.57,2059500,13.461488
"824",14.53,14.66,14.53,14.66,1422700,13.54464
"825",14.64,14.8,14.54,14.57,4369500,13.461488
"826",14.57,14.64,14.29,14.3,4183900,13.21203
"827",14.3,14.45,14.29,14.31,4303100,13.22127
"828",14.28,14.32,14.18,14.24,2231600,13.156595
"829",14.24,14.46,14.2,14.32,2532000,13.230508
"830",14.37,14.48,14.28,14.39,2669300,13.295183
"831",14.38,14.46,14.27,14.39,1709100,13.295183
"832",14.29,14.4,14.25,14.28,1584700,13.193551
"833",14.14,14.41,14.07,14.38,2861300,13.285944
"834",14.32,14.56,14.32,14.54,3717100,13.43377
"835",14.43,14.57,14.4,14.57,2823800,13.461488
"836",14.52,14.58,14.46,14.53,2905800,13.424531
"837",14.54,14.72,14.51,14.67,1620600,13.55388
"838",14.57,14.57,14.37,14.37,1436800,13.276704
"839",14.36,14.4,14.2,14.27,2424300,13.184313
"840",14.29,14.38,14.19,14.33,2454200,13.239748
"841",14.45,14.7,14.45,14.7,2149700,13.581597
"842",14.5,14.8,14.5,14.78,1892200,13.655511
"843",14.74,14.89,14.66,14.85,3664500,13.720185
"844",14.68,14.77,14.62,14.7,3714600,13.581597
"845",14.73,14.97,14.7,14.91,2531500,13.77562
"846",14.83,15.11,14.73,15.07,3030400,13.923447
"847",15,15.07,14.09,14.37,9809900,13.276704
"848",14.17,14.41,14.13,14.4,3955000,13.304422
"849",14.42,14.51,14.35,14.44,4115200,13.341378
"850",14.43,14.55,14.35,14.55,3722800,13.44301
"851",14.6,14.65,14.51,14.56,3143800,13.452249
"852",14.57,14.72,14.5,14.71,2809700,13.590837
"853",14.71,14.8,14.62,14.7,2840500,13.581597
"854",14.77,14.81,14.61,14.67,3356000,13.55388
"855",14.56,14.59,14.41,14.53,2801600,13.575368
"856",14.54,14.56,14.42,14.44,2708100,13.491281
"857",14.42,14.49,14.28,14.35,2320600,13.407195
"858",14.39,14.4,14.29,14.32,2137200,13.379166
"859",14.28,14.34,14.23,14.23,2984500,13.295078
"860",14.26,14.35,14.23,14.35,2631600,13.407195
"861",14.39,14.47,14.32,14.34,3598100,13.397852
"862",14.37,14.71,14.33,14.61,3941500,13.650112
"863",14.63,14.7,14.54,14.62,2398500,13.659456
"864",14.58,14.61,14.46,14.51,2018800,13.556683
"865",14.48,14.66,14.44,14.65,1622900,13.687484
"866",14.63,14.8,14.62,14.74,1905600,13.771571
"867",14.73,14.8,14.69,14.75,2563300,13.780915
"868",14.82,14.86,14.72,14.75,2461700,13.780915
"869",14.71,14.86,14.7,14.76,2201500,13.790258
"870",14.77,14.8,14.69,14.75,2145800,13.780915
"871",14.8,14.9,14.75,14.82,3316800,13.846315
"872",14.85,14.95,14.75,14.93,1511600,13.949089
"873",14.94,15.09,14.92,15.03,2098800,14.042518
"874",15.01,15.09,14.99,15.07,2329800,14.07989
"875",15.07,15.24,15.07,15.2,2131100,14.201349
"876",15.17,15.23,15.14,15.14,997400,14.145292
"877",15.17,15.25,15.15,15.17,3105300,14.17332
"878",15.05,15.16,14.87,14.93,3224200,13.949089
"879",14.92,14.98,14.83,14.91,2392000,13.930402
"880",14.91,14.91,14.69,14.69,3424000,13.724856
"881",14.85,14.91,14.79,14.84,3502100,13.865002
"882",14.85,14.9,14.74,14.83,3221800,13.855658
"883",14.83,14.88,14.74,14.75,2441100,13.780915
"884",14.81,14.85,14.69,14.7,3056700,13.734199
"885",14.68,14.78,14.6,14.6,3497100,13.64077
"886",14.6,14.68,14.54,14.55,2048600,13.594055
"887",14.63,14.71,14.57,14.67,2332000,13.706171
"888",14.67,14.71,14.58,14.63,2750300,13.668799
"889",14.64,14.72,14.52,14.71,2983700,13.743543
"890",14.64,14.69,14.51,14.55,2631700,13.594055
"891",14.65,14.66,14.54,14.64,5601300,13.678142
"892",14.75,14.92,14.7,14.88,2208100,13.902374
"893",14.91,15,14.9,14.98,1092400,13.995803
"894",14.96,15.05,14.92,14.95,1878400,13.967774
"895",14.95,15,14.9,14.99,1391800,14.005146
"896",14.97,15.03,14.95,15,2355400,14.014489
"897",14.98,15.14,14.97,15.12,2624900,14.126605
"898",15.08,15.17,14.96,15.01,2828900,14.023833
"899",15.04,15.08,14.98,15.06,2271400,14.070548
"900",15.06,15.15,15.02,15.1,3755200,14.10792
"901",15.15,15.19,15.05,15.15,2780400,14.154634
"902",15.17,15.45,15.12,15.42,5247900,14.406895
"903",15.49,15.7,15.44,15.59,5344100,14.565726
"904",15.6,15.68,15.34,15.38,5324400,14.369523
"905",15.44,15.59,15.31,15.41,5031300,14.397552
"906",15.64,15.68,15.32,15.55,5736500,14.528354
"907",15.58,15.69,15.45,15.47,4833300,14.45361
"908",15.37,15.67,15.23,15.37,5798000,14.36018
"909",14.96,15.01,14.62,14.85,34202800,13.874345
"910",14.88,15.12,14.86,15.01,10169400,14.023833
"911",15.03,15.18,15.03,15.11,4054300,14.117262
"912",15.1,15.15,14.74,14.75,5412000,13.780915
"913",14.64,14.73,14.54,14.58,4818000,13.622084
"914",14.6,14.71,14.45,14.47,6587800,13.519311
"915",14.43,14.64,14.43,14.6,3802700,13.64077
"916",14.38,14.44,14.3,14.35,4180900,13.558568
"917",14.4,14.45,14.31,14.42,2606800,13.624707
"918",14.29,14.38,14.2,14.21,3995500,13.426289
"919",14.21,14.25,13.8,13.84,4822300,13.076696
"920",13.85,14.05,13.73,13.88,10527800,13.11449
"921",13.88,13.89,13.75,13.86,5043200,13.095592
"922",13.93,13.96,13.82,13.9,8165100,13.133386
"923",14.35,14.35,13.79,13.96,3986400,13.190077
"924",13.96,14.05,13.9,14.01,4561500,13.23732
"925",14.01,14.13,13.98,14.05,3904100,13.275114
"926",14.02,14.13,13.92,13.98,3585500,13.208974
"927",13.92,14.01,13.84,14,3351800,13.227871
"928",14.02,14.17,13.94,14.16,3308700,13.379047
"929",14.21,14.21,14.07,14.17,2410200,13.388495
"930",14.18,14.18,13.88,13.91,2978000,13.142835
"931",13.94,14.03,13.78,13.99,2454600,13.218422
"932",14,14.07,13.94,14.06,2733800,13.284562
"933",14.1,14.37,14.08,14.2,3291300,13.416841
"934",14.17,14.21,14.06,14.06,2869900,13.284562
"935",14.1,14.2,14.06,14.14,2787800,13.36015
"936",14.17,14.27,14.13,14.22,2091300,13.435738
"937",14.27,14.32,14.08,14.17,3004100,13.388495
"938",14.07,14.13,13.98,14.12,2608900,13.341253
"939",14.2,14.4,14.08,14.33,2528800,13.539671
"940",14.32,14.43,14.03,14.42,3012200,13.624707
"941",14.47,14.65,14.46,14.61,2551100,13.804228
"942",14.69,14.77,14.51,14.57,3275600,13.766434
"943",14.53,14.56,14.37,14.52,2937500,13.719193
"944",14.54,14.56,14.32,14.42,2409800,13.624707
"945",14.35,14.52,14.32,14.51,2017200,13.709744
"946",14.5,14.6,14.38,14.45,3025100,13.653053
"947",14.47,14.5,14.31,14.41,2340400,13.615259
"948",14.51,14.57,14.41,14.56,2246300,13.756986
"949",14.56,14.68,14.45,14.5,2587400,13.700295
"950",14.51,14.74,14.38,14.72,3447200,13.908162
"951",14.64,14.96,14.61,14.9,4881000,14.078234
"952",15,15.01,14.85,14.99,6838400,14.16327
"953",14.99,15.07,14.86,14.94,3881100,14.116028
"954",15.03,15.05,14.79,14.81,2083800,13.993198
"955",14.81,14.93,14.62,14.65,2280400,13.842022
"956",14.62,14.77,14.44,14.5,2161700,13.700295
"957",14.56,14.71,14.49,14.64,1732000,13.832574
"958",14.64,14.88,14.63,14.87,2101600,14.049889
"959",14.86,14.96,14.68,14.92,2300500,14.097131
"960",14.89,14.99,14.75,14.84,2436000,14.021544
"961",14.9,14.98,14.82,14.94,2013000,14.116028
"962",15,15,14.65,14.66,3797800,13.851471
"963",14.66,14.71,14.5,14.64,2831500,13.832574
"964",14.62,14.88,14.62,14.86,2857400,14.04044
"965",14.94,15,14.76,14.77,5252700,13.955405
"966",14.76,14.87,14.6,14.61,4219600,13.804228
"967",14.58,14.69,14.47,14.61,3295800,13.804228
"968",14.83,14.84,14.56,14.69,3138200,13.879816
"969",14.65,14.84,14.53,14.83,3282300,14.012095
"970",14.98,15,14.83,14.93,3598400,14.10658
"971",14.69,14.82,14.44,14.54,8949800,13.738089
"972",14.57,14.72,14.37,14.43,4144800,13.634156
"973",14.42,14.61,14.38,14.55,3996700,13.747538
"974",14.59,14.73,14.56,14.65,2802800,13.842022
"975",14.71,14.78,14.53,14.54,2780800,13.738089
"976",14.58,14.58,14.36,14.38,2908900,13.586914
"977",14.4,14.5,14.23,14.32,4995600,13.530222
"978",14.09,14.31,14.09,14.24,3643400,13.611471
"979",14.22,14.33,14.19,14.28,4576100,13.649705
"980",14.29,14.38,14.24,14.31,2449500,13.678382
"981",14.05,14.45,14.05,14.38,3223300,13.745292
"982",14.34,14.37,14.25,14.32,2604000,13.68794
"983",14.29,14.34,14.18,14.18,3661600,13.55412
"984",14.23,14.44,14.22,14.43,3220300,13.793085
"985",14.4,14.49,14.32,14.35,2325600,13.716616
"986",14.38,14.39,14.26,14.39,1878700,13.754851
"987",14.47,14.59,14.4,14.56,1835400,13.917347
"988",14.57,14.62,14.43,14.47,1270400,13.83132
"989",14.43,14.64,14.17,14.24,2106600,13.611471
"990",14.22,14.24,14,14.2,3068800,13.573237
"991",14.19,14.19,14,14.08,2265000,13.458533
"992",14.04,14.28,14.03,14.25,1723000,13.62103
"993",14.29,14.29,14.02,14.16,2402300,13.535002
"994",14.25,14.34,14.17,14.26,2451700,13.630589
"995",14.31,14.53,14.27,14.42,3470600,13.783526
"996",14.46,14.51,14.4,14.43,1796600,13.793085
"997",14.42,14.57,14.38,14.49,2087900,13.850436
"998",14.3,14.53,14.3,14.44,1487200,13.802643
"999",14.48,14.54,14.29,14.38,2139200,13.745292
"1000",14.38,14.55,14.31,14.37,2789100,13.735733
"1001",14.46,14.53,14.29,14.53,1979500,13.888671
"1002",14.47,14.61,14.31,14.55,1366100,13.907789
"1003",14.52,14.59,14.37,14.47,2117300,13.83132
"1004",14.53,14.7,14.47,14.7,1972500,14.051168
"1005",14.7,14.93,14.67,14.86,4460300,14.204105
"1006",14.82,15,14.82,14.92,1740200,14.261457
"1007",14.9,15,14.85,14.91,2694800,14.251899
"1008",14.85,14.95,14.81,14.89,4561700,14.232782
"1009",14.85,14.92,14.74,14.82,7400500,14.165871
"1010",14.86,14.92,14.76,14.82,2549300,14.165871
"1011",14.77,14.84,14.75,14.81,3556600,14.156313
"1012",14.75,14.93,14.72,14.87,3041000,14.213664
"1013",14.84,14.96,14.79,14.95,4505000,14.290133
"1014",14.94,15,14.81,14.89,4975600,14.232782
"1015",14.89,14.99,14.85,14.95,4253000,14.290133
"1016",14.94,15,14.88,14.96,2625400,14.299692
"1017",14.89,15,14.87,14.92,4751100,14.261457
"1018",14.9,15.07,14.87,15.05,3910800,14.385719
"1019",15.02,15.19,14.99,15.07,3090700,14.404836
"1020",15.02,15.23,15.02,15.14,2942900,14.471747
"1021",15.09,15.22,15.01,15.17,3768800,14.500423
"1022",15.22,15.32,15.15,15.23,2797900,14.557774
"1023",15.23,15.27,15.07,15.13,2147500,14.462188
"1024",15.22,15.3,15.17,15.28,1345500,14.605567
"1025",15.22,15.28,15.13,15.18,2503200,14.509982
"1026",15.21,15.21,15.05,15.1,3214700,14.433513
"1027",15.18,15.23,15.06,15.08,2808700,14.414395
"1028",15.05,15.12,14.99,15.06,4202100,14.395278
"1029",15.08,15.15,15.02,15.08,2102000,14.414395
"1030",15.14,15.2,15.09,15.14,1966700,14.471747
"1031",15.15,15.22,15.05,15.18,2585400,14.509982
"1032",15.18,15.18,14.88,14.91,4135200,14.251899
"1033",14.85,14.88,14.74,14.79,4757900,14.137195
"1034",14.78,14.92,14.61,14.81,4683900,14.156313
"1035",14.79,14.95,14.66,14.88,3928300,14.223223
"1036",14.92,14.96,14.8,14.83,2103500,14.17543
"1037",14.79,14.98,14.78,14.84,2472700,14.184988
"1038",14.94,15,14.85,14.93,1876600,14.271016
"1039",14.95,15.01,14.84,14.98,1928300,14.318809
"1040",14.95,15.01,14.88,14.95,1972700,14.290133
"1041",14.94,15.05,14.92,14.94,2464000,14.280574
"1042",14.82,14.93,14.69,14.74,2612300,14.246745
"1043",14.64,14.7,14.48,14.52,6033500,14.034108
"1044",14.52,14.61,14.3,14.32,3423300,13.8408
"1045",14.33,14.45,14.24,14.41,4998100,13.927789
"1046",14.37,14.49,14.33,14.4,2648300,13.918123
"1047",14.37,14.54,14.37,14.54,3524500,14.053438
"1048",14.56,14.61,14.34,14.4,2784900,13.918123
"1049",14.43,14.53,14.41,14.51,1581000,14.024443
"1050",14.47,14.58,14.43,14.53,1467800,14.043773
"1051",14.53,14.63,14.49,14.53,1570600,14.043773
"1052",14.6,14.69,14.54,14.6,1406000,14.111431
"1053",14.59,14.76,14.59,14.76,1896300,14.266077
"1054",14.78,14.85,14.54,14.63,3323800,14.140427
"1055",14.75,14.75,14.62,14.71,1482000,14.21775
"1056",14.67,14.76,14.67,14.73,1366900,14.23708
"1057",14.69,14.78,14.66,14.76,1120500,14.266077
"1058",14.76,14.97,14.75,14.94,2099400,14.440053
"1059",14.91,14.94,14.85,14.88,1308700,14.382061
"1060",14.97,15,14.86,14.92,1166000,14.420722
"1061",14.93,15.02,14.89,14.99,1261700,14.48838
"1062",15.02,15.03,14.92,14.96,1484500,14.459384
"1063",14.93,14.97,14.85,14.94,1140700,14.440053
"1064",14.97,15.01,14.9,14.95,1459600,14.449718
"1065",15,15.05,14.93,15.04,1672100,14.536707
"1066",15.06,15.1,14.93,14.97,2017800,14.469049
"1067",15.01,15.04,14.89,14.91,1813800,14.411057
"1068",14.89,15,14.83,15,2142400,14.498045
"1069",14.94,15.07,14.9,15,1759900,14.498045
"1070",14.98,15.02,14.84,14.9,1515200,14.401391
"1071",14.93,15.03,14.86,14.95,1834300,14.449718
"1072",14.94,15.05,14.91,15.04,1902600,14.536707
"1073",15.05,15.13,14.95,15.02,2084000,14.517376
"1074",15,15.15,14.94,15.01,1728700,14.507711
"1075",14.73,14.98,14.71,14.89,3220900,14.391726
"1076",14.91,15.06,14.87,14.95,2408200,14.449718
"1077",15,15.13,14.94,14.98,3873000,14.478714
"1078",15.06,15.12,14.89,14.9,3886700,14.401391
"1079",14.92,14.95,14.71,14.72,2095000,14.227415
"1080",14.73,14.83,14.62,14.67,2892400,14.179088
"1081",14.67,14.79,14.6,14.79,2733400,14.295072
"1082",14.76,14.79,14.56,14.58,2508000,14.0921
"1083",14.6,14.67,14.51,14.61,2696000,14.121096
"1084",14.55,14.68,14.47,14.59,3274000,14.101765
"1085",14.59,14.64,14.47,14.47,3084300,13.985781
"1086",14.49,14.5,14.29,14.37,3584800,13.889127
"1087",14.38,14.52,14.29,14.47,3771300,13.985781
"1088",14.43,14.58,14.43,14.46,3801100,13.976116
"1089",14.51,14.6,14.31,14.33,3238700,13.850466
"1090",14.29,14.34,14.1,14.11,3626400,13.637827
"1091",14.12,14.34,14.07,14.32,4075300,13.8408
"1092",14.33,14.37,14.03,14.04,4159500,13.57017
"1093",14.09,14.28,14.07,14.11,5042200,13.637827
"1094",14.16,14.42,14.15,14.29,4891000,13.811804
"1095",14.37,14.66,14.31,14.4,5497700,13.918123
"1096",14.24,14.61,13.87,14.05,6862700,13.579836
"1097",13.86,14.17,13.84,14.13,9641000,13.657159
"1098",14,14.08,13.71,13.82,8941200,13.357532
"1099",13.61,14,13.61,13.99,4296900,13.521843
"1100",14.04,14.23,14,14.21,3044300,13.734481
"1101",14.23,14.41,14.14,14.16,3889800,13.686154
"1102",14.29,14.34,14.17,14.19,2712800,13.71515
"1103",14.16,14.35,14.16,14.34,3235300,13.860131
"1104",14.34,14.42,14.3,14.42,2638500,13.937454
"1105",14.5,14.51,14.01,14.46,12048900,13.976116
"1106",14.29,14.42,14.24,14.41,3558100,14.088549
"1107",14.42,14.48,14.28,14.42,2689400,14.098327
"1108",14.53,14.63,14.5,14.62,2377400,14.293865
"1109",14.66,14.7,14.5,14.53,3163800,14.205872
"1110",14.57,14.57,14.36,14.49,2193000,14.166765
"1111",14.57,14.6,14.45,14.59,2103600,14.264534
"1112",14.58,14.74,14.56,14.71,2972900,14.381857
"1113",14.65,14.86,14.6,14.82,3475200,14.489403
"1114",14.76,14.9,14.76,14.88,2034700,14.548065
"1115",14.89,14.92,14.78,14.85,1991900,14.518735
"1116",14.82,14.89,14.75,14.87,1699500,14.538288
"1117",14.49,14.93,14.47,14.8,2006500,14.46985
"1118",14.81,14.9,14.75,14.78,1880600,14.450296
"1119",14.8,14.85,14.72,14.83,2009300,14.49918
"1120",14.87,14.91,14.78,14.81,1400700,14.479627
"1121",14.78,14.78,14.65,14.71,1606500,14.381857
"1122",14.63,14.83,14.6,14.83,1512600,14.49918
"1123",14.93,14.96,14.71,14.79,3528400,14.460073
"1124",14.81,14.89,14.73,14.85,1573400,14.518735
"1125",14.86,14.9,14.75,14.9,1998300,14.567619
"1126",14.9,14.9,14.78,14.88,1141900,14.548065
"1127",14.91,14.93,14.75,14.78,874800,14.450296
"1128",14.71,14.76,14.56,14.68,2494900,14.352527
"1129",14.86,14.87,14.63,14.68,2102300,14.352527
"1130",14.65,14.8,14.6,14.77,1410200,14.440519
"1131",14.74,14.77,14.65,14.72,1915800,14.391635
"1132",14.77,14.95,14.72,14.92,2167700,14.587173
"1133",14.91,15,14.79,14.89,2069000,14.557842
"1134",14.8,14.95,14.75,14.89,2452600,14.557842
"1135",14.87,14.91,14.57,14.58,2676300,14.254757
"1136",14.63,14.76,14.59,14.7,2471000,14.37208
"1137",14.66,14.73,14.53,14.57,3051000,14.24498
"1138",14.6,14.68,14.46,14.49,3748900,14.166765
"1139",14.48,14.64,14.37,14.51,3120400,14.186319
"1140",14.58,14.88,14.55,14.83,3660400,14.49918
"1141",14.94,14.98,14.75,14.92,4364000,14.587173
"1142",14.92,15.23,14.92,15.16,7617400,14.821819
"1143",15.14,15.19,14.94,15.16,3311200,14.821819
"1144",15.19,15.35,15.16,15.3,1716100,14.958696
"1145",15.32,15.35,15.17,15.23,1116800,14.890257
"1146",15.27,15.36,15.24,15.25,977400,14.909811
"1147",15.22,15.5,15.22,15.39,2479000,15.046689
"1148",15.3,15.5,15.24,15.28,2363000,14.939142
"1149",15.33,15.41,15.17,15.18,2450300,14.841373
"1150",15.22,15.3,14.98,15.15,2425100,14.812042
"1151",15.09,15.09,14.76,14.79,2713100,14.460073
"1152",14.79,14.82,14.44,14.55,3802000,14.225427
"1153",14.62,14.7,14.52,14.69,3007300,14.362303
"1154",14.77,14.92,14.74,14.89,2459400,14.557842
"1155",14.88,14.92,14.59,14.59,2361500,14.264534
"1156",14.63,14.65,14.47,14.56,3565700,14.235204
"1157",14.69,14.78,14.35,14.5,4228900,14.176542
"1158",14.42,14.47,14.1,14.4,6348200,14.078772
"1159",14.46,14.49,14.14,14.17,5495700,13.853903
"1160",14.11,14.3,13.97,14.28,5940600,13.961449
"1161",14.32,14.35,14.08,14.12,4496500,13.805019
"1162",14.08,14.24,14.03,14.15,2973000,13.834349
"1163",14.34,14.74,14.23,14.73,4092000,14.401411
"1164",14.72,14.75,14.53,14.57,2582700,14.24498
"1165",14.51,14.67,14.37,14.6,3414700,14.274312
"1166",14.49,14.53,14.35,14.38,3259800,14.059219
"1167",14.26,14.32,13.98,13.99,3578200,13.836685
"1168",14.04,14.22,13.97,14.18,3350400,14.024603
"1169",14.06,14.22,14.01,14.07,9360700,13.915808
"1170",14.11,14.38,14.1,14.34,3070700,14.182849
"1171",14.4,14.6,14.34,14.59,2977200,14.43011
"1172",14.53,14.63,14.16,14.42,3209600,14.261973
"1173",14.53,14.62,14.43,14.58,3041900,14.420219
"1174",14.61,14.9,14.59,14.71,3267400,14.548794
"1175",14.65,14.77,14.55,14.68,3022100,14.519124
"1176",14.76,14.79,14.6,14.74,2190500,14.578465
"1177",14.68,14.78,14.61,14.67,1591700,14.509233
"1178",14.73,14.99,14.67,14.95,3690000,14.786164
"1179",14.93,15.05,14.83,14.95,2295100,14.786164
"1180",14.96,15.07,14.86,15.02,2652500,14.855398
"1181",15.03,15.07,14.82,14.85,1725300,14.687261
"1182",14.77,14.98,14.72,14.89,1652000,14.726822
"1183",14.84,14.98,14.73,14.97,2340400,14.805945
"1184",14.95,15.02,14.9,15.01,1787400,14.845507
"1185",15.02,15.17,15,15.1,2301800,14.934521
"1186",15.07,15.14,15.02,15.04,1651300,14.875178
"1187",15.01,15.16,14.99,15.07,2462600,14.904849
"1188",15.06,15.25,15.05,15.13,2365500,14.964192
"1189",15.15,15.22,15.06,15.19,2745500,15.023534
"1190",15.14,15.25,15.1,15.2,2216900,15.033424
"1191",15.13,15.18,15.02,15.08,2144100,14.91474
"1192",15.06,15.14,14.97,15.08,1933100,14.91474
"1193",15,15.27,14.97,15.13,4968700,14.964192
"1194",15.16,15.22,15.07,15.18,1770000,15.013644
"1195",15.03,15.09,14.93,14.93,1852200,14.766384
"1196",14.94,14.99,14.81,14.88,2248400,14.716932
"1197",14.97,15.22,14.92,15.2,2481500,15.033424
"1198",15.2,15.2,14.96,15.08,2467200,14.91474
"1199",15.14,15.23,15.06,15.19,2492400,15.023534
"1200",15.14,15.31,15.09,15.27,2478700,15.102658
"1201",15.27,15.45,15.17,15.35,5534100,15.181781
"1202",15.32,15.33,15.08,15.18,3097800,15.013644
"1203",15.24,15.36,15.23,15.35,3318500,15.181781
"1204",15.39,15.39,15.2,15.23,2695500,15.063095
"1205",15.21,15.27,15.15,15.2,1939500,15.033424
"1206",15.25,15.25,15.04,15.06,2506900,14.894959
"1207",14.98,15.12,14.87,15.06,2983400,14.894959
"1208",15.05,15.11,14.96,15.09,2294000,14.92463
"1209",15.12,15.44,15.12,15.27,3535600,15.102658
"1210",15.19,15.26,15.11,15.2,1810200,15.033424
"1211",15.12,15.2,14.93,15.09,3539000,14.92463
"1212",15.05,15.23,15.04,15.18,1814800,15.013644
"1213",15.11,15.18,14.99,15.14,2237900,14.974082
"1214",15.1,15.28,15.07,15.13,1805000,14.964192
"1215",15.15,15.23,15.04,15.12,2481100,14.954301
"1216",15.12,15.17,14.93,15.03,2546400,14.865287
"1217",15.06,15.11,15.02,15.07,1392200,14.904849
"1218",15.05,15.25,15,15.15,3719300,14.983972
"1219",15.14,15.23,14.92,15.09,4672600,14.92463
"1220",15.13,15.3,15.01,15.19,4286500,15.023534
"1221",15.31,15.4,15.06,15.23,4255600,15.063095
"1222",15.23,15.27,15.03,15.04,4194500,14.875178
"1223",15.09,15.37,15.06,15.31,3860300,15.14222
"1224",15.36,15.39,15.24,15.31,3075500,15.14222
"1225",15.31,15.35,15.12,15.33,2978100,15.162
"1226",15.33,15.36,15.21,15.22,1715200,15.053206
"1227",15.21,15.25,15.1,15.15,1886800,14.983972
"1228",15.2,15.24,15.03,15.08,2412900,14.91474
"1229",15.09,15.33,15.09,15.33,3228000,15.162
"1230",15.13,15.27,15.1,15.18,2938200,15.18
"1231",15.12,15.33,15.05,15.11,5721900,15.11
"1232",15.22,15.27,14.95,14.99,2829500,14.99
"1233",14.98,15.17,14.97,15.16,1816500,15.16
"1234",15.12,15.24,15.04,15.07,3128500,15.07
"1235",15.13,15.24,14.97,15.24,4930200,15.24
"1236",15.2,15.28,15.08,15.17,4472600,15.17
"1237",15.24,15.35,15.15,15.33,3600800,15.33
"1238",15.28,15.36,15.19,15.33,3382900,15.33
"1239",15.32,15.41,15.17,15.31,3459700,15.31
"1240",15.33,15.43,15.23,15.37,3957100,15.37
"1241",15.4,15.43,15.31,15.41,2132300,15.41
"1242",15.44,15.44,15.23,15.24,2734600,15.24
"1243",15.2,15.42,15.17,15.38,3292500,15.38
"1244",15.44,15.57,15.38,15.57,3151100,15.57
"1245",15.57,15.57,15.4,15.53,2825200,15.53
"1246",15.46,15.53,15.39,15.45,2092500,15.45
"1247",15.45,15.52,15.41,15.42,1574800,15.42
"1248",15.43,15.44,15.26,15.35,2040100,15.35
"1249",15.39,15.54,15.32,15.51,1903000,15.51
"1250",15.47,15.57,15.42,15.56,2140800,15.56
"1251",15.59,15.62,15.42,15.56,3996200,15.56
"1252",15.6,15.65,15.42,15.53,3175300,15.53
"1253",15.5,15.62,15.45,15.56,2522000,15.56
"1254",15.62,15.83,15.61,15.78,2723700,15.78
"1255",15.73,15.82,15.63,15.7,2474000,15.7
"1256",15.73,15.9,15.64,15.89,3814800,15.89
"1257",15.88,15.99,15.84,15.87,2717700,15.87
"1258",15.87,16.040001,15.82,15.93,2276000,15.93
"1259",16,16.129999,15.94,16.07,2961300,16.07
