"","TSN.Open","TSN.High","TSN.Low","TSN.Close","TSN.Volume","TSN.Adjusted"
"1",17.889999,18.25,17.82,18.129999,5844400,17.255603
"2",17.940001,18.59,17.83,18.57,5749600,17.674383
"3",18.65,18.690001,18.209999,18.42,4969400,17.531618
"4",18.57,18.700001,18.200001,18.68,4104400,17.779079
"5",18.469999,18.52,18.25,18.4,5441900,17.512582
"6",18.41,18.57,18.129999,18.389999,4982400,17.503064
"7",18.389999,18.5,18.25,18.32,3186600,17.43644
"8",18.530001,18.629999,18.030001,18.120001,3750200,17.246087
"9",18.09,18.25,17.66,17.700001,5453600,16.846344
"10",17.59,17.780001,17.360001,17.709999,4694500,16.85586
"11",17.629999,18.08,17.34,17.870001,6790600,17.008145
"12",17.870001,18.040001,17.25,17.299999,6454500,16.465634
"13",17.26,17.530001,17.18,17.25,3558300,16.418046
"14",17,17.23,16.690001,16.75,5301100,15.942161
"15",16.77,16.879999,16.35,16.389999,7474600,15.599523
"16",16.309999,16.42,16.01,16.25,5799400,15.466275
"17",16.299999,16.549999,16.190001,16.43,3190400,15.637594
"18",16.66,16.870001,16.360001,16.530001,4752500,15.732772
"19",16.51,16.950001,16.51,16.9,6285100,16.084926
"20",17.17,17.299999,17.07,17.200001,4854100,16.370458
"21",17.16,17.610001,17.049999,17.540001,4462300,16.69406
"22",17.530001,17.65,17.440001,17.540001,6134400,16.69406
"23",17.709999,17.950001,17.639999,17.74,4352800,16.884413
"24",17.74,17.98,17.459999,17.84,4041600,16.979591
"25",17.809999,17.9,17.530001,17.790001,3548300,16.932003
"26",17.5,17.700001,17.09,17.18,3909100,16.351422
"27",17.15,17.620001,17.15,17.540001,4395300,16.69406
"28",17.360001,17.48,17.110001,17.379999,4565700,16.541775
"29",17.450001,17.639999,17.26,17.280001,3648300,16.4466
"30",17.450001,17.889999,17.35,17.85,2732100,16.989109
"31",17.790001,17.98,17.639999,17.93,2268700,17.06525
"32",17.76,18.059999,17.620001,18.059999,3884300,17.18898
"33",18.190001,18.42,17.77,17.870001,4363800,17.008145
"34",17.870001,17.92,17.59,17.639999,2282800,16.789236
"35",17.74,17.790001,17.33,17.35,4686500,16.513223
"36",17.120001,17.629999,17.1,17.51,3267300,16.665507
"37",17.639999,17.790001,17.5,17.74,3753800,16.884413
"38",17.629999,17.75,17.549999,17.690001,2798600,16.836826
"39",17.75,17.870001,17.32,17.57,6439200,16.722612
"40",17.5,17.5,16.52,16.780001,9890900,15.970714
"41",16.610001,17.16,16.5,17.139999,5918200,16.313351
"42",16.82,17.059999,16.25,16.299999,11236600,15.513863
"43",16.040001,16.290001,15.9,16.08,7593900,15.304474
"44",15.93,16.01,15.67,15.96,4861700,15.190262
"45",15.66,16.120001,15.66,15.99,4153400,15.218815
"46",15.98,16.389999,15.9,16.27,4454600,15.485311
"47",16.18,16.77,16.17,16.67,5328800,15.866019
"48",16.799999,16.85,16.16,16.17,5312100,15.390134
"49",16.190001,16.52,16.09,16.469999,6581900,15.675664
"50",16.370001,16.52,16.120001,16.459999,5254200,15.666146
"51",16.309999,16.68,16.18,16.620001,3760800,15.818431
"52",16.549999,16.799999,16.41,16.59,5185100,15.789877
"53",16.370001,16.4,16.09,16.200001,4108600,15.418687
"54",16.1,16.26,15.88,16.190001,2835000,15.409169
"55",16.25,16.530001,16.219999,16.4,3545800,15.60904
"56",16.48,16.629999,16.200001,16.610001,4124500,15.808913
"57",16.57,16.6,16.370001,16.4,2690400,15.646721
"58",16.379999,16.52,16.25,16.379999,3882000,15.627639
"59",16.51,16.780001,16.440001,16.59,3313200,15.827994
"60",16.709999,16.74,15.89,16.040001,10520700,15.303257
"61",16.030001,16.309999,16.030001,16.209999,5427100,15.465447
"62",16.17,16.450001,16.01,16.370001,5640300,15.6181
"63",16.34,16.889999,16.34,16.75,5275800,15.980645
"64",16.91,17.059999,16.77,17.02,4034000,16.238244
"65",17.02,17.08,16.77,16.84,3861200,16.066511
"66",16.99,17.190001,16.959999,17.16,3072200,16.371813
"67",17.15,17.209999,16.91,16.950001,2712600,16.171459
"68",16.9,17.110001,16.860001,17.1,2515800,16.314569
"69",17.07,17.110001,16.91,17.02,2535800,16.238244
"70",17.02,17.040001,15.68,15.85,16040100,15.121984
"71",16,16.27,15.71,16.23,5622000,15.484529
"72",16.25,16.34,15.66,15.72,5537300,14.997955
"73",15.72,15.8,15.48,15.48,5902800,14.768978
"74",15.44,15.98,15.39,15.73,3618200,15.007495
"75",15.84,15.84,15.37,15.65,4153800,14.93117
"76",15.55,15.55,15.04,15.22,6073500,14.520921
"77",15.38,15.38,15.14,15.27,5254400,14.568624
"78",15.27,15.59,15.26,15.42,3781100,14.711734
"79",15.44,16.09,15.44,16.02,8977800,15.284176
"80",16.190001,16.33,15.92,16.26,6623700,15.513152
"81",16.190001,16.26,15.72,15.77,4552500,15.045659
"82",15.91,16.190001,15.91,16.129999,5323200,15.389122
"83",16.07,16.23,15.98,16.040001,3363800,15.303257
"84",16.129999,16.27,16.02,16.27,3776700,15.522693
"85",16.120001,16.120001,14.82,15.01,16604900,14.320566
"86",15.05,15.06,14.71,14.84,9212300,14.158375
"87",14.81,14.9,14.59,14.84,8752600,14.158375
"88",14.92,15.32,14.89,15.07,6451500,14.37781
"89",15.15,15.48,15.05,15.31,6362200,14.606787
"90",15.4,15.46,15.24,15.36,4461100,14.65449
"91",15.4,15.78,15.35,15.67,5713700,14.950251
"92",15.57,15.75,15.37,15.37,5794500,14.664031
"93",15.44,15.54,15.26,15.43,3887800,14.721275
"94",15.45,15.8,15.4,15.63,3809000,14.912089
"95",15.65,15.77,15.54,15.63,2369900,14.912089
"96",15.76,15.98,15.61,15.74,3494600,15.017036
"97",15.65,15.84,15.4,15.8,4081100,15.07428
"98",15.67,15.75,15.56,15.72,3418500,14.997955
"99",15.81,15.95,15.4,15.55,3047200,14.835763
"100",15.56,15.65,15.42,15.55,2547800,14.835763
"101",15.62,15.75,15.35,15.52,3097100,14.807141
"102",15.55,15.58,15.21,15.27,3982000,14.568624
"103",15.24,15.73,15.05,15.38,4569000,14.673572
"104",15.47,15.57,15.19,15.41,5075000,14.702193
"105",15.45,15.45,15.04,15.1,4344300,14.406433
"106",15.14,15.58,15.07,15.54,4049300,14.826222
"107",15.49,15.5,14.98,15.03,6853900,14.339647
"108",15,15.28,14.83,15.27,3925200,14.568624
"109",15.09,15.14,14.79,15,4340900,14.311025
"110",14.89,15.14,14.87,14.99,3527800,14.301485
"111",15.07,15.3,15.01,15.01,2888500,14.320566
"112",14.98,15.24,14.96,15.24,4886600,14.540002
"113",15.21,15.38,15.15,15.36,4532000,14.65449
"114",15.43,15.67,15.41,15.58,5075500,14.864385
"115",15.53,15.77,15.46,15.64,5399700,14.92163
"116",16.219999,16.66,16.030001,16.6,8784300,15.837535
"117",16.459999,16.48,16.1,16.190001,4453600,15.446367
"118",16.23,16.4,16.01,16.35,3319500,15.599018
"119",16.280001,16.379999,16.1,16.18,1479500,15.436826
"120",16.059999,16.280001,15.81,16.190001,4172300,15.484648
"121",16.040001,16.09,15.67,15.83,8774100,15.140331
"122",16.09,16.530001,16.049999,16.5,6015100,15.781142
"123",16.51,16.91,16.41,16.85,4912700,16.115893
"124",16.84,16.959999,16.690001,16.9,4013600,16.163714
"125",16.879999,16.98,16.76,16.92,3924700,16.182843
"126",17.049999,17.360001,17.040001,17.190001,5758100,16.441081
"127",17.17,17.290001,16.91,17.120001,3475000,16.374131
"128",17.309999,17.709999,17.299999,17.360001,7621700,16.603674
"129",17.4,17.76,17.299999,17.74,3142500,16.967118
"130",17.809999,17.809999,17.1,17.110001,3977100,16.364566
"131",17.190001,17.360001,16.98,17.139999,4567800,16.393258
"132",17.15,17.32,16.73,16.950001,6012300,16.211537
"133",17.08,17.49,17.059999,17.48,4254000,16.718445
"134",17.450001,17.549999,17.120001,17.18,4034700,16.431516
"135",17.190001,17.440001,17.129999,17.280001,2503700,16.52716
"136",17.360001,17.58,17.16,17.51,2545400,16.747139
"137",17.49,17.690001,17.469999,17.65,3345700,16.881039
"138",17.620001,17.700001,17.34,17.469999,1954900,16.708881
"139",17.459999,17.52,17.32,17.43,1396100,16.670624
"140",17.51,17.58,17.379999,17.389999,1423700,16.632366
"141",17.450001,17.700001,17.450001,17.48,1764100,16.718445
"142",17.42,17.620001,17.370001,17.540001,1700600,16.775833
"143",17.559999,17.559999,17.17,17.219999,2329100,16.469772
"144",17.209999,17.209999,16.299999,16.42,8878300,15.704627
"145",16.42,16.49,16.17,16.25,5314300,15.542033
"146",16.25,16.58,16.24,16.450001,4497000,15.733321
"147",16.5,16.98,16.379999,16.559999,5844500,15.838527
"148",16.549999,16.940001,16.530001,16.93,4515400,16.192408
"149",16.879999,17.040001,16.75,16.92,3485500,16.182843
"150",16.98,17,16.77,16.870001,2606800,16.135022
"151",16.93,16.93,16.41,16.83,6663600,16.096764
"152",16.6,16.950001,16.559999,16.809999,4190400,16.077635
"153",16.799999,17.08,16.75,17.01,3044800,16.268922
"154",17.01,17.24,17,17.24,2844400,16.488902
"155",17.23,17.27,16.83,16.85,2755300,16.115893
"156",16.82,17.32,16.76,17.299999,4097700,16.546287
"157",17.450001,17.5,17.23,17.25,3581000,16.498466
"158",17,17.110001,16.780001,17.01,3473300,16.268922
"159",16.940001,17,16.65,16.77,4620300,16.039379
"160",16.82,17.09,16.73,17.07,3859400,16.326308
"161",17.059999,17.07,16.809999,16.809999,3157200,16.077635
"162",16.85,16.93,16.469999,16.549999,2546100,15.828962
"163",16.530001,16.799999,16.43,16.450001,3771300,15.733321
"164",16.559999,17.17,16.5,17.15,4091000,16.402822
"165",17.139999,17.139999,16.84,17.09,3372300,16.345437
"166",17.1,17.6,17.059999,17.559999,5596200,16.79496
"167",18.5,18.98,18.17,18.559999,12745700,17.751393
"168",18.530001,18.549999,17.98,17.99,6474700,17.206226
"169",18.040001,18.809999,18.01,18.77,7600800,17.952244
"170",18.68,18.74,18.450001,18.59,4241600,17.780086
"171",18.49,18.57,18.24,18.440001,3920100,17.636622
"172",18.360001,18.65,18.35,18.49,3607700,17.684443
"173",18.450001,18.5,18.219999,18.26,3388400,17.464464
"174",18.200001,18.41,18.110001,18.24,2592500,17.445334
"175",18.26,18.629999,18.26,18.530001,1839700,17.722701
"176",18.469999,18.77,18.26,18.74,3011600,17.923551
"177",18.780001,18.799999,18.51,18.629999,2425000,17.818343
"178",18.459999,18.940001,18.370001,18.690001,4139300,17.87573
"179",18.65,18.75,18.33,18.48,4631100,17.674878
"180",18.42,18.73,18.059999,18.290001,6332700,17.493157
"181",18.379999,18.950001,18.309999,18.870001,5944600,18.087445
"182",18.91,19.139999,18.610001,18.629999,4249400,17.857397
"183",18.84,18.870001,18.440001,18.469999,3177700,17.704032
"184",18.450001,18.540001,18.27,18.49,2668200,17.723203
"185",18.57,18.860001,18.440001,18.74,2691200,17.962835
"186",18.75,18.889999,18.280001,18.42,2500300,17.656106
"187",18.5,18.639999,18.280001,18.4,2398200,17.636935
"188",18.389999,18.809999,18.299999,18.799999,3167500,18.020347
"189",19.02,19.68,19.02,19.610001,7043800,18.796757
"190",19.469999,19.74,19.32,19.360001,6855300,18.557124
"191",19.389999,19.57,19.200001,19.49,2597000,18.681732
"192",19.389999,19.389999,18.85,18.889999,4002700,18.106614
"193",18.610001,19.02,18.4,18.9,3008200,18.1162
"194",18.91,18.940001,18.24,18.459999,5119100,17.694447
"195",18.68,18.879999,18.41,18.49,2353600,17.723203
"196",18.719999,19.110001,18.65,19.059999,3864000,18.269564
"197",19.26,19.34,19.09,19.1,2848700,18.307906
"198",19.08,19.120001,18.780001,19.040001,2461100,18.250395
"199",19.08,19.1,18.85,19,2372200,18.212053
"200",19.389999,19.799999,19.370001,19.610001,4786300,18.796757
"201",19.700001,19.959999,19.67,19.82,3210800,18.998047
"202",19.85,19.99,19.77,19.77,2362700,18.950121
"203",19.790001,19.85,19.43,19.6,2826100,18.787171
"204",19.75,19.790001,19.549999,19.709999,2795100,18.892608
"205",19.66,19.700001,19.129999,19.190001,4473800,18.394174
"206",19.299999,19.65,19.299999,19.32,3516000,18.518782
"207",19.33,19.440001,19,19.02,2577400,18.231224
"208",18.940001,19.09,18.879999,18.9,2533300,18.1162
"209",19.01,19.389999,19,19.299999,5608500,18.499611
"210",19.24,19.459999,19.129999,19.309999,4322200,18.509197
"211",19.41,19.530001,19.25,19.309999,3097300,18.509197
"212",19.299999,19.42,19.15,19.18,2236700,18.384589
"213",19.16,19.51,19.049999,19.5,3358300,18.691318
"214",19.49,19.610001,19.35,19.440001,2508200,18.633807
"215",19.35,19.440001,19.18,19.4,2340800,18.595464
"216",19.450001,19.73,19.360001,19.629999,3349800,18.815926
"217",19.43,19.629999,19.4,19.48,3212300,18.672147
"218",19.450001,19.540001,19.18,19.24,2819000,18.4421
"219",19.43,19.51,19.24,19.379999,2539100,18.576293
"220",19.52,19.59,19.41,19.49,1326600,18.681732
"221",19.41,19.450001,19.17,19.24,2256800,18.4421
"222",19.35,19.540001,19.25,19.540001,2403400,18.72966
"223",19.6,19.75,19.6,19.700001,2946600,18.883024
"224",19.700001,19.799999,19.469999,19.77,3357000,18.950121
"225",19.75,19.950001,19.67,19.9,3500000,19.074729
"226",19.959999,19.959999,19.799999,19.92,3912700,19.0939
"227",19.9,20.120001,19.75,19.780001,7720100,18.959707
"228",19.85,19.98,19.26,19.370001,5371400,18.56671
"229",19.33,19.43,19.16,19.219999,3612500,18.422929
"230",19.4,19.469999,18.73,18.889999,4870000,18.106614
"231",18.77,18.77,17.620001,17.75,12282600,17.013892
"232",17.690001,18.43,17.629999,17.950001,8042300,17.205598
"233",17.9,18.25,17.82,18.01,9765800,17.26311
"234",18.23,18.98,18.219999,18.84,9486300,18.058689
"235",18.879999,18.879999,18.4,18.530001,5416300,17.761545
"236",18.52,18.58,18.379999,18.51,3610200,17.742374
"237",18.42,18.6,18.4,18.559999,3959800,17.7903
"238",18.469999,18.549999,18.08,18.42,4366400,17.656106
"239",18.41,18.559999,18.24,18.559999,3840000,17.7903
"240",18.67,18.870001,18.540001,18.76,4185100,17.982006
"241",18.559999,18.700001,18.459999,18.639999,3127000,17.866982
"242",18.620001,18.77,18.52,18.549999,2882100,17.780714
"243",18.469999,18.51,18.16,18.299999,3224300,17.541082
"244",18.26,18.540001,18.25,18.49,3824200,17.723203
"245",18.549999,18.59,18.51,18.540001,2649100,17.809659
"246",18.780001,19.02,18.66,19.02,4251800,18.27075
"247",18.950001,19.049999,18.74,18.9,4777300,18.155476
"248",18.83,18.83,18.110001,18.110001,4965900,17.396598
"249",17.98,18.059999,17.75,17.76,4273700,17.060385
"250",17.700001,17.799999,17.530001,17.530001,3671600,16.839445
"251",17.639999,17.639999,17.42,17.43,3997500,16.743384
"252",17.370001,17.629999,17.33,17.620001,5281200,16.9259
"253",17.6,17.639999,17.379999,17.469999,5157300,16.781808
"254",17.41,17.549999,17.1,17.120001,4287600,16.445597
"255",17.190001,17.76,17.09,17.629999,4942400,16.935505
"256",17.809999,18.139999,17.75,18.1,5784900,17.386991
"257",17.959999,17.959999,17.52,17.59,4329000,16.897081
"258",17.77,18.139999,17.66,18.08,4636600,17.367779
"259",18.17,18.370001,18.040001,18.18,4993900,17.46384
"260",18.120001,18.32,18.030001,18.280001,2729100,17.559901
"261",18.41,18.5,18.25,18.42,5333000,17.694385
"262",18.389999,18.52,18.280001,18.290001,3204800,17.569507
"263",18.15,18.76,18.030001,18.74,13075600,18.001779
"264",18.610001,19.040001,18.610001,18.9,6683200,18.155476
"265",18.9,19.030001,18.879999,18.950001,5078600,18.203508
"266",18.93,19.16,18.77,19.16,6777200,18.405234
"267",19.209999,19.450001,18.99,19.34,7413900,18.578144
"268",19.42,19.629999,19.32,19.42,6929000,18.654992
"269",19.5,19.700001,19.389999,19.530001,5232100,18.76066
"270",19.549999,19.58,19.18,19.24,4577000,18.482083
"271",19.25,19.459999,19.08,19.24,3641600,18.482083
"272",19.360001,19.43,19.030001,19.030001,5648000,18.280356
"273",18.93,18.98,18.559999,18.65,6184000,17.915324
"274",18.530001,18.6,18.299999,18.42,3840000,17.694385
"275",18.34,18.780001,18.34,18.629999,2773000,17.896112
"276",18.68,18.73,18.52,18.57,2800400,17.838476
"277",18.65,18.83,18.42,18.459999,2389200,17.732809
"278",18.459999,18.52,18.26,18.43,2992700,17.703992
"279",18.370001,18.42,18.01,18.16,3536600,17.444627
"280",18.290001,18.42,18.15,18.370001,3254700,17.646356
"281",18.43,18.43,18.200001,18.299999,2261700,17.579112
"282",18.43,18.690001,18.280001,18.67,3254700,17.934537
"283",18.549999,18.57,18.200001,18.25,3270300,17.531082
"284",18.18,18.24,18.01,18.01,3571000,17.300536
"285",18,18.25,17.93,18.15,2975200,17.435021
"286",18.059999,18.07,17.559999,17.610001,5183700,16.916294
"287",17.629999,17.77,17.51,17.51,2934900,16.820233
"288",17.370001,17.83,17.27,17.559999,4442800,16.868262
"289",17.719999,17.77,17.299999,17.49,3280400,16.80102
"290",17.33,17.41,17.1,17.129999,4388000,16.455201
"291",17.09,17.34,16.9,17.309999,3036400,16.628111
"292",17.120001,17.18,16.24,16.25,5476700,15.609867
"293",16.530001,16.639999,15.68,16.309999,8484900,15.667503
"294",16.18,16.82,15.6,15.68,9841800,15.062322
"295",15.96,16.76,15.93,16.719999,10160700,16.061352
"296",16.41,16.83,16.25,16.530001,10563500,15.878838
"297",16.68,17.15,16.5,16.959999,6776200,16.291898
"298",16.959999,17.33,16.860001,17.16,3284100,16.48402
"299",17.389999,17.66,17.26,17.65,2831200,16.954717
"300",17.5,17.68,17.32,17.52,2788800,16.829839
"301",17.620001,17.799999,17.4,17.559999,2463700,16.868262
"302",17.129999,17.34,16.690001,16.84,4163500,16.176626
"303",16.639999,17.120001,16.6,16.629999,3929400,15.974897
"304",16.99,16.99,16.52,16.639999,3193000,15.984504
"305",16.83,17.219999,16.799999,17.17,4407400,16.493626
"306",17.08,17.450001,17.059999,17.389999,4231700,16.704959
"307",17.379999,17.549999,16.879999,16.92,4951300,16.253474
"308",16.82,17.08,16.5,16.870001,4022300,16.205445
"309",17.049999,17.57,17,17.52,3977400,16.829839
"310",17.360001,17.540001,17.15,17.379999,3281800,16.733558
"311",17.42,17.629999,17.290001,17.469999,2741200,16.820211
"312",17.559999,17.73,17.389999,17.440001,2676600,16.791328
"313",17.18,17.360001,17.07,17.09,2202700,16.454345
"314",16.620001,16.870001,16.5,16.84,4513400,16.213644
"315",16.91,17.200001,16.84,17.18,3688200,16.540998
"316",17.15,17.43,17.02,17.18,3000800,16.540998
"317",16.969999,17.059999,16.6,16.709999,3513300,16.088478
"318",16.52,16.74,16.43,16.68,3801500,16.059595
"319",16.700001,16.950001,16.690001,16.93,3539300,16.300297
"320",16.969999,17.200001,16.719999,16.99,3744200,16.358064
"321",17.16,17.5,17.02,17.48,4052100,16.829839
"322",17.52,17.58,17.32,17.43,3383400,16.781699
"323",17.17,17.32,17.059999,17.24,1855500,16.598766
"324",17.219999,17.24,16.82,16.83,3901300,16.204016
"325",16.77,17.129999,16.41,16.42,3056000,15.809266
"326",15.96,16.389999,15.96,16.309999,4286000,15.703356
"327",16.209999,16.620001,16.07,16.440001,3698200,15.828522
"328",16.559999,16.92,16.370001,16.889999,3510400,16.261783
"329",17.299999,17.559999,17.18,17.290001,4072200,16.646907
"330",17.299999,17.459999,16.559999,16.59,4688800,15.972943
"331",16.790001,17.34,16.75,17.110001,3976100,16.473602
"332",16.92,17.85,16.9,17.360001,5591000,16.714303
"333",17.26,17.4,16.67,16.68,4248600,16.059595
"334",16.49,17.120001,16.379999,17.1,6400000,16.463974
"335",17.110001,17.379999,16.799999,17.24,5369600,16.598766
"336",17.23,17.52,17.18,17.5,5376400,16.849095
"337",17.6,17.67,17.280001,17.370001,3059400,16.723931
"338",17.67,17.84,17.59,17.84,2558100,17.176449
"339",17.889999,18.34,17.879999,17.950001,4171100,17.282359
"340",18.200001,18.65,18.18,18.43,4592400,17.744505
"341",18.25,18.35,18.049999,18.27,2487300,17.590456
"342",18.530001,18.57,18.110001,18.549999,3850900,17.86004
"343",18.4,18.41,18,18.07,3033400,17.397894
"344",18.120001,18.889999,18.059999,18.639999,4293900,17.946693
"345",18.59,18.799999,18.43,18.51,2856200,17.821529
"346",18.5,18.65,18.32,18.549999,2754200,17.86004
"347",18.74,19,18.639999,18.799999,2533700,18.100742
"348",18.790001,19.030001,18.75,18.959999,2228700,18.25479
"349",18.76,18.950001,18.6,18.66,4832700,17.96595
"350",18.9,18.98,18.58,18.790001,3715400,18.091115
"351",19.200001,19.68,19.110001,19.450001,5666300,18.726567
"352",19.42,19.6,19.15,19.58,3826900,18.851731
"353",19.440001,19.59,19.219999,19.299999,4537600,18.582144
"354",18.799999,19.219999,18.719999,18.9,4138500,18.197023
"355",19.120001,19.26,18.93,19.049999,2673500,18.341443
"356",19.129999,19.48,18.93,19.4,2874100,18.678425
"357",19.200001,19.4,19,19.33,2546000,18.611029
"358",19.24,19.469999,19.059999,19.33,2798900,18.611029
"359",19.440001,19.74,19.389999,19.66,2794500,18.928755
"360",19.290001,19.450001,19.049999,19.23,3814100,18.514748
"361",19.32,19.389999,19.040001,19.219999,2096400,18.50512
"362",19.41,19.700001,19.379999,19.51,2320600,18.784335
"363",19.790001,19.9,19.65,19.85,3404100,19.111689
"364",19.84,19.93,19.67,19.82,3501600,19.082804
"365",19.629999,19.950001,19.51,19.700001,3415400,18.967268
"366",19.6,19.73,19.17,19.34,3144700,18.620658
"367",19.389999,19.74,19.360001,19.450001,3334700,18.726567
"368",19.040001,19.58,18.790001,19.459999,5749800,18.736193
"369",19.370001,19.620001,19.139999,19.360001,3172800,18.639914
"370",19.209999,19.43,19.129999,19.17,2830600,18.456981
"371",19.1,19.469999,19.08,19.25,1099200,18.534005
"372",19.700001,19.75,19.48,19.629999,3314100,18.89987
"373",19.620001,19.940001,19.5,19.68,3899300,18.9867
"374",19.91,20.309999,19.879999,20.139999,7126800,19.430494
"375",20.18,20.49,20.139999,20.33,4157800,19.613801
"376",20.440001,20.5,20.049999,20.16,4340300,19.44979
"377",20.389999,20.49,20.17,20.33,3946100,19.613801
"378",20.370001,20.5,20.129999,20.379999,4773700,19.662039
"379",20.35,20.440001,20.219999,20.309999,3692900,19.594505
"380",20.18,20.43,20.049999,20.23,3432700,19.517324
"381",20.34,20.74,20.290001,20.530001,3187600,19.806756
"382",20.41,20.48,19.969999,20.1,2907700,19.391904
"383",20.23,20.5,20.15,20.209999,4171600,19.498028
"384",20.07,20.120001,19.82,19.93,3471700,19.227893
"385",20.059999,20.59,20,20.530001,4547500,19.806756
"386",20.629999,20.66,20.299999,20.370001,4386400,19.652393
"387",20.389999,20.530001,20.129999,20.200001,2187900,19.488382
"388",20.389999,20.530001,20.219999,20.4,2565700,19.681335
"389",20.370001,20.879999,20.360001,20.879999,3482200,20.144425
"390",20.950001,20.950001,20.73,20.84,2282400,20.105835
"391",20.91,20.98,20.799999,20.91,1211800,20.173368
"392",20.92,21,20.84,20.889999,1291300,20.154073
"393",20.879999,20.889999,20.690001,20.809999,1550500,20.076891
"394",20.809999,21.059999,20.75,20.860001,1854600,20.125131
"395",20.879999,20.9,20.629999,20.639999,2616100,19.91288
"396",20.889999,20.98,20.280001,20.309999,4974100,19.594505
"397",20.27,20.4,20.17,20.370001,2574400,19.652393
"398",20.23,20.4,20.049999,20.280001,3101700,19.565563
"399",20.25,20.58,20.15,20.32,2530100,19.604153
"400",20.290001,20.389999,20.030001,20.09,3402600,19.382256
"401",20.27,20.450001,20.01,20.33,4255600,19.613801
"402",20.200001,20.24,19.700001,19.74,5937700,19.044586
"403",19.799999,20.32,19.799999,19.959999,5174200,19.256835
"404",19.879999,19.91,19.690001,19.879999,3196300,19.179653
"405",20.049999,20.120001,19.459999,19.57,3856700,18.880575
"406",19.299999,19.549999,19.08,19.459999,5211200,18.774449
"407",19.42,19.68,19.389999,19.5,4123400,18.813041
"408",19.42,19.450001,19.17,19.200001,3809900,18.52361
"409",19.200001,19.290001,19.1,19.17,6140100,18.494666
"410",19.120001,19.190001,18.959999,18.969999,5006900,18.301711
"411",18.74,18.9,18.66,18.84,11779700,18.176292
"412",18.9,19.23,18.84,18.9,4304400,18.234178
"413",18.870001,18.91,18.610001,18.799999,6986900,18.1377
"414",18.700001,18.84,18.450001,18.73,4772400,18.070167
"415",18.76,18.9,18.530001,18.639999,9090400,17.983337
"416",18.700001,18.809999,18.52,18.52,11197900,17.867565
"417",18.59,18.709999,18.52,18.620001,8284600,17.964043
"418",19.379999,19.83,19.24,19.379999,10307700,18.697268
"419",19.190001,19.280001,19.049999,19.15,5891600,18.475371
"420",19.200001,19.33,19.08,19.139999,3896800,18.465723
"421",19.129999,19.26,19.040001,19.049999,2313600,18.378893
"422",19.030001,19.280001,18.969999,19.129999,5483800,18.456075
"423",18.91,19.02,18.82,18.92,2809200,18.253474
"424",19,19.17,18.91,19.040001,3088300,18.369247
"425",18.98,19.07,18.799999,18.92,4324100,18.253474
"426",18.93,18.99,18.790001,18.84,3062000,18.176292
"427",18.84,19.15,18.77,19.120001,3719400,18.446429
"428",19.16,19.25,18.940001,18.99,2489700,18.321007
"429",18.99,19.030001,18.76,18.790001,2740600,18.128054
"430",18.700001,18.879999,18.66,18.690001,2514300,18.031577
"431",18.719999,18.91,18.5,18.860001,3128800,18.195588
"432",18.870001,19.129999,18.870001,18.99,2417100,18.321007
"433",18.940001,19.25,18.93,19.139999,2806200,18.465723
"434",19.129999,19.33,19.08,19.08,2778000,18.446388
"435",19.059999,19.209999,18.85,18.91,3957900,18.282033
"436",18.93,19.129999,18.709999,19,4507800,18.369044
"437",18.940001,19.700001,18.92,19.43,5995900,18.784765
"438",19.360001,19.49,19.26,19.389999,3594700,18.746093
"439",19.299999,19.49,19.030001,19.18,5221300,18.543067
"440",19.17,19.610001,19.120001,19.549999,4235400,18.900779
"441",19.67,19.85,19.52,19.65,4012000,18.997459
"442",19.67,19.959999,19.52,19.860001,4441500,19.200486
"443",19.82,19.879999,19.65,19.67,2446300,19.016795
"444",19.73,19.99,19.620001,19.969999,3391100,19.306832
"445",19.91,19.99,19.610001,19.65,3768400,18.997459
"446",19.700001,19.85,19.559999,19.690001,3538500,19.036131
"447",19.75,19.940001,19.719999,19.860001,4278300,19.200486
"448",19.790001,19.940001,19.6,19.77,2307900,19.113474
"449",19.68,19.74,19.530001,19.620001,2344800,18.968456
"450",19.559999,19.65,19.379999,19.459999,2418800,18.813768
"451",19.4,19.450001,19.27,19.42,2627200,18.775097
"452",19.459999,19.57,19.26,19.48,1970800,18.833104
"453",19.57,19.700001,19.41,19.48,3466500,18.833104
"454",19.51,19.709999,19.48,19.51,3601300,18.862108
"455",19.530001,19.59,19.32,19.450001,2069000,18.804101
"456",19.32,19.379999,19.07,19.26,3401500,18.62041
"457",19.299999,19.33,19.120001,19.15,3751700,18.514063
"458",19.18,19.540001,19.139999,19.440001,3241300,18.794433
"459",19.459999,19.48,18.98,19.049999,4704000,18.417383
"460",18.940001,19.040001,18.85,18.99,4291300,18.359376
"461",18.889999,19.040001,18.73,18.799999,5450500,18.175685
"462",18.57,18.610001,18.290001,18.299999,4404300,17.692289
"463",18.299999,18.469999,18.24,18.25,4255200,17.643951
"464",18.370001,18.43,18.01,18.08,4221200,17.479596
"465",18.059999,18.26,17.940001,18.1,3948700,17.498932
"466",18.1,18.139999,17.91,17.93,3383600,17.334577
"467",17.959999,18.030001,17.84,17.889999,2300800,17.295905
"468",17.93,18.17,17.860001,18.1,2368000,17.498932
"469",18.01,18.059999,17.84,18.030001,3287900,17.431257
"470",18.030001,18.190001,17.83,17.969999,2812800,17.373248
"471",18,18.129999,17.969999,18.049999,2216000,17.450591
"472",17.860001,17.879999,17.610001,17.66,2488900,17.073543
"473",18.200001,18.34,17.299999,17.93,15382300,17.334577
"474",18,18.059999,17.700001,17.860001,4620300,17.266902
"475",17.870001,18.33,17.790001,18.26,5851900,17.653619
"476",18.41,18.5,18.190001,18.219999,3465500,17.614946
"477",18.219999,18.27,17.99,18.25,2393600,17.643951
"478",18.209999,18.440001,18.09,18.35,3015900,17.74063
"479",18.25,18.41,18.190001,18.33,2541800,17.721294
"480",18.290001,18.35,18.15,18.24,3687400,17.634282
"481",18.18,18.440001,18,18.040001,4371400,17.440925
"482",17.700001,18.790001,17.639999,18.629999,8181200,18.011331
"483",18.6,19.25,18.559999,19.24,8627000,18.601074
"484",19.139999,19.68,19.110001,19.5,7025200,18.85244
"485",19.58,19.700001,19.48,19.540001,3953400,18.891113
"486",19.49,19.77,19.450001,19.58,3538700,18.929784
"487",19.459999,19.530001,19.309999,19.41,3231600,18.765429
"488",19.309999,19.530001,19.26,19.280001,3900900,18.639747
"489",19.299999,19.58,19.280001,19.48,3276000,18.833104
"490",19.440001,19.540001,19.209999,19.209999,3413200,18.57207
"491",19.299999,19.379999,19.030001,19.120001,4337100,18.48506
"492",19.200001,19.33,19.040001,19.120001,3730200,18.48506
"493",19.120001,19.389999,19.09,19.370001,4907900,18.726758
"494",19.27,19.309999,18.959999,19.139999,3825600,18.504395
"495",19.200001,19.25,18.969999,19.040001,5019500,18.407717
"496",19.1,19.389999,19.040001,19.32,3393900,18.678417
"497",19.379999,19.48,19.190001,19.459999,2912200,18.813768
"498",19.290001,19.389999,19.219999,19.290001,3550200,18.687828
"499",19.290001,19.5,19.280001,19.370001,5223800,18.76533
"500",19.15,19.469999,18.68,18.68,3527600,18.096869
"501",18.67,18.75,18.450001,18.59,2858600,18.009679
"502",18.52,18.639999,18.450001,18.57,2405600,17.990303
"503",18.639999,18.870001,18.58,18.860001,3419500,18.271251
"504",19.02,19.129999,18.83,18.879999,4058300,18.290625
"505",18.870001,19.049999,18.84,19.049999,2956800,18.455318
"506",19.139999,19.190001,18.809999,18.84,2895000,18.251875
"507",18.790001,19.049999,18.77,18.91,3022400,18.319689
"508",18.91,19.02,18.719999,18.77,2652200,18.18406
"509",18.75,18.870001,18.51,18.73,2878200,18.145308
"510",18.75,18.799999,18.59,18.76,3674600,18.174372
"511",18.66,19.040001,18.5,19.040001,2857600,18.445632
"512",19.030001,19.209999,18.950001,19.17,3630100,18.571573
"513",19.139999,19.450001,19.139999,19.41,3467200,18.804081
"514",19.51,19.549999,18.84,18.870001,2997100,18.280939
"515",18.940001,19.07,18.889999,18.93,3667600,18.339065
"516",18.76,18.809999,18.459999,18.58,2670600,17.999991
"517",18.59,18.67,18.33,18.58,3130400,17.999991
"518",18.66,18.809999,18.34,18.49,4540500,17.9128
"519",18.389999,18.469999,18.09,18.370001,4516700,17.796547
"520",19.27,19.27,18.530001,18.83,3386200,18.242186
"521",18.879999,18.879999,18.459999,18.559999,3503500,17.980615
"522",18.57,18.59,18.4,18.440001,3353400,17.864362
"523",18.42,18.42,17.75,17.780001,6799700,17.224965
"524",17.700001,17.809999,17.52,17.59,5940800,17.040896
"525",17.32,17.530001,17.08,17.09,6759800,16.556504
"526",16.790001,17.07,16.77,17.07,7923200,16.537128
"527",17.040001,17.17,16.959999,17.059999,5009200,16.52744
"528",16.860001,16.860001,16.219999,16.26,8089800,15.752414
"529",16.25,16.440001,16.110001,16.15,5949800,15.645847
"530",16.030001,16.040001,15.62,15.63,7254500,15.142081
"531",15.73,15.73,15.22,15.45,8438200,14.967699
"532",15.45,15.72,15.4,15.67,15515100,15.180832
"533",15.7,15.7,15.32,15.36,5269800,14.880509
"534",15.23,15.27,15.04,15.09,4600600,14.618938
"535",14.96,15.27,14.87,14.93,5323200,14.463933
"536",14.93,14.99,14.7,14.79,6883600,14.328303
"537",14.86,14.9,14.63,14.68,4379300,14.221737
"538",14.83,14.89,14.62,14.69,3163200,14.231424
"539",14.75,15.11,14.69,15.07,6114300,14.599562
"540",15.03,15.03,14.87,14.9,3722700,14.434868
"541",14.9,15.03,14.85,15.01,5157100,14.541435
"542",15.05,15.19,14.97,15.12,6684500,14.648001
"543",15,15.19,15,15.15,6633900,14.677064
"544",15.23,15.46,15.16,15.4,6419800,14.91926
"545",15.35,15.46,14.07,14.17,17953300,13.727657
"546",14.33,14.83,14.17,14.77,11896400,14.308927
"547",14.83,16.33,14.75,15.97,21328500,15.471467
"548",15.98,16.02,15.54,15.82,9467200,15.326149
"549",15.73,16.1,15.45,16.040001,8918100,15.539282
"550",16.059999,16.110001,15.53,15.63,6556400,15.142081
"551",15.71,15.76,15.53,15.72,6314600,15.229271
"552",15.69,15.88,15.63,15.67,5416900,15.180832
"553",15.72,15.81,15.04,15.26,9139200,14.783631
"554",15.51,15.52,15.38,15.46,10110300,14.977387
"555",15.41,15.49,15.12,15.29,7098200,14.812694
"556",15.31,15.56,15.24,15.32,6397800,14.841757
"557",15.28,15.4,15.1,15.13,4220300,14.657689
"558",15.13,15.22,15.05,15.14,3972400,14.667377
"559",15.1,15.24,15.06,15.15,4980800,14.677064
"560",15.14,15.15,14.91,14.94,4168900,14.47362
"561",15,15.88,14.96,15.62,10680000,15.132393
"562",15.53,15.88,15.51,15.64,10145700,15.190669
"563",15.54,15.68,15.33,15.46,5287500,15.01584
"564",15.52,15.77,15.44,15.66,5295900,15.210094
"565",15.66,15.97,15.56,15.89,7619500,15.433487
"566",15.91,15.94,15.51,15.57,7069600,15.12268
"567",15.68,15.82,15.58,15.75,7082400,15.297509
"568",15.75,15.84,15.6,15.7,4707900,15.248945
"569",15.71,16.120001,15.55,15.93,5101000,15.472337
"570",15.92,16.27,15.88,16.129999,5408700,15.66659
"571",16.27,16.6,16.139999,16.219999,6377600,15.754005
"572",16.18,16.49,16.139999,16.35,4113200,15.880271
"573",16.35,16.709999,16.059999,16.459999,7277800,15.98711
"574",16.459999,16.51,16.15,16.219999,4255800,15.754005
"575",16.219999,16.49,16.040001,16.42,3777900,15.94826
"576",16.49,16.73,16.379999,16.57,6193800,16.09395
"577",16.540001,16.68,16.459999,16.559999,4090100,16.084237
"578",16.57,16.67,16.33,16.440001,6250500,15.967686
"579",16.42,16.440001,16.219999,16.33,4361000,15.860845
"580",16.34,16.379999,15.87,15.92,7013400,15.462625
"581",15.97,16.389999,15.91,16.24,5061500,15.773431
"582",16.290001,16.49,16.24,16.360001,2826500,15.889984
"583",16.24,16.33,15.95,16.02,5434800,15.559752
"584",16.1,16.75,15.96,16.709999,6851900,16.229927
"585",16.709999,16.76,16.530001,16.540001,5178700,16.064813
"586",16.610001,16.65,16.299999,16.34,5409800,15.870558
"587",16.42,16.49,16.219999,16.440001,4625000,15.967686
"588",16.530001,16.719999,16.309999,16.370001,3733300,15.899697
"589",16.34,16.4,16.23,16.280001,2670700,15.812282
"590",16.41,16.67,16.27,16.309999,6908000,15.841419
"591",16.33,16.42,16.049999,16.059999,4251600,15.598602
"592",16.17,16.530001,16.09,16.110001,6324600,15.647166
"593",16.209999,16.290001,15.93,16.02,2943800,15.559752
"594",16.110001,16.200001,16.030001,16.129999,2815200,15.66659
"595",16.16,16.299999,16.139999,16.299999,2519400,15.831706
"596",16.389999,16.530001,16.299999,16.49,2828500,16.016248
"597",16.42,16.629999,16.4,16.620001,3120500,16.142515
"598",16.559999,16.620001,16.379999,16.440001,3530600,15.967686
"599",16.42,16.629999,16.389999,16.620001,4248200,16.142515
"600",16.43,16.43,16.07,16.139999,3360500,15.676303
"601",16.190001,16.4,16.129999,16.4,3747100,15.928834
"602",16.530001,16.639999,16.299999,16.370001,4476500,15.899697
"603",16.41,16.65,16.370001,16.540001,2972400,16.064813
"604",16.52,17,16.469999,16.809999,3619000,16.327055
"605",16.85,17.219999,16.809999,17.190001,7239000,16.696138
"606",17.32,17.4,17.110001,17.129999,2481500,16.637861
"607",17.09,17.129999,16.809999,17.07,2585400,16.579585
"608",17.129999,17.379999,17.1,17.26,2665900,16.764127
"609",17.18,17.25,16.870001,17.02,3213300,16.531022
"610",16.99,17.16,16.65,16.709999,4680200,16.229927
"611",16.65,16.870001,16.5,16.809999,5165000,16.327055
"612",16.809999,16.92,16.73,16.91,3933100,16.424182
"613",16.82,17.23,16.719999,17.110001,4309200,16.618437
"614",17.08,17.110001,16.700001,16.74,5607800,16.259066
"615",16.719999,16.83,16.549999,16.76,4258400,16.278492
"616",16.74,17.030001,16.6,16.879999,9164100,16.395043
"617",17.700001,18.799999,17.65,18.719999,21736300,18.182181
"618",18.65,19.08,18.59,19.07,8867000,18.522126
"619",19.02,19.129999,18.860001,18.99,4710100,18.444424
"620",19.1,19.299999,19.01,19.25,2625600,18.696955
"621",19.110001,19.379999,19.02,19.360001,5441600,18.803795
"622",19.33,19.4,19.040001,19.110001,5244000,18.560978
"623",18.950001,19.26,18.92,19.08,5121100,18.678452
"624",19.110001,19.25,19.030001,19.190001,3737200,18.786137
"625",19.15,19.209999,19.01,19.17,3847100,18.766558
"626",19.25,19.370001,19.129999,19.219999,4153700,18.815505
"627",19.24,19.309999,19.030001,19.280001,4893600,18.874243
"628",19.33,19.68,19.299999,19.6,5840600,19.187508
"629",19.6,19.74,19.58,19.68,4053600,19.265825
"630",19.690001,19.74,19.379999,19.629999,4302900,19.216876
"631",19.59,19.639999,19.469999,19.559999,3677700,19.148349
"632",19.549999,19.85,19.530001,19.709999,3942600,19.295192
"633",19.74,19.91,19.639999,19.709999,2570900,19.295192
"634",19.74,19.9,19.52,19.6,2785100,19.187508
"635",19.52,19.85,19.52,19.65,4137000,19.236455
"636",19.67,19.74,19.620001,19.700001,3093400,19.285404
"637",19.76,19.85,19.610001,19.790001,3149800,19.37351
"638",19.76,19.76,19.559999,19.6,2907100,19.187508
"639",19.68,19.76,19.6,19.700001,2999600,19.285404
"640",19.629999,19.719999,19.309999,19.469999,4983200,19.060243
"641",19.459999,19.59,19.32,19.58,1367800,19.167929
"642",19.559999,19.59,19.25,19.290001,1841300,18.884033
"643",19.35,19.43,19.17,19.370001,2173500,18.962349
"644",19.26,19.379999,19.15,19.18,1831100,18.776347
"645",19.110001,19.450001,19.08,19.4,2916100,18.991717
"646",19.709999,19.99,19.610001,19.98,3407100,19.55951
"647",19.92,20.5,19.83,20.35,5739000,19.921724
"648",20.33,20.440001,20.15,20.34,4163200,19.911935
"649",20.219999,20.299999,20.030001,20.219999,3549500,19.794459
"650",20.25,20.389999,20.129999,20.32,4083200,19.892355
"651",20.309999,20.32,20.07,20.280001,4621300,19.853198
"652",20.360001,20.370001,20.110001,20.16,2591900,19.735722
"653",20.23,20.34,20.01,20.32,2802500,19.892355
"654",20.34,20.5,20.200001,20.450001,1825500,20.01962
"655",20.360001,20.440001,20.219999,20.41,1443400,19.980461
"656",20.33,20.530001,20.33,20.459999,1346800,20.029408
"657",20.51,21.440001,20.5,21.23,7872800,20.783203
"658",21.549999,22.1,21.530001,21.85,13498500,21.390156
"659",21.799999,22.17,21.76,22.15,5025300,21.683842
"660",22.08,22.360001,21.879999,22.27,4997100,21.801317
"661",22.24,22.41,22.139999,22.299999,2497400,21.830684
"662",22.309999,22.5,22.24,22.440001,2417900,21.967739
"663",22.450001,22.5,22.24,22.26,3656100,21.791527
"664",22.790001,22.860001,22.469999,22.5,7734000,22.026476
"665",22.459999,22.58,22.08,22.209999,6008600,21.742578
"666",22.15,22.42,22.08,22.120001,5957300,21.654474
"667",22.950001,23.040001,22.65,22.799999,8425500,22.320162
"668",22.5,23.120001,22.290001,22.83,6745400,22.349531
"669",22.9,23.15,22.879999,23.059999,3691200,22.57469
"670",23,23.459999,22.99,23.389999,4756100,22.897745
"671",23.440001,23.9,23.41,23.77,9338000,23.269749
"672",23.73,23.809999,23.58,23.780001,5680600,23.279539
"673",23.690001,23.76,23.469999,23.639999,2699600,23.142484
"674",23.709999,23.75,23.43,23.51,4220400,23.01522
"675",23.52,23.92,23.52,23.860001,4463500,23.357855
"676",23.860001,24.24,23.780001,24.219999,4730900,23.710277
"677",24.059999,24.219999,23.91,24.01,5145000,23.504698
"678",24.120001,24.309999,23.889999,24.129999,4787600,23.622171
"679",24.08,24.139999,23.51,23.559999,8058700,23.064167
"680",23.52,23.549999,23.1,23.4,5373500,22.907535
"681",23.5,23.93,23.42,23.799999,4261000,23.299116
"682",23.860001,23.91,23.23,23.26,7062700,22.770482
"683",22.41,22.68,21.790001,22.4,16213000,21.92858
"684",22.9,22.9,22.4,22.540001,6167100,22.114999
"685",22.59,22.879999,22.450001,22.67,5189900,22.242547
"686",22.65,23.370001,22.6,23.18,5702800,22.742931
"687",23.1,23.43,23.049999,23.209999,5092300,22.772364
"688",23.379999,23.58,23.110001,23.33,4067600,22.890102
"689",23.440001,23.690001,23.35,23.57,3684200,23.125577
"690",23.709999,24.120001,23.6,23.77,3954200,23.321806
"691",23.93,24.16,23.9,24,3701700,23.547469
"692",23.93,24.02,23.700001,23.790001,4024100,23.34143
"693",23.74,23.93,23.66,23.860001,2306400,23.41011
"694",23.85,24.309999,23.799999,24.209999,4764900,23.753509
"695",24.209999,24.459999,24.059999,24.360001,2894500,23.900682
"696",24.290001,24.49,24.15,24.41,5268600,23.949738
"697",24.16,24.34,23.940001,24.280001,2146400,23.82219
"698",24.33,24.459999,23.85,24.17,3779100,23.714264
"699",24.25,24.280001,24.059999,24.08,3519600,23.625961
"700",24,24.120001,23.870001,23.950001,2324200,23.498413
"701",24.02,24.16,23.93,24.129999,2182900,23.675017
"702",24.18,24.41,23.969999,24.040001,2779300,23.586716
"703",24.16,24.280001,24.059999,24.209999,2982000,23.753509
"704",24.08,24.23,23.91,24.18,2007300,23.724075
"705",24.219999,24.85,24.049999,24.82,5147700,24.352007
"706",24.76,24.82,24.309999,24.65,3346000,24.185213
"707",24.73,25.1,24.610001,24.75,4768500,24.283328
"708",24.719999,24.790001,24.18,24.459999,4083400,23.998795
"709",24.43,24.860001,24.389999,24.700001,4399100,24.234271
"710",24.33,24.469999,23.879999,24.030001,6022600,23.576904
"711",23.99,24.040001,23.41,23.77,4807900,23.321806
"712",23.77,23.879999,23.43,23.68,3500600,23.233503
"713",23.76,23.799999,23.469999,23.59,4606400,23.1452
"714",23.42,23.77,22.469999,23.75,4379400,23.302183
"715",23.709999,24,23.67,23.879999,2612000,23.429731
"716",23.85,23.879999,23.24,23.26,4584900,22.821422
"717",23.43,23.799999,23.389999,23.67,3939200,23.223692
"718",23.530001,23.610001,23.24,23.540001,3949400,23.096144
"719",23.58,23.66,23.370001,23.610001,2867200,23.164823
"720",23.74,24.200001,23.68,24.08,3798800,23.625961
"721",24.110001,24.34,23.709999,24.25,2446600,23.792755
"722",24.32,24.780001,24.309999,24.629999,3450400,24.165589
"723",24.66,24.98,24.65,24.82,3771900,24.352007
"724",24.879999,24.98,24.66,24.879999,3903800,24.410876
"725",24.889999,24.99,24.690001,24.719999,1942600,24.253893
"726",24.809999,24.84,24.450001,24.5,3258100,24.038041
"727",24.49,24.66,24.32,24.629999,2072400,24.165589
"728",24.52,24.620001,24.280001,24.370001,1857400,23.910493
"729",24.4,24.68,24.35,24.610001,2103000,24.145968
"730",24.799999,25.120001,24.73,24.93,2993300,24.459934
"731",23.93,24.23,23.389999,24.1,12720800,23.645584
"732",24.42,24.77,24.290001,24.6,5404600,24.136156
"733",24.610001,25.219999,24.549999,25.01,6107100,24.538425
"734",25.08,25.219999,24.82,24.879999,4765200,24.410876
"735",24.92,24.959999,24.59,24.75,5130800,24.283328
"736",24.639999,24.700001,24.48,24.6,3149200,24.136156
"737",24.68,25.17,24.68,24.93,8921100,24.459934
"738",24.879999,25.129999,24.799999,25.030001,9285700,24.558049
"739",25,25.16,24.85,24.879999,5284000,24.410876
"740",24.93,25.02,24.82,24.950001,3224500,24.479557
"741",24.969999,25.1,24.700001,24.76,3637000,24.293139
"742",24.84,25.42,24.84,25.26,6159400,24.783711
"743",25.360001,25.65,25.26,25.309999,4864800,24.832768
"744",25.08,25.209999,24.77,24.92,4743700,24.450122
"745",24.719999,24.93,24.540001,24.870001,1848500,24.401066
"746",25.059999,25.24,24.639999,24.860001,3022000,24.391254
"747",25.85,25.860001,25.110001,25.360001,6157300,24.931971
"748",25.42,25.76,25.209999,25.49,5618500,25.059776
"749",25.4,25.58,24.99,25,3613000,24.578047
"750",24.950001,25.02,24.48,24.84,4092800,24.420747
"751",24.75,25.309999,24.75,25.200001,4292300,24.774672
"752",25.1,25.15,24.690001,24.74,3401900,24.322435
"753",24.700001,24.879999,24.51,24.809999,2537500,24.391253
"754",25.200001,25.34,24.790001,25.049999,4174300,24.627202
"755",25.059999,25.629999,25.059999,25.450001,5572100,25.020452
"756",25.23,25.700001,25.139999,25.5,2833900,25.069608
"757",25.620001,25.85,25.42,25.42,3742200,24.990958
"758",25.4,25.790001,25.370001,25.709999,2340700,25.276062
"759",25.77,25.870001,25.389999,25.559999,2661900,25.128595
"760",25.73,25.860001,25.5,25.65,2984900,25.217076
"761",25.5,25.92,25.469999,25.879999,3941200,25.443193
"762",25.9,26,25.530001,25.530001,3133700,25.099102
"763",25.370001,25.610001,25.139999,25.219999,4325100,24.794333
"764",25.379999,25.440001,24.9,25.190001,4139400,24.76484
"765",25.040001,25.24,24.74,24.969999,2519800,24.548552
"766",25.27,25.42,25.030001,25.040001,2149700,24.617373
"767",25.16,25.26,25.02,25.139999,1994900,24.715683
"768",25.32,25.620001,25.209999,25.23,2250400,24.804164
"769",25.219999,25.75,25.07,25.68,4003800,25.24657
"770",25.790001,26.1,25.690001,26.049999,3248200,25.610324
"771",26.049999,26.5,25.93,26.33,4880800,25.885599
"772",26.18,26.370001,26,26.030001,2692800,25.590663
"773",26.16,26.360001,26.059999,26.32,2150300,25.875767
"774",26.459999,26.74,26.389999,26.57,2147600,26.121548
"775",26.73,26.73,26.26,26.32,3202500,25.875767
"776",26.450001,26.790001,26.379999,26.77,4756500,26.318173
"777",27,27.209999,26.870001,27.01,3965500,26.554122
"778",27,27.209999,26.940001,27.190001,1851500,26.731084
"779",27.190001,27.51,27.18,27.469999,3364600,27.006357
"780",27.379999,27.540001,27.17,27.200001,2631100,26.740916
"781",27.360001,27.43,26.969999,27.02,2869600,26.563953
"782",27.09,27.27,26.889999,26.950001,2736000,26.495135
"783",27.030001,27.110001,26.870001,27.07,1612300,26.613109
"784",27.040001,27.15,26.950001,27.049999,1439700,26.593446
"785",27.1,27.25,27.059999,27.15,1618800,26.691758
"786",27.209999,27.24,26.969999,27.07,1751200,26.613109
"787",27.049999,27.15,26.76,27.1,1900400,26.642603
"788",27,27.290001,26.870001,27.15,1605200,26.691758
"789",27.15,27.17,26.969999,27.030001,1633300,26.573785
"790",27.16,27.52,27.15,27.309999,3389100,26.849058
"791",27.33,27.66,27.08,27.620001,4252200,27.153827
"792",27.879999,28.559999,27.860001,28.459999,5807900,27.979648
"793",28.450001,28.58,27.860001,28.51,3498700,28.028805
"794",29.530001,29.85,29.27,29.690001,13381100,29.188889
"795",29.629999,30.74,29.549999,30.709999,10176800,30.191672
"796",30.52,30.93,30.17,30.6,4783900,30.08353
"797",30.77,31.01,30.6,30.77,9612800,30.25066
"798",30.83,31.41,30.639999,31.360001,3005900,30.830703
"799",31.24,31.49,31.129999,31.26,5057900,30.73239
"800",31.360001,31.969999,31.24,31.83,4559200,31.292769
"801",31.83,32.400002,31.74,31.799999,4613900,31.263275
"802",31.440001,31.59,31.040001,31.469999,4285400,30.938845
"803",31.370001,31.610001,31.35,31.440001,2986200,30.909352
"804",31.370001,31.98,31.370001,31.66,3835500,31.125638
"805",31.639999,32.099998,31.620001,31.83,3735000,31.292769
"806",31.860001,31.91,31.530001,31.530001,3221800,30.997833
"807",31.549999,31.719999,31.33,31.4,2905300,30.870026
"808",31.43,31.610001,31.25,31.48,2620300,30.948676
"809",30.85,30.889999,29.120001,29.17,11798700,28.677665
"810",28.92,29.41,28.719999,29.120001,5973500,28.62851
"811",29.01,29.16,28.440001,28.450001,6165500,28.017925
"812",28.450001,29.049999,28.32,28.91,5032400,28.470938
"813",28.99,29.030001,28.82,28.950001,3384000,28.510331
"814",29.18,29.27,28.65,28.84,6212400,28.402001
"815",28.84,29.530001,28.75,29.52,5356300,29.071674
"816",29.49,29.83,29.360001,29.76,4583500,29.308029
"817",29.790001,29.870001,28.969999,29.5,5897400,29.051977
"818",29.52,29.92,29.51,29.85,5348000,29.396662
"819",29.98,30.01,29.65,29.85,4458100,29.396662
"820",29.85,30.129999,29.700001,30.08,5340100,29.623169
"821",30.08,30.32,29.959999,30.200001,4043900,29.741347
"822",30.26,30.379999,30.030001,30.25,3146800,29.790587
"823",30.5,30.559999,30.17,30.299999,3751100,29.839827
"824",30.26,30.370001,30.16,30.27,3457800,29.810284
"825",30.299999,30.540001,29.92,30.43,3449800,29.967854
"826",30.49,30.49,30.02,30.42,4059500,29.958005
"827",30.469999,30.530001,30.27,30.32,4839900,29.859524
"828",30.25,30.35,29.610001,29.870001,3042900,29.416359
"829",29.889999,29.9,29.34,29.370001,4674300,28.923953
"830",29.5,29.620001,28.639999,28.67,8788800,28.234583
"831",28.68,28.73,28.26,28.540001,6588500,28.106558
"832",28.43,28.84,28.4,28.6,5637800,28.165646
"833",28.43,28.58,28.18,28.280001,5462300,27.850507
"834",28.209999,28.51,28.129999,28.5,4488000,28.067165
"835",28.32,28.809999,28.23,28.360001,4464300,27.929291
"836",28.23,28.41,28.030001,28.23,4443000,27.801265
"837",28.23,28.91,28.190001,28.84,4718100,28.402001
"838",29.120001,29.18,28.719999,28.73,4763700,28.293671
"839",28.700001,28.74,28.190001,28.299999,3942200,27.870201
"840",28.66,28.9,28.51,28.700001,4485500,28.264128
"841",28.879999,29.32,28.879999,29.299999,3145800,28.855014
"842",29.309999,29.780001,29.25,29.76,3152600,29.308029
"843",29.51,29.51,29.16,29.35,2315100,28.904256
"844",29.4,29.530001,29.190001,29.25,1967100,28.805774
"845",29.299999,29.58,29.18,29.559999,2053800,29.111066
"846",29.530001,29.889999,29.440001,29.77,2698200,29.317877
"847",29.75,29.75,28.049999,28.450001,9218600,28.017925
"848",28.389999,28.440001,27.91,28.190001,3752800,27.761873
"849",28.280001,28.9,28.16,28.889999,6532600,28.451241
"850",28.809999,29.040001,28.549999,28.639999,5251000,28.205038
"851",28.67,28.709999,28.299999,28.33,3046000,27.899746
"852",28.280001,28.35,28.059999,28.139999,3231600,27.712631
"853",28.24,28.59,28.219999,28.43,4185000,27.998228
"854",28.450001,28.85,28.35,28.540001,3648500,28.106558
"855",28.51,28.52,27.51,27.76,5246800,27.338403
"856",27.790001,27.870001,27.389999,27.67,4673600,27.24977
"857",27.690001,27.860001,27.549999,27.709999,4051200,27.289162
"858",27.860001,27.889999,27.33,27.57,3164200,27.151288
"859",27.610001,28.129999,27.549999,27.85,4690300,27.427037
"860",27.870001,28.08,27.690001,27.99,2888200,27.56491
"861",27.969999,28.01,27.48,27.559999,3944300,27.14144
"862",27.629999,28.049999,27.43,28,2730600,27.574758
"863",27.870001,28.030001,27.799999,27.92,2024300,27.495973
"864",27.889999,28.16,27.709999,28.059999,3233400,27.633847
"865",28.02,28.549999,27.940001,28.530001,6567900,28.09671
"866",28.200001,28.67,27.85,28.629999,4682700,28.19519
"867",28.709999,28.92,28.459999,28.77,5481300,28.333065
"868",30.01,30.219999,29.030001,29.42,9563300,28.973193
"869",29.360001,30.83,29.299999,30.780001,8734600,30.312539
"870",30.84,31.110001,30.75,30.91,5234800,30.440563
"871",31.059999,31.58,31.02,31.4,3361300,30.923121
"872",31.450001,31.85,31.07,31.82,3634300,31.336743
"873",31.780001,31.950001,31.549999,31.58,2675800,31.100388
"874",31.57,31.93,31.459999,31.690001,2693600,31.283013
"875",31.82,31.82,31.51,31.65,2269600,31.243526
"876",31.15,31.98,31.059999,31.690001,1619200,31.283013
"877",31.59,32.18,31.450001,31.959999,3158600,31.549544
"878",32.02,32.990002,32,32.84,5455000,32.418243
"879",32.68,33.5,32.509998,33.360001,7043100,32.931566
"880",33.290001,33.290001,32.380001,32.91,6599100,32.487344
"881",33.110001,33.98,33.110001,33.82,3832700,33.385657
"882",33.830002,34.150002,33.650002,33.790001,3639800,33.356044
"883",33.880001,34.080002,33.509998,33.970001,3755400,33.533732
"884",34.080002,34.380001,33.860001,33.93,3182000,33.494245
"885",33.790001,33.959999,33.32,33.59,3724300,33.158611
"886",33.75,33.75,33.029999,33.110001,3842600,32.684776
"887",33.360001,33.740002,33.220001,33.59,4244700,33.158611
"888",33.540001,33.639999,33.130001,33.16,3247900,32.734133
"889",33.32,33.919998,33.130001,33.900002,3744800,33.464631
"890",33.75,33.93,33.5,33.84,3485400,33.405401
"891",33.84,33.889999,33.189999,33.209999,5309300,32.783491
"892",33.470001,33.57,33.139999,33.34,1778000,32.911822
"893",33.279999,33.48,33.18,33.439999,598800,33.010536
"894",33.419998,33.630001,33.200001,33.299999,1394600,32.872335
"895",33.380001,33.560001,33.310001,33.470001,1046500,33.040154
"896",33.450001,33.639999,33.330002,33.580002,1215400,33.148741
"897",33.580002,33.889999,33.279999,33.459999,1367800,33.03028
"898",33.52,33.529999,33.09,33.169998,2001300,32.744003
"899",33.279999,33.669998,33.029999,33.419998,1519200,32.990793
"900",33.650002,33.73,33.18,33.200001,3024500,32.773621
"901",33.380001,33.619999,33.209999,33.310001,4331400,32.882209
"902",33.349998,34.380001,33.189999,33.919998,5028300,33.484371
"903",33.970001,34.919998,33.900002,34.599998,4758200,34.155638
"904",34.610001,34.900002,34.150002,34.84,5312800,34.392558
"905",34.650002,34.73,33.830002,33.900002,3133400,33.464631
"906",33.91,34.639999,33.91,34.470001,3135200,34.027311
"907",34.630001,34.790001,34.439999,34.779999,2325600,34.333327
"908",34.759998,35.740002,34.259998,35.040001,6105700,34.58999
"909",34.98,35.09,34.48,35.040001,2504900,34.58999
"910",35.43,35.48,34.919998,34.990002,4646600,34.540633
"911",35.169998,35.669998,35.07,35.580002,2203500,35.123056
"912",35.32,35.490002,35.119999,35.459999,2558400,35.004594
"913",35.209999,35.209999,34.59,34.77,4411400,34.323457
"914",34.900002,34.98,34.27,34.650002,3238300,34.204999
"915",34.799999,35.009998,34.459999,34.66,3083000,34.214869
"916",34.529999,34.73,34.150002,34.389999,3003200,33.948336
"917",34.52,34.610001,34.259998,34.490002,3770400,34.047054
"918",35.68,38.25,35.610001,37.400002,12040800,36.919682
"919",37.349998,37.790001,35.939999,36.02,6871100,35.557404
"920",36.259998,36.52,35.209999,35.470001,6792100,35.014468
"921",35.439999,35.860001,35.25,35.59,3978400,35.132926
"922",35.650002,35.970001,35.380001,35.700001,3298900,35.241514
"923",35.740002,36.299999,35.540001,36.09,3701600,35.626504
"924",36.09,36.619999,35.990002,36.5,3592100,36.031239
"925",36.450001,36.77,36.150002,36.759998,4236000,36.287898
"926",36.73,37.16,36.490002,36.889999,3858200,36.416229
"927",36.779999,37.619999,36.73,37.470001,3052500,36.988782
"928",37.470001,37.73,37.23,37.73,2406100,37.245442
"929",37.880001,38.529999,37.880001,38.34,3083500,37.847608
"930",38.25,38.41,37.939999,38.290001,3180000,37.798251
"931",38.310001,39.310001,38.310001,39.169998,3759000,38.666947
"932",39.299999,39.32,38.48,38.91,3838200,38.410287
"933",39,39.189999,38.509998,38.860001,2770500,38.36093
"934",39.02,39.540001,38.869999,38.93,3849900,38.430031
"935",38.959999,39.450001,38.889999,39.110001,2960900,38.682242
"936",39.049999,39.25,38.580002,38.91,3929700,38.484428
"937",38.919998,39.549999,38.900002,39.450001,3366300,39.018523
"938",39.049999,39.049999,38.299999,38.810001,4367500,38.385523
"939",39.240002,39.73,39.169998,39.599998,4431200,39.16688
"940",39.73,40.799999,39.630001,40.419998,5059600,39.977911
"941",40.419998,40.490002,40.02,40.169998,3237300,39.730646
"942",40.27,40.360001,39.919998,40.27,1959500,39.829554
"943",40.23,40.599998,39.91,40.189999,3023200,39.750427
"944",40.279999,40.389999,39.650002,39.740002,2914400,39.305352
"945",39.650002,40.48,39.619999,40.470001,2325700,40.027367
"946",40.5,40.799999,40.290001,40.470001,2348600,40.027367
"947",40.360001,41.5,40.360001,41.48,3978400,41.026319
"948",41.560001,41.91,41.439999,41.669998,3383600,41.21424
"949",41.75,42.380001,41.75,42.330002,3345200,41.867025
"950",42.400002,42.490002,41.580002,41.91,4495000,41.451616
"951",41.880001,42.34,41.5,42.290001,2027300,41.827461
"952",42.630001,42.860001,42.290001,42.369999,3904900,41.906584
"953",42.5,42.759998,42.119999,42.369999,1974400,41.906584
"954",42.389999,42.639999,42.16,42.43,2839500,41.965929
"955",42.540001,42.990002,42.189999,42.869999,3316100,42.401115
"956",42.82,42.970001,42.360001,42.869999,2391000,42.401115
"957",42.900002,43.450001,42.860001,43.150002,1985700,42.678056
"958",43.799999,44.220001,43.279999,44.009998,3312900,43.528646
"959",44.130001,44.240002,43.32,43.450001,4026500,42.974774
"960",43.470001,43.48,41.349998,41.439999,8327000,40.986756
"961",41.419998,42,41.360001,41.990002,5031400,41.530743
"962",42.16,42.279999,41.189999,41.220001,3629800,40.769164
"963",41.220001,41.73,40.919998,41.02,3285900,40.571351
"964",41.049999,41.740002,40.790001,41.59,4117700,41.135116
"965",41.66,42.439999,41.610001,42.290001,3413900,41.827461
"966",42.25,42.540001,41.240002,41.32,4584500,40.868069
"967",41.310001,42.049999,41.279999,41.669998,3036600,41.21424
"968",41.919998,42.400002,41.720001,42.380001,2679900,41.916477
"969",42.459999,42.830002,41.599998,42.439999,3230700,41.975818
"970",42.73,43.360001,42.060001,42.75,4069000,42.282429
"971",42.639999,42.950001,42.439999,42.650002,2070500,42.183524
"972",42.740002,43.110001,42.68,43.029999,3408400,42.559365
"973",43.200001,43.330002,42.810001,43.200001,2166500,42.727508
"974",43.169998,43.439999,43.099998,43.25,2375900,42.77696
"975",43.290001,43.290001,41.880001,42.5,4299900,42.035163
"976",42.540001,43,42.259998,42.43,2749700,41.965929
"977",42.68,42.869999,42.110001,42.52,3156500,42.054945
"978",42.360001,42.720001,41.75,41.799999,3043200,41.342819
"979",41.790001,42.099998,41.700001,41.970001,3409900,41.510961
"980",42.240002,42.5,41.639999,42.41,2629200,41.946148
"981",42.34,42.849998,42.119999,42.650002,2455900,42.183524
"982",40.529999,40.709999,38.310001,38.439999,10992300,38.019568
"983",38.560001,38.689999,38,38.25,5311600,37.831647
"984",38.360001,39.259998,38.310001,39.23,3890900,38.800928
"985",39.209999,39.77,38.91,39.16,4023800,38.731694
"986",39.099998,39.48,39.029999,39.43,2722400,38.998741
"987",39.68,39.849998,39.599998,39.830002,2865500,39.394368
"988",39.860001,40.5,39.860001,40.099998,2449800,39.661411
"989",40.049999,40.450001,39.82,40.150002,1957000,39.710868
"990",40.049999,40.630001,39.66,40.599998,2657800,40.155943
"991",40.790001,41.060001,40.490002,40.900002,2700500,40.452665
"992",40.68,41.060001,40.540001,40.970001,1677800,40.521899
"993",41,41.200001,40.5,40.639999,3190100,40.195506
"994",40.66,40.740002,39.720001,39.779999,2865500,39.344912
"995",39.709999,39.830002,38.669998,39.130001,4406700,38.702023
"996",39.34,39.810001,39.27,39.720001,2254900,39.28557
"997",40.009998,41.880001,39.970001,41.540001,6179700,41.085664
"998",41.459999,41.619999,40.73,40.75,4561500,40.377204
"999",42.380001,44,42.18,43.25,11088700,42.854333
"1000",42.689999,43.459999,42.330002,42.459999,4696800,42.07156
"1001",42.560001,43.470001,42.52,43.400002,2944500,43.002963
"1002",42.290001,43.630001,42.040001,42.080002,8088600,41.695039
"1003",42.150002,42.369999,41.349998,41.43,4945300,41.050984
"1004",41.529999,41.619999,40.700001,40.900002,5849800,40.525834
"1005",40.639999,40.810001,40,40.119999,5381400,39.752967
"1006",39.709999,39.75,37.380001,37.5,12264100,37.156937
"1007",36.799999,36.970001,35.509998,36.07,14592800,35.740018
"1008",36.049999,36.34,35.630001,36.09,6605800,35.759836
"1009",35.740002,35.900002,35.029999,35.169998,7890000,34.84825
"1010",35.16,35.5,35.049999,35.43,5927700,35.105874
"1011",35.450001,35.5,34.900002,35.150002,4037500,34.828437
"1012",35.18,35.5,35.110001,35.470001,3588400,35.145509
"1013",35.900002,36.290001,35.68,36.040001,7990700,35.710294
"1014",36.09,36.110001,35.779999,35.970001,5151000,35.640935
"1015",36.07,36.560001,35.93,36.439999,6385000,36.106632
"1016",36.400002,36.619999,36.18,36.27,2787700,35.938189
"1017",36.259998,36.52,35.91,36.029999,3371800,35.700383
"1018",35.93,36.459999,35.689999,36.380001,3110600,36.047184
"1019",36.43,37.049999,36.27,37.029999,4974000,36.691235
"1020",36.970001,37.450001,36.77,37.439999,3968700,37.097484
"1021",37.220001,37.560001,36.93,37.540001,4776400,37.196571
"1022",37.5,38.349998,37.470001,37.869999,5851400,37.523551
"1023",37.91,39.16,37.740002,38.959999,7285700,38.603579
"1024",39.099998,39.110001,38.279999,38.509998,3508400,38.157695
"1025",38.439999,39.110001,38.360001,39.02,4319800,38.663031
"1026",39.080002,39.32,39,39.240002,4143200,38.88102
"1027",39.32,39.48,38.75,38.810001,3704400,38.454954
"1028",38.48,39.290001,38.349998,39.130001,2583900,38.772026
"1029",38.860001,39.720001,38.860001,39.68,2563700,39.316993
"1030",39.799999,40.009998,39.59,39.849998,2681400,39.485436
"1031",39.919998,39.959999,39.18,39.259998,2803400,38.900834
"1032",39.419998,39.639999,39.049999,39.23,2054500,38.871109
"1033",39.25,39.48,38.849998,39.060001,1818700,38.702666
"1034",39,39.630001,38.919998,39.48,1710700,39.118822
"1035",39.380001,39.380001,38.619999,38.759998,2674800,38.405408
"1036",38.93,39.630001,38.84,39.540001,2109600,39.178275
"1037",39.5,39.75,39.25,39.290001,1800700,38.930562
"1038",39.200001,39.830002,39.049999,39.77,2569600,39.40617
"1039",38.939999,39.59,38.939999,39.540001,2294500,39.178275
"1040",40.939999,41.880001,40.310001,40.560001,7853500,40.188944
"1041",40.709999,41.080002,39.029999,39.169998,9335900,38.811657
"1042",39.25,39.279999,38.09,38.200001,7747500,37.850533
"1043",37.57,37.759998,37.099998,37.209999,32321100,36.869589
"1044",37.099998,37.560001,37,37.049999,11397600,36.711053
"1045",37.200001,37.470001,37.009998,37.240002,6145600,36.899317
"1046",37.209999,37.349998,36.689999,36.740002,6114300,36.403891
"1047",36.509998,37.200001,36.459999,37.130001,5467900,36.790322
"1048",37.189999,37.290001,36.119999,36.389999,4984500,36.057091
"1049",36.860001,36.91,36.310001,36.869999,4852200,36.532699
"1050",37.02,37.439999,36.900002,37.310001,3741100,36.968676
"1051",37.299999,37.419998,37.119999,37.369999,3315200,37.028125
"1052",37.450001,37.700001,37.32,37.66,3478000,37.315473
"1053",37.75,37.799999,37.459999,37.59,2442600,37.246113
"1054",37.630001,37.799999,37.209999,37.389999,2830200,37.047942
"1055",37.669998,37.669998,37.220001,37.32,2353500,36.978583
"1056",37.43,37.869999,37.41,37.560001,3883300,37.216389
"1057",37.73,37.73,37.23,37.419998,2711600,37.077667
"1058",37.810001,37.810001,37.41,37.450001,2636400,37.107395
"1059",37.59,37.639999,36.84,37.02,2665500,36.681328
"1060",37.32,37.459999,37.150002,37.459999,2144800,37.117302
"1061",37.549999,37.549999,36.799999,37.220001,3634200,36.879499
"1062",37.25,37.900002,36.880001,37.709999,4977300,37.44046
"1063",37.700001,38.200001,37.48,38.040001,5076000,37.768104
"1064",38.029999,38.110001,37.82,38.060001,3121700,37.787961
"1065",38.139999,38.389999,38,38.369999,3124000,38.095743
"1066",38.369999,38.389999,37.720001,37.790001,3816500,37.51989
"1067",37.779999,38.09,37.299999,37.389999,3330100,37.122748
"1068",37.400002,37.91,37.220001,37.889999,2336400,37.619174
"1069",37.880001,38.57,37.799999,38.32,3473100,38.046101
"1070",38.220001,38.27,38.029999,38.23,2903800,37.956744
"1071",38.470001,38.900002,38.310001,38.82,3904700,38.542527
"1072",38.610001,38.93,38.439999,38.810001,2995000,38.5326
"1073",38.880001,38.889999,38.119999,38.259998,4142100,37.986528
"1074",38.240002,38.41,38.009998,38.299999,3653200,38.026243
"1075",38.32,39.150002,38.18,39.080002,2680400,38.800671
"1076",39.09,39.09,38.18,38.43,4157500,38.155315
"1077",38.650002,38.860001,38.330002,38.779999,2952600,38.502812
"1078",38.959999,39.009998,38.5,38.509998,3845500,38.234742
"1079",38.439999,38.439999,37.73,37.869999,2927500,37.599317
"1080",37.700001,38.119999,37.139999,37.23,4705300,36.963892
"1081",37.279999,38.400002,37.16,38.240002,4175500,37.966675
"1082",37.990002,38.110001,37.529999,37.779999,3065300,37.50996
"1083",37.970001,38.189999,37.580002,37.740002,2267800,37.470249
"1084",37.529999,38.98,37.41,38.849998,3940500,38.572312
"1085",38.93,39.869999,38.830002,39.369999,6447200,39.088595
"1086",39.82,40.09,39.389999,39.990002,7032500,39.704166
"1087",39.939999,41.169998,39.939999,40.830002,7754900,40.538162
"1088",41.130001,41.84,41.07,41.700001,7494500,41.401943
"1089",41.900002,42,41.07,41.52,4371900,41.223229
"1090",41.43,41.59,41.040001,41.049999,3954700,40.756587
"1091",41.080002,41.549999,40.75,41.52,4564600,41.223229
"1092",41.509998,42.099998,40.830002,40.959999,3822300,40.667231
"1093",40.860001,41.310001,40.369999,40.419998,2934400,40.131089
"1094",40.349998,40.59,39.240002,39.34,5566600,39.058811
"1095",39.529999,39.849998,38.970001,39.52,4825500,39.237525
"1096",39.119999,39.419998,37.75,38.849998,5776400,38.572312
"1097",38.009998,38.459999,37.02,37.119999,7283600,36.854677
"1098",37.68,38.310001,37.349998,37.560001,5635200,37.291535
"1099",37.57,38.400002,37.560001,38.349998,2690900,38.075885
"1100",38.610001,39.18,38.610001,39.009998,3444600,38.731168
"1101",38.919998,39.139999,38.43,38.549999,3430500,38.274457
"1102",38.849998,38.970001,38.23,38.32,3109400,38.046101
"1103",38.369999,38.799999,38.23,38.740002,2127500,38.463101
"1104",38.709999,39.029999,38.310001,38.799999,2369400,38.52267
"1105",39.049999,39.57,38.880001,39.360001,2455300,39.078668
"1106",39.25,39.52,38.57,38.959999,2196300,38.681526
"1107",39.189999,39.950001,38.900002,39.619999,3143800,39.336808
"1108",39.959999,40.369999,39.810001,40.349998,2698100,40.06159
"1109",40.349998,40.970001,40.349998,40.830002,3082000,40.538162
"1110",40.82,41.34,40.75,41.029999,2969300,40.73673
"1111",41.52,42,41.25,41.459999,2728900,41.163657
"1112",41.5,41.779999,41.200001,41.529999,2512200,41.233156
"1113",41.5,41.57,40.509998,41.110001,3452100,40.81616
"1114",41.27,41.490002,40.52,40.740002,3282400,40.448806
"1115",40.82,41.240002,40.5,40.650002,3075100,40.359449
"1116",40.549999,40.580002,39.619999,39.869999,4223500,39.585021
"1117",40.310001,41.360001,40.259998,41.18,4567500,40.885659
"1118",41.18,41.240002,40.32,40.66,3990600,40.369376
"1119",42.349998,43.080002,41.509998,43.029999,9030300,42.722435
"1120",43,43.349998,42.169998,42.650002,7350100,42.345153
"1121",42.700001,43.240002,42.490002,43.18,5301500,42.871364
"1122",43,43.369999,42.540001,42.560001,5763200,42.255797
"1123",43.080002,43.130001,41.970001,42.259998,5417900,41.957938
"1124",42.25,42.25,41.16,41.25,7467000,40.955159
"1125",41.25,41.740002,41.220001,41.41,5874200,41.114015
"1126",41.580002,42.18,41.529999,42.07,2812400,41.870407
"1127",42.200001,42.560001,42.099998,42.34,1644900,42.139127
"1128",42.139999,42.529999,41.080002,41.310001,4525600,41.114015
"1129",40.849998,41.360001,40.330002,41.200001,7635700,41.004536
"1130",41.259998,41.560001,40.310001,41.5,6303700,41.303112
"1131",41.549999,41.740002,40.560001,40.700001,5138400,40.506908
"1132",41.07,42.310001,40.990002,41.650002,7741000,41.452402
"1133",41.450001,41.889999,41.009998,41.310001,4077500,41.114015
"1134",41.049999,41.599998,40.889999,41.200001,5812000,41.004536
"1135",41.220001,41.310001,40.389999,40.610001,6769100,40.417335
"1136",40.869999,42.290001,40.779999,41.73,5675300,41.53202
"1137",41.310001,41.860001,40.790001,40.799999,5557800,40.606432
"1138",40.98,41.52,40.59,41.220001,5985500,41.024442
"1139",40.98,41.150002,39.560001,39.59,6277500,39.402174
"1140",39.669998,39.900002,39.07,39.459999,5994400,39.272789
"1141",39.889999,39.950001,38.25,39.720001,9242700,39.531558
"1142",39.669998,40.490002,39.470001,40.220001,6447400,40.029186
"1143",40.32,41,40.18,40.990002,4070100,40.795533
"1144",41.18,41.759998,41.09,41.23,4159300,41.034392
"1145",41.27,41.360001,40.27,40.330002,1509200,40.138665
"1146",40.380001,40.549999,40.139999,40.18,1561300,39.989375
"1147",40.099998,40.330002,39.369999,40.23,3698200,40.039137
"1148",40.25,40.830002,39.75,40.43,2614100,40.238189
"1149",40.459999,40.830002,40.060001,40.09,2392100,39.899802
"1150",40.09,40.52,39.599998,39.950001,3225300,39.760466
"1151",39.75,40.209999,38.990002,39.029999,3809800,38.844829
"1152",38.959999,39.700001,38.889999,39.259998,4562600,39.073737
"1153",39.599998,40.330002,39.470001,39.740002,3600100,39.551464
"1154",40.02,41.209999,39.939999,41.200001,5632800,41.004536
"1155",41.209999,41.27,40.099998,40.349998,3423100,40.158566
"1156",40.349998,40.389999,39,39.099998,4069700,38.914497
"1157",39.110001,39.23,38.389999,38.849998,6462100,38.665683
"1158",38.52,39.919998,38.48,39.849998,6969700,39.660938
"1159",39.849998,40.43,39.540001,40.09,6791500,39.899802
"1160",40.099998,40.400002,39.48,40.360001,3809500,40.168521
"1161",40.57,40.75,40.029999,40.310001,4750600,40.118759
"1162",40.09,40.779999,39.970001,40.709999,3787300,40.516859
"1163",40.959999,41.200001,40.48,41.099998,4349500,40.905008
"1164",41,41.52,40.900002,41.27,3612300,41.074204
"1165",41.27,41.549999,40.799999,41.310001,3614600,41.114015
"1166",41.07,41.200001,40.509998,41.060001,3786200,40.865201
"1167",41.200001,41.200001,40.130001,40.18,4258000,39.989375
"1168",40.169998,40.27,39.470001,40.209999,5868300,40.019231
"1169",41.490002,42,38.889999,39.040001,10232900,38.854784
"1170",39.040001,39.599998,38.509998,39.57,5855600,39.382268
"1171",39.73,39.810001,38.77,38.869999,7087500,38.685588
"1172",38.869999,39.619999,38.860001,39.25,4730100,39.063787
"1173",39.310001,40.040001,39.310001,40.02,3310500,39.830134
"1174",40.099998,40.27,39.599998,39.759998,3071900,39.571365
"1175",39.540001,39.91,39.43,39.77,2916200,39.58132
"1176",40,40.790001,39.849998,40.709999,3503700,40.516859
"1177",40.709999,40.880001,40.049999,40.23,2928400,40.039137
"1178",40.200001,40.82,40.049999,40.790001,3410600,40.596481
"1179",40.740002,41.150002,40.52,40.700001,3519600,40.506908
"1180",40.669998,41,40.240002,40.630001,2637000,40.437241
"1181",40.810001,41.119999,40.349998,41.119999,2756000,40.924914
"1182",41.27,41.540001,40.900002,41.34,3581800,41.143871
"1183",41.240002,41.700001,40.799999,41.669998,4044000,41.472304
"1184",41.68,41.82,41.32,41.470001,2660500,41.273255
"1185",41.439999,41.540001,41,41.5,2613600,41.303112
"1186",41.389999,41.439999,41.07,41.299999,1981400,41.203347
"1187",41.330002,41.490002,40.689999,40.869999,2492600,40.774353
"1188",40.990002,41.75,40.880001,41.310001,2928600,41.213325
"1189",41.310001,42.25,41.16,42.169998,3581200,42.07131
"1190",42.16,42.41,41.740002,42.389999,3404400,42.290796
"1191",42.349998,42.380001,41.23,41.400002,4520000,41.303115
"1192",41.25,41.450001,40.400002,40.560001,3970400,40.465081
"1193",40.330002,41.080002,40.27,40.66,4271400,40.564845
"1194",40.860001,40.869999,40.349998,40.439999,2720400,40.345359
"1195",40.02,40.080002,39.549999,39.779999,4173400,39.686903
"1196",39.779999,39.779999,37.349998,37.549999,16163300,37.462123
"1197",37.799999,38.25,37.369999,37.560001,6549600,37.472101
"1198",37.419998,37.509998,37.099998,37.419998,4080200,37.332426
"1199",37.580002,38.18,37.470001,38.09,5180600,38.00086
"1200",38.099998,38.810001,38.09,38.709999,4179300,38.619408
"1201",38.689999,39.740002,38.330002,39.599998,5289200,39.507324
"1202",39.509998,40.169998,39.470001,39.830002,3903500,39.736789
"1203",40.099998,40.610001,39.889999,40.220001,4763200,40.125876
"1204",40.02,40.740002,39.689999,39.799999,5645000,39.706857
"1205",39.759998,39.799999,38.349998,38.700001,10066000,38.609433
"1206",39.009998,39.130001,38.290001,38.299999,4169300,38.210367
"1207",38.060001,38.32,37.689999,38.16,3744800,38.070696
"1208",38.150002,38.349998,38,38.16,2821000,38.070696
"1209",38.25,38.610001,37.939999,38.5,3993600,38.4099
"1210",38.400002,38.66,38.099998,38.299999,4619200,38.210367
"1211",38.150002,38.52,37.740002,38.400002,4780000,38.310136
"1212",38.299999,39.209999,38.259998,38.630001,3503000,38.539597
"1213",38.490002,39.049999,38.349998,38.91,2330600,38.81894
"1214",39.029999,39.310001,38.900002,39.060001,2948300,38.968591
"1215",39,39.130001,38.5,38.650002,3084700,38.559551
"1216",38.759998,38.77,38.360001,38.669998,5364500,38.5795
"1217",38.66,39.470001,38.619999,39.380001,2892300,39.287842
"1218",39.279999,39.779999,39.200001,39.220001,2388900,39.128216
"1219",39.040001,39.950001,38.939999,39.900002,2646300,39.806625
"1220",39.939999,40,39.549999,39.59,2553400,39.497349
"1221",39.580002,39.849998,39.279999,39.330002,2479600,39.23796
"1222",39.029999,39.279999,38.790001,39.029999,2183900,38.938659
"1223",39.119999,39.25,38.48,38.490002,3349400,38.399925
"1224",38.209999,38.380001,37.240002,38.110001,6741700,38.020813
"1225",38.400002,38.400002,37.529999,38.18,3900000,38.090649
"1226",38.09,38.540001,37.880001,38.290001,2652000,38.200392
"1227",38.330002,38.849998,38.259998,38.650002,3178800,38.559551
"1228",38.810001,39.099998,38.77,38.900002,2876800,38.808966
"1229",39.009998,39.43,38.75,39.310001,3229700,39.218006
"1230",39.299999,39.41,39,39.209999,3179100,39.118238
"1231",39.200001,39.689999,39.049999,39.5,4747500,39.40756
"1232",39.560001,40.52,39.34,40.490002,5772300,40.395245
"1233",40.75,41.709999,40.669998,41.09,7609200,40.993839
"1234",41.060001,41.450001,40.66,40.669998,5349300,40.57482
"1235",40.509998,40.799999,40.02,40.349998,4184300,40.255569
"1236",40.349998,40.599998,40,40.389999,2455800,40.295476
"1237",40.77,41.34,40.689999,41.259998,4689200,41.163439
"1238",41.25,41.57,41.110001,41.369999,2666900,41.273182
"1239",41,41.029999,40.369999,40.919998,4426100,40.824235
"1240",40.959999,41.450001,40.950001,41.119999,3575800,41.023768
"1241",41.41,41.93,41.400002,41.720001,3328300,41.622366
"1242",41.700001,42.360001,41.5,42.110001,3481400,42.011452
"1243",41.84,42.470001,41.799999,42.189999,3436900,42.091263
"1244",42.240002,43.27,42.23,42.959999,5162500,42.859462
"1245",43,43.759998,42.970001,43.419998,5470700,43.318384
"1246",43.509998,43.799999,43.119999,43.490002,4401700,43.388224
"1247",43.490002,43.709999,42.919998,42.950001,2589800,42.849487
"1248",42.950001,43.209999,42.66,43.139999,3169400,43.039041
"1249",43.16,43.389999,42.57,42.73,3978500,42.63
"1250",42.619999,42.650002,42.07,42.349998,3631200,42.349998
"1251",42.43,42.73,42.299999,42.450001,3456600,42.450001
"1252",42.529999,42.75,41.860001,42.220001,2398700,42.220001
"1253",42.23,42.310001,41.68,42.27,2769800,42.27
"1254",42.290001,42.450001,41.740002,41.759998,3112900,41.759998
"1255",41.759998,42.049999,41.279999,41.360001,2719500,41.360001
"1256",41.299999,41.360001,40.799999,40.939999,2629200,40.939999
"1257",40.990002,41.220001,40.720001,40.73,2890900,40.73
"1258",40.799999,41.560001,40.709999,41.16,3736200,41.16
"1259",41.200001,41.450001,40.91,41.400002,3320600,41.400002
